-- --------------------------------------------------------
-- Host:                         127.0.0.1
-- Server version:               10.4.8-MariaDB - mariadb.org binary distribution
-- Server OS:                    Win64
-- HeidiSQL Version:             10.2.0.5599
-- --------------------------------------------------------

/*!40101 SET @OLD_CHARACTER_SET_CLIENT=@@CHARACTER_SET_CLIENT */;
/*!40101 SET NAMES utf8 */;
/*!50503 SET NAMES utf8mb4 */;
/*!40014 SET @OLD_FOREIGN_KEY_CHECKS=@@FOREIGN_KEY_CHECKS, FOREIGN_KEY_CHECKS=0 */;
/*!40101 SET @OLD_SQL_MODE=@@SQL_MODE, SQL_MODE='NO_AUTO_VALUE_ON_ZERO' */;


-- Dumping database structure for burritobrothers_db
CREATE DATABASE IF NOT EXISTS `burritobrothers_db` /*!40100 DEFAULT CHARACTER SET utf8 COLLATE utf8_unicode_ci */;
USE `burritobrothers_db`;

-- Dumping structure for table burritobrothers_db.appuser
CREATE TABLE IF NOT EXISTS `appuser` (
  `user_id` varchar(12) NOT NULL DEFAULT '',
  `user_name` varchar(50) NOT NULL DEFAULT '',
  `user_password` varchar(40) DEFAULT NULL,
  `user_level` varchar(10) NOT NULL DEFAULT 'General' COMMENT 'Admin,Developer,General',
  `login_status` tinyint(4) DEFAULT 0 COMMENT '1=login; 0=not login;',
  `is_active` int(1) NOT NULL DEFAULT 1 COMMENT '1=Active,0=Blocked',
  `modified_by` varchar(20) DEFAULT NULL,
  `modified_time` datetime DEFAULT NULL,
  `created_by` varchar(20) DEFAULT NULL,
  `created_at` timestamp NULL DEFAULT current_timestamp() ON UPDATE current_timestamp(),
  PRIMARY KEY (`user_id`),
  KEY `con_user_created_by_fk` (`created_by`),
  KEY `con_user_modified_by_fk` (`modified_by`),
  CONSTRAINT `con_user_created_by_fk` FOREIGN KEY (`created_by`) REFERENCES `user_infos` (`emp_id`),
  CONSTRAINT `con_user_modified_by_fk` FOREIGN KEY (`modified_by`) REFERENCES `user_infos` (`emp_id`),
  CONSTRAINT `user_id_fk` FOREIGN KEY (`user_id`) REFERENCES `user_infos` (`emp_id`)
) ENGINE=InnoDB DEFAULT CHARSET=utf8;

-- Dumping data for table burritobrothers_db.appuser: ~5 rows (approximately)
/*!40000 ALTER TABLE `appuser` DISABLE KEYS */;
INSERT INTO `appuser` (`user_id`, `user_name`, `user_password`, `user_level`, `login_status`, `is_active`, `modified_by`, `modified_time`, `created_by`, `created_at`) VALUES
	('1000001', 'admin', 'e10adc3949ba59abbe56e057f20f883e', 'ROLE_USER', 0, 1, NULL, NULL, '1000001', '2020-02-04 17:50:03'),
	('1000002', 'kajol', 'e10adc3949ba59abbe56e057f20f883e', 'General', 0, 1, NULL, NULL, '1000002', '2020-02-04 17:50:03'),
	('1000003', 'jahed', 'e10adc3949ba59abbe56e057f20f883e', 'General', 0, 0, NULL, NULL, '1000001', '2020-02-04 17:50:03'),
	('1000004', 'biplob', 'e10adc3949ba59abbe56e057f20f883e', 'General', 0, 1, NULL, NULL, '1000002', '2020-02-04 17:50:03'),
	('1000005', 'No one', 'e10adc3949ba59abbe56e057f20f883e', 'General', 0, 1, NULL, NULL, '1000001', '2020-02-04 17:50:03');
/*!40000 ALTER TABLE `appuser` ENABLE KEYS */;

-- Dumping structure for table burritobrothers_db.banner_image
CREATE TABLE IF NOT EXISTS `banner_image` (
  `id` int(11) NOT NULL AUTO_INCREMENT,
  `title` varchar(255) NOT NULL,
  `text` text DEFAULT NULL,
  `photo` varchar(200) DEFAULT NULL,
  `status` tinyint(1) DEFAULT 1 COMMENT '1:active, 2 in-active',
  PRIMARY KEY (`id`)
) ENGINE=InnoDB AUTO_INCREMENT=40 DEFAULT CHARSET=latin1;

-- Dumping data for table burritobrothers_db.banner_image: ~5 rows (approximately)
/*!40000 ALTER TABLE `banner_image` DISABLE KEYS */;
INSERT INTO `banner_image` (`id`, `title`, `text`, `photo`, `status`) VALUES
	(29, 'Banner3', 'Savory/Pastry/Cake/Coffee/Cookies/Bread', 'images/banner/3.jpg', 1),
	(36, 'banner4', 'Brownie', 'images/banner/8.jpg', 1),
	(37, 'Banner2', 'Makeup kit', 'images/banner/Mac Structured Cake.jpg', 1),
	(38, 'sdfaswe', 'sdfgh', '/images/banner/1574791806moumit.jpg', 1),
	(39, 'sdfas', 'dsfg', '/images/banner/1574793260moumit.jpg', 1);
/*!40000 ALTER TABLE `banner_image` ENABLE KEYS */;

-- Dumping structure for table burritobrothers_db.btr_sellercats
CREATE TABLE IF NOT EXISTS `btr_sellercats` (
  `id` bigint(11) NOT NULL AUTO_INCREMENT,
  `dbid` bigint(11) NOT NULL,
  `menuid` bigint(21) NOT NULL DEFAULT 0,
  `name` varchar(150) NOT NULL,
  `description` text NOT NULL,
  `when_active` varchar(100) NOT NULL DEFAULT 'sunday,monday,tuesday,wednesday,thursday,friday,saturday',
  `start` time NOT NULL DEFAULT '00:00:00',
  `end` time NOT NULL DEFAULT '24:00:00',
  `catitems` varchar(255) NOT NULL,
  PRIMARY KEY (`id`)
) ENGINE=MyISAM AUTO_INCREMENT=47 DEFAULT CHARSET=latin1;

-- Dumping data for table burritobrothers_db.btr_sellercats: 42 rows
/*!40000 ALTER TABLE `btr_sellercats` DISABLE KEYS */;
INSERT INTO `btr_sellercats` (`id`, `dbid`, `menuid`, `name`, `description`, `when_active`, `start`, `end`, `catitems`) VALUES
	(1, 1, 2, 'burittos', '', 'sunday,monday,tuesday,wednesday,thursday,friday,saturday,', '00:00:00', '23:59:00', ',1,2,3,4'),
	(14, 1, 2, 'tacos', '', 'sunday,monday,tuesday,wednesday,thursday,friday,saturday,', '00:00:00', '23:59:00', ',6,7,8'),
	(3, 1, 2, 'quesadillas	', '', 'sunday,monday,tuesday,wednesday,thursday,friday,saturday,', '00:00:00', '23:59:00', ',9,10,11,12,13,14'),
	(4, 1, 2, 'fajitas	', '', 'sunday,monday,tuesday,wednesday,thursday,friday,saturday,', '08:00:00', '20:45:00', ',15'),
	(5, 1, 2, 'platters	', '', 'sunday,monday,tuesday,wednesday,thursday,friday,saturday,', '08:00:00', '20:45:00', ',16'),
	(6, 1, 2, 'beverages	', '', 'sunday,monday,tuesday,wednesday,thursday,friday,saturday,', '08:00:00', '20:45:00', '37,36,38,39,40,41,42,43,44,45,208'),
	(7, 1, 2, 'nachos	', '', 'sunday,monday,tuesday,wednesday,thursday,friday,saturday,', '08:00:00', '20:45:00', ''),
	(8, 1, 2, 'bowl	', '', 'sunday,monday,tuesday,wednesday,thursday,friday,saturday,', '08:00:00', '20:45:00', ''),
	(10, 1, 2, 'breakfast combos	', '', 'sunday,monday,tuesday,wednesday,thursday,friday,saturday,', '08:00:00', '20:45:00', ''),
	(11, 1, 2, 'combo meals	', '', 'sunday,monday,tuesday,wednesday,thursday,friday,saturday,', '08:00:00', '20:45:00', ''),
	(12, 1, 2, 'side orders	', '', 'sunday,monday,tuesday,wednesday,thursday,friday,saturday,', '08:00:00', '20:45:00', ''),
	(13, 1, 2, 'omelets	', '', 'sunday,monday,tuesday,wednesday,thursday,friday,saturday,', '08:00:00', '20:45:00', ''),
	(15, 1, 1, 'burritos', '', 'sunday,monday,tuesday,wednesday,thursday,friday,saturday,', '00:00:00', '23:59:00', '1,3,4,5,7,8,9,10,11,12'),
	(16, 1, 1, 'tacos', '', 'sunday,monday,tuesday,wednesday,thursday,friday,saturday,', '00:00:00', '23:59:00', '13,14,15'),
	(17, 1, 1, 'quesadillas', '', 'sunday,monday,tuesday,wednesday,thursday,friday,saturday,', '00:00:00', '23:59:00', '16,17,18,19,20,21'),
	(18, 1, 1, 'fajitas', '', 'sunday,monday,tuesday,wednesday,thursday,friday,saturday,', '00:00:00', '23:59:00', '22'),
	(19, 1, 1, 'platters', '', 'sunday,monday,tuesday,wednesday,thursday,friday,saturday,', '00:00:00', '23:59:00', '23,24,25,26,27,28,29,30,31,32,33,34,35'),
	(21, 1, 1, 'nachos (meat or cheese)', '', 'sunday,monday,tuesday,wednesday,thursday,friday,saturday,', '00:00:00', '23:59:00', '46'),
	(22, 1, 1, 'bowl', '', 'sunday,monday,tuesday,wednesday,thursday,friday,saturday,', '00:00:00', '23:59:00', '47'),
	(23, 1, 1, 'breakfast combos', 'Served with a small coffee or tea.', 'sunday,monday,tuesday,wednesday,thursday,friday,saturday,', '00:00:00', '23:59:00', '50,49,51,52,53'),
	(24, 1, 1, 'combo meals', '', 'sunday,monday,tuesday,wednesday,thursday,friday,saturday,', '00:00:00', '23:59:00', '54,55,56,57,58,59,60,61,62,63'),
	(25, 1, 1, 'side orders', '', 'sunday,monday,tuesday,wednesday,thursday,friday,saturday,', '00:00:00', '23:59:00', '64,65,66,67,68,69,70,71'),
	(26, 1, 1, 'omelets', '', 'sunday,monday,tuesday,wednesday,thursday,friday,saturday,', '00:00:00', '23:59:00', '72,73,74,75'),
	(27, 1, 2, 'platters breakfast	', '', 'sunday,monday,tuesday,wednesday,thursday,friday,saturday,', '00:00:00', '23:59:00', '76,77,78,79,80,81,82,83'),
	(29, 1, 2, 'breakfast side orders', '', 'sunday,monday,tuesday,wednesday,thursday,friday,saturday,', '00:00:00', '23:59:00', '89,90,91,92,93'),
	(30, 1, 3, 'beverages	', '', 'sunday,monday,tuesday,wednesday,thursday,friday,saturday,', '00:00:00', '23:59:00', '43,44,94,95,96,97,98,99,100,101,102,103,104'),
	(31, 1, 3, 'smoothies', '', 'sunday,monday,tuesday,wednesday,thursday,friday,saturday,', '00:00:00', '23:59:00', '105,106'),
	(32, 1, 3, 'breakfast', '', 'sunday,monday,tuesday,wednesday,thursday,friday,saturday,', '00:00:00', '20:30:00', '107,108,109,110,111,112,113,114,115,201,202,204,206'),
	(33, 1, 3, 'breakfast platters', '', 'sunday,monday,tuesday,wednesday,thursday,friday,saturday,', '00:00:00', '23:59:00', '116,117,118,119,203'),
	(34, 1, 3, 'omelets', '', 'sunday,monday,tuesday,wednesday,thursday,friday,saturday,', '00:00:00', '23:59:00', '120,121,122,123,124,125,134'),
	(35, 1, 3, 'breakfast combos', '', 'sunday,monday,tuesday,wednesday,thursday,friday,saturday,', '00:00:00', '23:59:00', ','),
	(36, 1, 3, 'breakfast sides', '', 'sunday,monday,tuesday,wednesday,thursday,friday,saturday,', '00:00:00', '23:59:00', '131,132,133'),
	(37, 1, 3, 'make your own', '', 'sunday,monday,tuesday,wednesday,thursday,friday,saturday,', '00:00:00', '23:59:00', '134,135,136,205'),
	(38, 1, 3, 'burritos', '', 'sunday,monday,tuesday,wednesday,thursday,friday,saturday,', '00:00:00', '23:59:00', '137,138,140,141,'),
	(39, 1, 3, 'tacos', '', 'sunday,monday,tuesday,wednesday,thursday,friday,saturday,', '00:00:00', '23:59:00', '142,143,197,207'),
	(40, 1, 3, 'quesadillas and subs', '', 'sunday,monday,tuesday,wednesday,thursday,friday,saturday,', '00:00:00', '23:59:00', '145,146,147,148,149,199,200'),
	(41, 1, 3, 'tamales', '', 'sunday,monday,tuesday,wednesday,thursday,friday,saturday,', '00:00:00', '23:59:00', '150'),
	(42, 1, 3, 'pupusa', '', 'sunday,monday,tuesday,wednesday,thursday,friday,saturday,', '00:00:00', '23:59:00', '151,183'),
	(43, 1, 3, 'platters', '', 'sunday,monday,tuesday,wednesday,thursday,friday,saturday,', '00:00:00', '23:59:00', '152,153,154,155,156,157,158,159'),
	(44, 1, 3, 'nachos', '', 'sunday,monday,tuesday,wednesday,thursday,friday,saturday,', '00:00:00', '23:59:00', '160,161'),
	(45, 1, 3, 'side orders', '', 'sunday,monday,tuesday,wednesday,thursday,friday,saturday,', '00:00:00', '23:59:00', '163,164,165,166,167,168,169,170,171,185,186,187,188,189,191,198'),
	(46, 1, 3, 'lunch platters', 'Ends at 2 PM daily', 'sunday,monday,tuesday,wednesday,thursday,friday,saturday,', '00:00:00', '14:00:00', '172,173,174,175,176,177,178,179,180,181,182');
/*!40000 ALTER TABLE `btr_sellercats` ENABLE KEYS */;

-- Dumping structure for table burritobrothers_db.btr_selleritemprice
CREATE TABLE IF NOT EXISTS `btr_selleritemprice` (
  `id` bigint(21) NOT NULL AUTO_INCREMENT,
  `itemid` bigint(21) NOT NULL,
  `name` varchar(150) NOT NULL,
  `price` double(20,2) NOT NULL,
  PRIMARY KEY (`id`)
) ENGINE=MyISAM AUTO_INCREMENT=218 DEFAULT CHARSET=latin1;

-- Dumping data for table burritobrothers_db.btr_selleritemprice: 211 rows
/*!40000 ALTER TABLE `btr_selleritemprice` DISABLE KEYS */;
INSERT INTO `btr_selleritemprice` (`id`, `itemid`, `name`, `price`) VALUES
	(1, 1, '', 6.50),
	(2, 2, '', 0.00),
	(3, 3, '', 6.00),
	(4, 4, '', 5.50),
	(5, 5, '', 4.35),
	(6, 6, '', 4.35),
	(7, 7, '', 5.00),
	(8, 8, '', 5.50),
	(9, 9, '', 2.75),
	(10, 10, '', 3.25),
	(11, 11, '', 4.00),
	(12, 12, '', 3.50),
	(13, 13, '', 2.00),
	(14, 14, '', 3.25),
	(15, 15, '', 4.99),
	(16, 16, '', 2.65),
	(17, 17, '', 3.15),
	(18, 18, '', 3.50),
	(19, 19, '', 3.85),
	(20, 20, '', 5.75),
	(21, 21, '', 6.75),
	(22, 22, '', 4.00),
	(23, 23, '', 5.75),
	(24, 24, '', 7.75),
	(25, 25, '', 2.35),
	(26, 26, '', 6.75),
	(27, 27, '', 9.50),
	(28, 28, '', 5.25),
	(29, 29, '', 6.00),
	(30, 30, '', 9.50),
	(31, 31, '', 6.75),
	(32, 32, '', 8.50),
	(33, 33, '', 8.00),
	(34, 34, '', 9.00),
	(35, 35, '', 8.50),
	(36, 36, '', 6.00),
	(37, 37, '', 1.10),
	(38, 38, '', 6.00),
	(39, 39, '', 1.65),
	(40, 40, '', 2.50),
	(41, 41, '', 0.00),
	(42, 42, '', 2.65),
	(43, 43, '', 3.20),
	(44, 44, '', 3.75),
	(45, 45, '', 2.20),
	(46, 46, '', 4.00),
	(47, 47, '', 6.50),
	(57, 53, '', 6.75),
	(56, 52, '', 6.75),
	(55, 51, '', 6.00),
	(54, 50, '', 8.25),
	(53, 49, '', 6.00),
	(58, 54, '', 6.00),
	(59, 55, '', 6.00),
	(60, 56, '', 8.00),
	(61, 57, '', 7.00),
	(62, 58, '', 6.75),
	(63, 59, '', 6.50),
	(64, 60, '', 9.00),
	(65, 61, '', 10.00),
	(66, 62, '', 9.00),
	(67, 63, '', 9.00),
	(68, 64, '', 1.65),
	(69, 65, '', 1.45),
	(70, 66, '', 1.65),
	(71, 67, '', 4.00),
	(72, 68, '', 2.00),
	(73, 69, '', 3.00),
	(74, 70, '', 3.00),
	(75, 71, '', 1.65),
	(76, 72, '', 4.35),
	(77, 73, '', 4.99),
	(78, 74, '', 5.50),
	(79, 75, '', 4.75),
	(80, 76, '', 7.75),
	(81, 77, '', 5.00),
	(82, 78, '', 6.00),
	(83, 79, '', 5.50),
	(84, 80, '', 6.50),
	(85, 81, '', 7.50),
	(86, 82, '', 6.00),
	(87, 83, '', 6.00),
	(88, 84, '', 4.50),
	(89, 85, '', 3.25),
	(90, 86, '', 4.50),
	(91, 87, '', 4.75),
	(92, 88, '', 6.50),
	(93, 89, '', 2.25),
	(94, 90, '', 2.75),
	(95, 91, '', 2.75),
	(96, 92, '', 2.75),
	(97, 93, 'One Pancake', 2.00),
	(98, 93, 'Six Pancakes', 5.00),
	(99, 94, '', 2.20),
	(100, 95, '', 2.20),
	(101, 96, '', 1.10),
	(102, 97, '', 2.20),
	(103, 98, '', 2.20),
	(104, 99, '', 2.20),
	(105, 100, '', 0.00),
	(106, 101, '', 0.00),
	(107, 102, '', 0.00),
	(108, 103, '', 0.00),
	(109, 104, '', 0.00),
	(110, 105, '', 6.00),
	(111, 106, '', 8.00),
	(112, 107, '', 5.50),
	(113, 108, '', 6.50),
	(114, 109, '', 6.50),
	(115, 110, '', 6.50),
	(116, 111, '', 6.50),
	(117, 112, '', 6.50),
	(118, 113, '', 6.50),
	(119, 114, '', 8.85),
	(120, 115, '', 6.50),
	(121, 116, '', 8.95),
	(122, 117, '', 8.95),
	(123, 118, '', 8.95),
	(124, 119, '', 8.95),
	(125, 120, '', 8.95),
	(126, 121, '', 8.95),
	(127, 122, '', 8.95),
	(128, 123, '', 8.95),
	(129, 124, '', 8.95),
	(130, 125, '', 8.95),
	(131, 126, '', 8.25),
	(132, 127, '', 6.75),
	(133, 128, '', 6.75),
	(134, 129, '', 6.75),
	(135, 130, '', 6.00),
	(136, 131, '', 5.50),
	(137, 132, '', 5.00),
	(138, 133, '', 2.00),
	(139, 134, '', 0.00),
	(140, 135, '', 0.00),
	(141, 136, '', 12.95),
	(142, 137, '', 0.00),
	(143, 138, '', 0.00),
	(214, 205, 'CREAT IT', 7.90),
	(145, 140, '', 0.00),
	(146, 141, '', 10.50),
	(147, 142, '$2.90+', 0.00),
	(148, 143, '', 2.90),
	(149, 144, '', 2.00),
	(150, 145, '', 7.95),
	(151, 146, '', 8.50),
	(152, 147, '', 5.25),
	(153, 148, '', 6.50),
	(154, 149, '', 9.95),
	(155, 150, '', 9.50),
	(156, 151, '$2.75+', 0.00),
	(157, 152, '', 9.50),
	(158, 153, '', 9.25),
	(159, 154, '', 14.50),
	(160, 155, '', 15.00),
	(161, 156, '', 14.75),
	(162, 157, '', 0.00),
	(163, 158, '', 11.95),
	(164, 159, '', 17.00),
	(165, 160, '', 10.00),
	(166, 161, '', 11.00),
	(167, 162, '', 5.00),
	(168, 163, '', 3.00),
	(169, 164, '', 3.00),
	(170, 165, '', 3.00),
	(171, 166, '', 3.00),
	(172, 167, '', 2.50),
	(173, 168, '', 2.25),
	(174, 169, '$2.00+', 0.00),
	(175, 170, '$3.00+', 0.00),
	(176, 171, '$1.65', 0.00),
	(177, 172, '', 9.09),
	(178, 173, '', 9.09),
	(179, 174, '', 15.50),
	(180, 175, '', 12.25),
	(181, 176, '', 11.25),
	(182, 177, '', 13.75),
	(183, 178, '', 13.50),
	(184, 179, '', 16.00),
	(185, 180, '', 16.00),
	(186, 181, '', 17.00),
	(187, 182, '', 8.95),
	(195, 100, '', 0.00),
	(188, 183, '', 10.00),
	(189, 184, '', 2.75),
	(190, 185, '', 5.00),
	(191, 186, '', 5.50),
	(192, 187, '', 6.50),
	(193, 188, '', 4.25),
	(194, 189, '', 0.75),
	(196, 100, '', 0.00),
	(197, 190, '22 OZ', 1.85),
	(198, 190, '32 OZ', 2.85),
	(199, 191, '', 2.35),
	(200, 134, '', 0.00),
	(201, 192, '', 2.75),
	(202, 193, '', 2.75),
	(203, 194, '', 2.75),
	(204, 195, '', 2.75),
	(205, 196, '3 TACO PLATTER', 8.95),
	(206, 197, '', 11.95),
	(207, 198, '', 5.00),
	(208, 199, '', 9.95),
	(209, 200, '', 9.95),
	(210, 201, '', 3.50),
	(211, 202, '', 0.00),
	(212, 203, '', 9.95),
	(213, 204, '', 4.50),
	(215, 206, '3 BREAKFAST TACOS', 9.75),
	(216, 207, '', 13.75),
	(217, 208, '', 0.00);
/*!40000 ALTER TABLE `btr_selleritemprice` ENABLE KEYS */;

-- Dumping structure for table burritobrothers_db.btr_selleritems
CREATE TABLE IF NOT EXISTS `btr_selleritems` (
  `id` bigint(11) NOT NULL AUTO_INCREMENT,
  `dbid` varchar(21) NOT NULL,
  `catid` bigint(11) NOT NULL,
  `name` varchar(150) NOT NULL,
  `description` text NOT NULL,
  `imgurl` text NOT NULL,
  `is_pizza` text DEFAULT NULL,
  `max_select` smallint(11) NOT NULL COMMENT 'used for pizza items',
  `min_quantity` smallint(11) NOT NULL DEFAULT 1,
  `sideitems` varchar(255) NOT NULL,
  `min_cost` double(20,2) NOT NULL DEFAULT 0.00,
  `addedon` text NOT NULL,
  PRIMARY KEY (`id`)
) ENGINE=MyISAM AUTO_INCREMENT=209 DEFAULT CHARSET=latin1;

-- Dumping data for table burritobrothers_db.btr_selleritems: 206 rows
/*!40000 ALTER TABLE `btr_selleritems` DISABLE KEYS */;
INSERT INTO `btr_selleritems` (`id`, `dbid`, `catid`, `name`, `description`, `imgurl`, `is_pizza`, `max_select`, `min_quantity`, `sideitems`, `min_cost`, `addedon`) VALUES
	(1, '1', 15, 'big daddy - meat', 'Estimated Weight: 24oz', '25-02-2014_050810-547790527.jpg', '', 0, 1, '1,3,4,5,6,7,8,', 0.00, '0000-00-00 00:00:00'),
	(3, '1', 15, 'big daddy - spinach', 'Estimated Weight: 24oz', '25-02-2014_050822-404052734.jpg', '', 0, 1, '1,4,5,6,7,8,', 0.00, '0000-00-00 00:00:00'),
	(2, '1', 15, 'regular', 'Estimated Weight: 16oz', '', '', 0, 1, '9', 0.00, '0000-00-00 00:00:00'),
	(4, '1', 15, 'big daddy - beans & rice', 'Estimated Weight: 24oz', '25-02-2014_050835-367156982.jpg', '', 0, 1, '1,4,5,6,7,8,', 0.00, '0000-00-00 00:00:00'),
	(5, '1', 15, 'regular - beans & rice', 'Made on a 12 inch flour tortilla with your choice of beans and rice. Topped with pico de gallo', '25-02-2014_050854-543487548.jpg', '', 0, 1, '1,5,6,7,10', 0.00, '0000-00-00 00:00:00'),
	(6, '1', 0, 'regular - beans & rice', 'Made on a 12 inch flour tortilla with your choice of beans and rice. Topped with pico de gallo', '', '', 0, 1, '', 0.00, '0000-00-00 00:00:00'),
	(7, '1', 15, 'regular - spinach', 'Made on a 12 inch flour tortilla with your choice of beans and rice. Topped with pico de gallo', '25-02-2014_050956-787475585.jpg', '', 0, 1, '4,5,6,7,10,', 0.00, '0000-00-00 00:00:00'),
	(8, '1', 15, 'regular - meat', 'Made on a 12 inch flour tortilla with your choice of beans and rice. Topped with pico de gallo', '25-02-2014_051007-976257324.jpg', '', 0, 1, '1,3,4,5,6,10,', 0.00, '0000-00-00 00:00:00'),
	(9, '1', 15, 'little brother - beans & cheese', 'Made on a 6 inch flour tortilla with jack cheese and your choice of beans', '25-02-2014_051106-695037841.jpg', '', 0, 1, '1,4,6,7,10', 0.00, '0000-00-00 00:00:00'),
	(10, '1', 15, 'little brother - beans & rice', 'Made on a 6 inch flour tortilla, your choice of beans and rice. Topped with pico de gallo', '25-02-2014_051122-652709960.jpg', '', 0, 1, '1,4,5,6,7,10,', 0.00, '0000-00-00 00:00:00'),
	(11, '1', 15, 'little brother - meat', 'Made on a 6 inch flour tortilla with your choice of meat, beans and rice. Topped with pico de gallo', '25-02-2014_051133-651489257.jpg', '', 0, 1, '1,3,4,5,6,7,10,', 0.00, '0000-00-00 00:00:00'),
	(12, '1', 15, 'little brother - spinach', 'Made on a 6 inch tortilla with steamed spinach and your choice of beans and rice. Topped with pico de gallo', '25-02-2014_051143-834625244.jpg', '', 0, 1, '1,4,5,6,10,', 0.00, '0000-00-00 00:00:00'),
	(13, '1', 16, 'original tacos (hard or soft)', 'Made on 6 inch hard or soft shells, your choice of meat, lettuce, blend of cheddar and jack cheeses and pico de gallo', '25-02-2014_051252-326568603.jpg', '', 0, 1, '11,12,13,14,15', 0.00, '0000-00-00 00:00:00'),
	(14, '1', 16, 'set of 2 tacos with beans', 'Made on 6 inch corn tortillas with your choice of beans, meat and pico de gallo', '25-02-2014_051300-147766113.jpg', '', 0, 1, '16,17,18,19,14,15,', 0.00, '0000-00-00 00:00:00'),
	(15, '1', 16, 'three chicken taquitos', 'chicken rolled in corn tortillas and fried. Served with lettuce and pico de gallo', '25-02-2014_051321-894592285.jpg', '', 0, 1, '20,21,22', 0.00, '0000-00-00 00:00:00'),
	(16, '1', 17, 'corn quesadilla', 'Made on two 6 inch corn tortillas with jack cheese and pico de gallo', '25-02-2014_051352-76995849.jpg', '', 0, 1, '23,24', 0.00, '0000-00-00 00:00:00'),
	(17, '1', 17, 'corn spinach quesadilla', 'Made on two 6 inch corn tortillas, with steamed spinach, jack cheese and pico de gall', '25-02-2014_051407-851593017.jpg', '', 0, 1, '23,24,', 0.00, '0000-00-00 00:00:00'),
	(18, '1', 17, 'flour quesadilla', 'Made on a 12 inch flour tortilla with jack cheese and pico de gallo. Steamed spinach can be added with or without meat', '25-02-2014_051423-809753417.jpg', '', 0, 1, '1,23,24,', 0.00, '0000-00-00 00:00:00'),
	(19, '1', 17, 'flour spinach quesadilla', '', '25-02-2014_051510-222412109.jpg', '', 0, 1, '23,24,', 0.00, '0000-00-00 00:00:00'),
	(20, '1', 17, 'meat quesadilla', '', '25-02-2014_051528-796112060.jpg', '', 0, 1, '25,1,7,24,', 0.00, '0000-00-00 00:00:00'),
	(21, '1', 17, 'mexican torta', 'Laid out in a Mexican sandwich bread; lettuce, tomatoes, Mexican cheese -“queso guajaca”, refried beans, sliced avocado and your choice of ham or chicken', '25-02-2014_051545-744659423.jpg', '', 0, 1, '26,27', 0.00, '0000-00-00 00:00:00'),
	(22, '1', 18, 'fajitas', 'Made on a 6 inch flour tortilla with a blend of jack and cheddar cheeses, with grilled green peppers, onions, lettuce and your choice of meat', '25-02-2014_052439-106048583.jpg', '', 0, 1, '28,30,29', 0.00, '0000-00-00 00:00:00'),
	(23, '1', 19, 'bean & rice platters', 'Made with your choice of beans and rice, guacamole, sour cream, pico de gallo,three corn tortillas or chips\r\n', '25-02-2014_052514-903991699.jpg', '', 0, 1, '33,32,34,30,31', 0.00, '0000-00-00 00:00:00'),
	(24, '1', 19, 'yuca con chicharon', 'Fried cassava served with marinated, seasoned boneless carnitas, sour cream and our home made sauce', '25-02-2014_052530-514160156.jpg', '', 0, 1, '35', 0.00, '0000-00-00 00:00:00'),
	(25, '1', 19, 'pupusa', 'cheese only/bean & cheese/cheese&meat (carnitas)', '25-02-2014_052542-818084716.jpg', '', 0, 1, '36', 0.00, '0000-00-00 00:00:00'),
	(26, '1', 19, 'taco salad', 'Served on an edible baked shell, meat or vegetarian. Chips, lettuce, blend of cheddar and jack cheeses, pico de gallo , guacamole and sour cream', '25-02-2014_052557-63598632.jpg', '', 0, 1, '38,5,4,34,30,37', 0.00, '0000-00-00 00:00:00'),
	(27, '1', 19, 'pollo/carne guisado platter', 'Choice of seasoned and marinated chicken or staek filet sauted with our home made sauce, your choice of beans and rice. Served with sliced avocado or guacamole , pico de gallo, three soft corn tortillas or chips.', '25-02-2014_052624-170196533.jpg', '', 0, 1, '40,4,5,34,30,39', 0.00, '0000-00-00 00:00:00'),
	(28, '1', 19, 'vegetarian salad', 'Romaine lettuce,corn, grilled green peppers and red onions, pico de gallo or plain tomatoes, blend of jack or cheddar cheeses, olives,guacamole or a sliced avocado. optional side dressing--low fat italian or ranch.\r\n\r\nCHECK ON DESIRED ITEMS ONLY TO MAKE A PERFECT FAJITA SALAD: Meat or vegeteria\r\nCHOICE OF BEANS FOR VEGITERIANS\r\n\r\nplain tomatoes or pico de gallo, guacamole or sliced , no corn, no peppers, no onions,no cheese, no olives,avocado,olives, red onions, green peppers, cheese, italian or ranch\r\n', '25-02-2014_052821-246490478.jpg', '', 0, 1, '41,42,34,43', 0.00, '0000-00-00 00:00:00'),
	(29, '1', 19, 'meat salad', 'Romaine lettuce,corn, grilled green peppers and red onions, pico de gallo or plain tomatoes, blend of jack or cheddar cheeses, olives,guacamole or a sliced avocado. optional side dressing--low fat italian or ranch.\r\n\r\nCHECK ON DESIRED ITEMS ONLY TO MAKE A PERFECT FAJITA SALAD: Meat or vegeteria\r\nCHOICE OF BEANS FOR VEGITERIANS\r\n\r\nplain tomatoes or pico de gallo, guacamole or sliced , no corn, no peppers, no onions,no cheese, no olives,avocado,olives, red onions, green peppers, cheese, italian or ranch', '25-02-2014_052833-874481201.jpg', '', 0, 1, '44,45,34,43,', 0.00, '0000-00-00 00:00:00'),
	(30, '1', 19, 'carne/pollo platters', 'Made with your choice of beans and rice, sliced avocado, Pico de gallo, three soft corn tortillas or chips. Choice of grilled chicken or steak filets\r\n', '25-02-2014_052722-412536621.jpg', '', 0, 1, '33,4,47,48,34,30,39,', 0.00, '0000-00-00 00:00:00'),
	(31, '1', 19, 'meat platters', 'Made with your choice of beans, meat and rice, pico de gallo, three corn tortillas or chips', '25-02-2014_052853-166076660.jpg', '', 0, 1, '49,4,33,25,34,50', 0.00, '0000-00-00 00:00:00'),
	(32, '1', 19, 'taco asada platters', 'Grilled steak , chicken, or fried fish, served on corn tortillas, topped with diced onions , sliced avocado and cilantro', '25-02-2014_052917-697845458.jpg', '', 0, 1, '51,34,30,', 0.00, '0000-00-00 00:00:00'),
	(33, '1', 19, 'mixed fajita platters', 'Served with your choice of beans and rice, a mix of grilled chicken and steak—or just pick one kind of meat. Green peppers and onions, pico de gallo, lettuce, sliced avocado or guacamole, three corn tortillas or chips', '25-02-2014_052935-335815429.jpg', '', 0, 1, '31,52,53,54,4,33,34,55', 0.00, '0000-00-00 00:00:00'),
	(34, '1', 19, 'chicken enchilada platter', 'Chicken or cheese rolled up in corn tortillas with jack cheese, your choice of beans and rice and our home-made sauce.', '25-02-2014_053003-20019531.jpg', '', 0, 1, '56,57,58', 0.00, '0000-00-00 00:00:00'),
	(35, '1', 19, 'fish filet platters', 'Served with your choice of beans and rice, sliced avocado, pico de gallo , tilapia fish filet, three corn tortillas or chips', '25-02-2014_053016-308868408.jpg', '', 0, 1, '59,4,34,60', 0.00, '0000-00-00 00:00:00'),
	(36, '1', 6, 'smoothies / proteins', 'Single flavor or choice to mix', '25-02-2014_054016-543121337.jpg', '', 0, 1, '61,62,63', 0.00, '0000-00-00 00:00:00'),
	(37, '1', 0, 'coca cola in can', '', '', '', 0, 1, '64', 0.00, '0000-00-00 00:00:00'),
	(38, '1', 6, 'protein shake', '', '25-02-2014_054030-527770996.jpg', '', 0, 1, '65,66,67', 0.00, '0000-00-00 00:00:00'),
	(39, '1', 6, 'bottled water', '', '', '', 0, 1, '68', 0.00, '0000-00-00 00:00:00'),
	(40, '1', 6, 'coffee', '', '25-02-2014_054044-435028076.jpg', '', 0, 1, '69,70', 0.00, '0000-00-00 00:00:00'),
	(41, '1', 6, 'fountain beverages', '', '', '', 0, 1, '71', 0.00, '0000-00-00 00:00:00'),
	(42, '1', 6, 'hot chocolate', '', '25-02-2014_054101-435424804.jpg', '', 0, 1, '72,70,', 0.00, '0000-00-00 00:00:00'),
	(43, '1', 6, 'nantucket bottle drinks', '', '', '', 0, 1, '73', 0.00, '0000-00-00 00:00:00'),
	(44, '1', 6, 'vitamin water', '', '', '', 0, 1, '74', 0.00, '0000-00-00 00:00:00'),
	(45, '1', 0, 'coca cola 20oz bottle', '', '', '', 0, 1, '75,76', 0.00, '0000-00-00 00:00:00'),
	(46, '1', 21, 'nachos (meat or cheese)', 'Corn chips served with your choice of beans and cheese. Meat or vegetarian. Topped with pico de gallo', '25-02-2014_054127-623840332.jpg', '', 0, 1, '77,78,79,80', 0.00, '0000-00-00 00:00:00'),
	(47, '1', 22, 'make a bowl', 'Customer’s creation. Build in a plastic bowl. All toppings but guacamole. Build it!', '25-02-2014_054215-219085693.jpg', '', 0, 1, '85,81,82,83,84', 0.00, '0000-00-00 00:00:00'),
	(49, '1', 23, 'plato mexicano veggie', 'Two scrambled eggs, beans, rice, and queso fresco. Choose one; home fries, plantain, sweet potato fries or French fries\r\n', '25-02-2014_055432-524078369.jpg', '', 0, 1, '86,87,88,89,90,91,92', 0.00, '0000-00-00 00:00:00'),
	(50, '1', 23, 'breakfast filet (combo)', 'Choice of grilled steak or chicken, 2 eggs and pico de Gallo. Choose one; beans, plantain, home fries, French fries, sweet potato fries.', '25-02-2014_055420-648010253.jpg', '', 0, 1, '93,94,95,96,97', 0.00, '0000-00-00 00:00:00'),
	(51, '1', 23, 'huevos rancheros platter', 'Two eggs Sunnyside up, beans, rice queso fresco, ranchero sauce, three corn tortillas or chips', '25-02-2014_055442-855407714.jpg', '', 0, 1, '98,99,100,101', 0.00, '0000-00-00 00:00:00'),
	(52, '1', 23, 'omelet combo', '', '25-02-2014_055456-298156738.jpg', '', 0, 1, '102,103,104,105', 0.00, '0000-00-00 00:00:00'),
	(53, '1', 23, 'pancake platter', '', '25-02-2014_055509-397430419.jpg', '', 0, 1, '106,107,108,109,110,111,112,113,114,115,116,117', 0.00, '0000-00-00 00:00:00'),
	(54, '1', 0, 'any regular burrito', '', '', '', 0, 1, '118,119,120,121,122,123', 0.00, '0000-00-00 00:00:00'),
	(55, '1', 0, 'three hard or soft tacos', '', '', '', 0, 1, '124,125,126,127,128,129,130,131,132', 0.00, '0000-00-00 00:00:00'),
	(56, '1', 0, 'taco salad (combo)', 'Served on an edible baked shell, meat or vegetarian. Chips, lettuce, blend of cheddar and jack cheeses, pico de gallo , guacamole and sour cream', '', '', 0, 1, '133,134,135,136,137,138', 0.00, '0000-00-00 00:00:00'),
	(57, '1', 0, 'nachos (meat or cheese)', 'Corn chips served with your choice of beans and cheese. Meat or vegetarian. Topped with pico de gallo', '', '', 0, 1, '139,140,141', 0.00, '0000-00-00 00:00:00'),
	(58, '1', 0, 'meat quesadilla (combo)', '', '', '', 0, 1, '142,145,143,144', 0.00, '0000-00-00 00:00:00'),
	(59, '1', 0, 'burrito brothers salad', 'With meat or vegetarian , gilled onions, green peppers, olives, romaine lettuce, Pico de gallo, a blend of jack and cheddar cheeses', '', '', 0, 1, '146,147,148,149', 0.00, '0000-00-00 00:00:00'),
	(60, '1', 0, 'taco asada platters', 'Grilled steak , chicken, or fried fish, served on corn tortillas, topped with diced onions , sliced avocado and cilantro', '', '', 0, 1, '150,151,152', 0.00, '0000-00-00 00:00:00'),
	(61, '1', 0, 'carne/pollo platters', 'Made with your choice of beans and rice, sliced avocado, Pico de gallo, three soft corn tortillas or chips. Choice of grilled chicken or steak filets', '', '', 0, 1, '153,154,155,156,157,158,159', 0.00, '0000-00-00 00:00:00'),
	(62, '1', 0, 'fajita mix platter', 'Served with your choice of beans and rice, a mix of grilled chicken and steak—or just pick one kind of meat. Green peppers and onions, pico de gallo, lettuce, sliced avocado or guacamole, three corn tortillas or chips', '', '', 0, 1, '160,161,162,163,164,165,166,167,168', 0.00, '0000-00-00 00:00:00'),
	(63, '1', 0, 'fish platters', 'Served with your choice of beans and rice, sliced avocado, pico de gallo , tilapia fish filet, three corn tortillas or chips', '', '', 0, 1, '169,170,171,172,173,174', 0.00, '0000-00-00 00:00:00'),
	(64, '1', 25, 'side beans', '', '25-02-2014_055624-587280273.jpg', '', 0, 1, '175', 0.00, '0000-00-00 00:00:00'),
	(65, '1', 25, 'chips', '', '25-02-2014_055636-478607177.jpg', '', 0, 1, '176', 0.00, '0000-00-00 00:00:00'),
	(66, '1', 25, 'beans & rice mixed', '', '25-02-2014_055646-469573974.jpg', '', 0, 1, '177,178', 0.00, '0000-00-00 00:00:00'),
	(67, '1', 25, 'guacamole', '4o, 8z or 12oz', '25-02-2014_055704-373046875.jpg', '', 0, 1, '179', 0.00, '0000-00-00 00:00:00'),
	(68, '1', 25, 'salsa', '4oz, 8oz or 12oz', '25-02-2014_055715-13427734.jpg', '', 0, 1, '180,181', 0.00, '0000-00-00 00:00:00'),
	(69, '1', 25, 'sour cream', '4oz, 8oz or 12oz', '25-02-2014_055725-38848876.jpg', '', 0, 1, '182', 0.00, '0000-00-00 00:00:00'),
	(70, '1', 25, 'chips & cheese', '', '25-02-2014_055736-965362548.jpg', '', 0, 1, '183', 0.00, '0000-00-00 00:00:00'),
	(71, '1', 25, 'side rice', '', '25-02-2014_055752-345642089.jpg', '', 0, 1, '184', 0.00, '0000-00-00 00:00:00'),
	(72, '1', 26, 'cheese omelet', 'Sausage and salsa', '25-02-2014_055817-960632324.jpg', '', 0, 1, '185,186,187', 0.00, '0000-00-00 00:00:00'),
	(73, '1', 26, 'veggie omelet', 'green peppers, tomatoes, onions and cheese', '25-02-2014_055825-991912841.jpg', '', 0, 1, '188,189,190', 0.00, '0000-00-00 00:00:00'),
	(74, '1', 26, 'omelet', '', '25-02-2014_055834-832977294.jpg', '', 0, 1, '191,192,193', 0.00, '0000-00-00 00:00:00'),
	(75, '1', 26, 'ham and cheese omelet', '', '25-02-2014_055853-10864257.jpg', '', 0, 1, '194,195', 0.00, '0000-00-00 00:00:00'),
	(76, '1', 27, 'breakfast filet', 'Choice of grilled steak or chicken, 2 eggs and pico de Gallo. Choose one; beans, plantain, home fries, French fries, sweet potato fries.', '25-02-2014_054508-82824707.jpg', '', 0, 1, '196,197,198,199,200,201,202', 0.00, '0000-00-00 00:00:00'),
	(77, '1', 27, 'plato mexicano', 'Two scrambled eggs, beans, rice, and queso fresco. Choose one; home fries, plantain, sweet potato fries or French fries', '25-02-2014_054519-122253417.jpg', '', 0, 1, '203,204,205,206,207,208,209,210,211', 0.00, '0000-00-00 00:00:00'),
	(78, '1', 27, 'egg nachos', 'Served with scrambled eggs or a veggie omelet , guacamole and sour cream , with cheese or plain', '25-02-2014_054533-248382568.jpg', '', 0, 1, '212,213,214,215', 0.00, '0000-00-00 00:00:00'),
	(79, '1', 27, 'three pancakes', '', '25-02-2014_054547-858612060.jpg', '', 0, 1, '216,217,218,219,220', 0.00, '0000-00-00 00:00:00'),
	(80, '1', 0, 'four pancakes', '', '', '', 0, 1, '221,222,223,224,225,226', 0.00, '0000-00-00 00:00:00'),
	(81, '1', 0, 'five pancakes', '', '', '', 0, 1, '216,217,218,224,227,225,220,', 0.00, '0000-00-00 00:00:00'),
	(82, '1', 27, 'huevos rancheros', 'Two eggs Sunnyside up, beans, rice queso fresco, ranchero sauce, three corn tortillas or chips', '25-02-2014_054607-153564453.jpg', '', 0, 1, '228,229,230,231,232', 0.00, '0000-00-00 00:00:00'),
	(83, '1', 27, 'mexican chorizo platter', 'Two eggs Sunnyside up, Mexican hot chorizo. Choose one—home fries, plantain, sweet potato fries or French fries topped with cheese. Comes with three corn tortillas or chips', '25-02-2014_054652-490264892.jpg', '', 0, 1, '233', 0.00, '0000-00-00 00:00:00'),
	(84, '1', 28, 'egg and sausage', 'Two eggs , sausage and pico de gallo', '25-02-2014_054737-731079101.jpg', '', 0, 1, '234,235', 0.00, '0000-00-00 00:00:00'),
	(85, '1', 28, 'egg and cheese', 'Two eggs, cheese and pico de gallo', '25-02-2014_054746-424987792.jpg', '', 0, 1, '236,237,238', 0.00, '0000-00-00 00:00:00'),
	(86, '1', 28, 'egg and bacon', '', '25-02-2014_054759-251861572.jpg', '', 0, 1, '239,240', 0.00, '0000-00-00 00:00:00'),
	(87, '1', 28, 'cheesy bacon burrito', 'Two eggs, bacon , home fries, cheese and pico de gallo', '25-02-2014_054811-1525878.jpg', '', 0, 1, '241,242,243', 0.00, '0000-00-00 00:00:00'),
	(88, '1', 28, 'super breakfast', 'Two eggs, cheese, bacon, sausage, pico de gallo and home fries', '25-02-2014_054839-856658935.jpg', '', 0, 1, '244,245,246', 0.00, '0000-00-00 00:00:00'),
	(89, '1', 29, 'home fries', '', '25-02-2014_054925-11810302.jpg', '', 0, 1, '', 0.00, '0000-00-00 00:00:00'),
	(90, '1', 29, 'french fries', '', '25-02-2014_054938-518188476.jpg', '', 0, 1, '', 0.00, '0000-00-00 00:00:00'),
	(91, '1', 29, 'sweet potato fries', '', '25-02-2014_054947-492187500.jpg', '', 0, 1, '', 0.00, '0000-00-00 00:00:00'),
	(92, '1', 29, 'plantain', '', '25-02-2014_054957-46783447.jpg', '', 0, 1, '', 0.00, '0000-00-00 00:00:00'),
	(93, '1', 29, 'pancake', '', '25-02-2014_055007-25177001.jpg', '', 0, 1, '', 0.00, '0000-00-00 00:00:00'),
	(94, '1', 0, 'arizona green tea', '', '', '', 0, 1, '', 0.00, '0000-00-00 00:00:00'),
	(95, '1', 0, 'bottled drink', '20 oz. bottle.', '', '', 0, 1, '247', 0.00, '0000-00-00 00:00:00'),
	(96, '1', 0, 'canned soda', '', '', '', 0, 1, '248', 0.00, '0000-00-00 00:00:00'),
	(97, '1', 0, 'jarritos', '', '', '', 0, 1, '249', 0.00, '0000-00-00 00:00:00'),
	(98, '1', 0, 'deer park bottled water', '591 ml bottle.', '', '', 0, 1, '', 0.00, '0000-00-00 00:00:00'),
	(99, '1', 0, 'perrier bottled water', '330 ml bottle.', '', '', 0, 1, '', 0.00, '0000-00-00 00:00:00'),
	(100, '1', 30, 'fountain drink', '', '', '', 0, 1, '250', 0.00, '0000-00-00 00:00:00'),
	(101, '1', 0, 'lemonade', '$2.00+', '', '', 0, 1, '251', 0.00, '0000-00-00 00:00:00'),
	(102, '1', 0, 'ice tea', '$2.00+', '', '', 0, 1, '252', 0.00, '0000-00-00 00:00:00'),
	(103, '1', 0, 'fruit punch', '$2.00+', '', '', 0, 1, '251', 0.00, '0000-00-00 00:00:00'),
	(104, '1', 0, 'horchata', '$2.25+', '', '', 0, 1, '253', 0.00, '0000-00-00 00:00:00'),
	(105, '1', 31, 'smoothies', '', '', '', 0, 1, '254', 0.00, '0000-00-00 00:00:00'),
	(106, '1', 31, 'protein shake', '', '', '', 0, 1, '255', 0.00, '0000-00-00 00:00:00'),
	(107, '1', 32, 'egg and cheese breakfast burrito', 'Two eggs and cheese served with pico de gallo.', '', '', 0, 1, '256,257,1,80,315,235', 0.00, '0000-00-00 00:00:00'),
	(108, '1', 32, 'egg and sausage breakfast burrito', 'Two eggs, sausage  with pico de gallo.', '', '', 0, 1, '257,1,168,235,', 0.00, '0000-00-00 00:00:00'),
	(109, '1', 32, 'cheesy bacon breakfast burrito', 'Crispy bacon, cheese and two eggs with pico de gallo. Served with your choice of home fries or plantain.', '', '', 0, 1, '256,257,195,1,168,235,', 0.00, '0000-00-00 00:00:00'),
	(110, '1', 32, 'egg and chorizo breakfast burrito', 'Two eggs, Mexican chorizo, cheese and pico de gallo.', '', '', 0, 1, '257,1,159,235,', 0.00, '0000-00-00 00:00:00'),
	(111, '1', 32, 'egg, ham and cheese breakfast burrito', 'Two eggs, ham, cheese and pico de gallo.', '', '', 0, 1, '256,257,1,168,235,', 0.00, '0000-00-00 00:00:00'),
	(112, '1', 32, 'egg, steak and cheese breakfast burrito', 'Two eggs, steak, cheese and pico de gallo.', '', '', 0, 1, '256,257,1,168,54,235,', 0.00, '0000-00-00 00:00:00'),
	(113, '1', 32, 'egg, chicken and cheese breakfast burrito', 'Two eggs, chicken, cheese and pico de gallo.', '', '', 0, 1, '256,257,1,164,168,235,', 0.00, '0000-00-00 00:00:00'),
	(114, '1', 32, 'super breakfast burrito', 'Two eggs, cheese bacon, sausage and salsa. Served with your choice of home fries or plantain . All wrapped in a 8" flour tortilla', '', '', 0, 1, '256,257,145,192,168,235', 0.00, '0000-00-00 00:00:00'),
	(115, '1', 32, 'huevos rancheros burrito', 'Two over easy eggs and cheese on a flour tortilla with your choice of beans. Topped with our home made Ranchero Sauce', '', '', 0, 1, '256,259,257,145,168,235,', 0.00, '0000-00-00 00:00:00'),
	(116, '1', 33, 'breakfast filet platter', 'Two eggs, carne or pollo asada, home fries or plantain and salsa. Served with 3 corn tortillas', '', '', 0, 1, '258,260,263,80,', 0.00, '0000-00-00 00:00:00'),
	(117, '1', 33, 'plato tipico platter', 'Two eggs, plantain, refried beans, sour cream and three corn tortillas.', '', '', 0, 1, '260,210,242,7,34,159,', 0.00, '0000-00-00 00:00:00'),
	(118, '1', 33, '3 pancakes platter', 'With meat and two eggs.', '', '', 0, 1, '260,261,80,116', 0.00, '0000-00-00 00:00:00'),
	(119, '1', 33, 'huevos rancheros platter', 'Two eggs over easy smothered with our our home made Ranchero Sauce, cheese and choice of beans and served with three soft corn tortillas or chips.', '', '', 0, 1, '256,262,140,245,50,8,', 0.00, '0000-00-00 00:00:00'),
	(120, '1', 34, 'cheese omelet', 'Two eggs, onions, green peppers and sausage Comes with your choice of home fries or plantain.', '', '', 0, 1, '256,257,242,123,', 0.00, '0000-00-00 00:00:00'),
	(121, '1', 34, 'chicken omelet', 'Two eggs, onions, green peppers, chicken and your choice of cheese. Served with your home fries or plantain.', '', '', 0, 1, '256,257,245,159', 0.00, '0000-00-00 00:00:00'),
	(122, '1', 34, 'turkey bacon omelet', 'Two eggs, turkey bacon, onions, green peppers and your choice of cheese. Served with home fries or plantain', '', '', 0, 1, '256,257,245,159,', 0.00, '0000-00-00 00:00:00'),
	(123, '1', 34, 'ham and cheese omelet', 'Two eggs, ham and cheese. Served with your choice of home fries or plantain', '', '', 0, 1, '256,258,257,159,', 0.00, '0000-00-00 00:00:00'),
	(124, '1', 34, 'veggie omelet', 'Green peppers, tomatoes, onions and your choice of cheese. Served with your choice of home fries or plantain', '', '', 0, 1, '256,257,245,146,226,', 0.00, '0000-00-00 00:00:00'),
	(125, '1', 34, 'ham, green peppers, onions and cheese omelet', 'Two eggs ,ham ,cheese, green peppers and onions.With your choice of home fries or plantain.', '', '', 0, 1, '256,257,245,159,213,', 0.00, '0000-00-00 00:00:00'),
	(126, '1', 0, 'breakfast fillet combo', 'Your choice of meat with salsa. Served with your choice of of three tortillas or chips and your choice of side.', '', '', 0, 1, '263,264,265,257,', 0.00, '0000-00-00 00:00:00'),
	(127, '1', 0, 'huevos rancheros combo', 'Two eggs over easy with cheese and Mexican chorizo. Served with your choice of of three tortillas or chips and your choice of side.', '', '', 0, 1, '264,265,257,', 0.00, '0000-00-00 00:00:00'),
	(128, '1', 0, 'omelet combo', 'Peppers, onions, mushrooms, tomatoes and your choice of meat. Served with chips and guacamole.', '', '', 0, 1, '266,257,', 0.00, '0000-00-00 00:00:00'),
	(129, '1', 0, 'pancakes platter combo', 'Three pancakes with your choice of sausage, bacon and two eggs.', '', '', 0, 1, '260,267,257,', 0.00, '0000-00-00 00:00:00'),
	(130, '1', 0, 'plato mexicano;plato tipico', 'Plantain or home fries, choice of beans, scrambled eggs, peppers, onions and three corn tortillas or chips.', '', '', 0, 1, '268,262,', 0.00, '0000-00-00 00:00:00'),
	(131, '1', 36, 'plantain', '', '', '', 0, 1, '', 0.00, '0000-00-00 00:00:00'),
	(132, '1', 36, 'home fries', '', '', '', 0, 1, '', 0.00, '0000-00-00 00:00:00'),
	(133, '1', 0, 'pancake', '', '', '', 0, 1, '', 0.00, '0000-00-00 00:00:00'),
	(134, '1', 37, 'the bowl                                    ', 'Served with your choice of toppings.\r\nGuacamole or Sliced Avocado is additionall', '', '', 0, 1, '269,259,270,271,272,273', 0.00, '0000-00-00 00:00:00'),
	(135, '1', 37, 'taco salad', 'Served in an edible shell with lettuce, corn chips, guacamole, sour cream, pico de gallo, cheese blend and with your choice of toppings.', '', '', 0, 1, '274,259,270,273,271,276', 0.00, '0000-00-00 00:00:00'),
	(136, '1', 37, 'fajita salad', 'Romaine lettuce, pico de gallo, red onions, green peppers, corn, cheddar and Monterey Jack cheese blend and black olives. Served with your choice of guacamole or sliced avocado.', '', '', 0, 1, '275,276,273,312,236', 0.00, '0000-00-00 00:00:00'),
	(137, '1', 0, 'burrito', 'Served with your choice of protein, beans, rice and pico de gallo.', '', '', 0, 1, '277,278,279,259,270,272,273', 0.00, '0000-00-00 00:00:00'),
	(138, '1', 38, 'burrito with the works', 'Pick your toppings ', '', '', 0, 1, '280,278,279,259,270,271,273,281', 0.00, '0000-00-00 00:00:00'),
	(205, '1', 0, 'veggie bowl', '', '', '', 0, 1, '155,172,83,161,257,138,', 0.00, '0000-00-00 00:00:00'),
	(140, '1', 0, 'veggie burrito with the works', '', '', '', 0, 1, '284,278,283,259,270,272,273,281,47,', 0.00, '0000-00-00 00:00:00'),
	(141, '1', 38, 'cali burrito', 'One size; Made on a  flour tortilla with your choice of meat, french fries, fresh homemade salsa and a blend of cheddar and jack cheeses and topped with guacamole.', '', '', 0, 1, '278,285,271,138', 0.00, '0000-00-00 00:00:00'),
	(142, '1', 39, 'tacos', 'Served with your choice of cheese, pico de gallo and lettuce.', '', '', 0, 1, '286,287,288,273,289,271', 0.00, '0000-00-00 00:00:00'),
	(143, '1', 39, 'veggie tacos', 'Your choice of beans, veggies and cheese with pico de gallo.', '', '', 0, 1, '286,256,259,273,24', 0.00, '0000-00-00 00:00:00'),
	(144, '1', 39, 'spinach taco', 'Spinach and your choice of beans with pico de gallo.', '', '', 0, 1, '286,256,273,289,', 0.00, '0000-00-00 00:00:00'),
	(145, '1', 40, 'flour quesadilla', 'Monterey Jack cheese with pico de gallo.', '', '', 0, 1, '278,273,271', 0.00, '0000-00-00 00:00:00'),
	(146, '1', 40, 'flour spinach quesadilla', 'Monterey Jack cheese and spinach with pico de gallo.', '', '', 0, 1, '278,273,271,', 0.00, '0000-00-00 00:00:00'),
	(147, '1', 40, 'corn quesadilla', 'Two corn tortillas topped with Monterey jack cheese and pico de gallo.', '', '', 0, 1, '273,271', 0.00, '0000-00-00 00:00:00'),
	(148, '1', 40, 'corn and spinach quesadilla', 'Two corn tortillas topped with spinach and pico de gallo.', '', '', 0, 1, '273,271,', 0.00, '0000-00-00 00:00:00'),
	(149, '1', 40, 'meat quesadilla', 'Your choice of protein with monterey jack cheese and pico de gallo.', '', '', 0, 1, '278,290,273,271,', 0.00, '0000-00-00 00:00:00'),
	(150, '1', 41, 'tamal platter', 'Made of baby sweet corn and served with sour cream and refried beans. Tamale platter: two tamales, refried beans and sour cream.', '', '', 0, 1, '', 0.00, '0000-00-00 00:00:00'),
	(151, '1', 0, 'pupusa', '', '', '', 0, 1, '291', 0.00, '0000-00-00 00:00:00'),
	(152, '1', 43, 'beans and rice plate', 'Comes with beans, rice, pico de gallo, guacamole, sour cream and three corn tortillas or corn chips.', '', '', 0, 1, '259,270,262,271,80,', 0.00, '0000-00-00 00:00:00'),
	(153, '1', 43, 'meat platter', 'With beans and rice and pico de gallo and three tortillas or chips.', '', '', 0, 1, '292,259,270,262,271,55', 0.00, '0000-00-00 00:00:00'),
	(154, '1', 43, 'asada platter', 'With beans, rice and pico de gallo, lettuce, guacamole and three tortillas or chips.', '', '', 0, 1, '293,259,270,262,271,55,', 0.00, '0000-00-00 00:00:00'),
	(155, '1', 43, 'fish fillet platter', 'With beans, rice and pico de gallo, lettuce, guacamole and three tortillas or chips.', '', '', 0, 1, '259,270,262,183,257,47', 0.00, '0000-00-00 00:00:00'),
	(156, '1', 43, 'mixed fajita platter', 'Chicken, steak and Shrimp, grilled with onions and green peppers, served with lettuce, pico de gallo, guacamole and three corn tortillas or chips.', '', '', 0, 1, '262,259,52,271,60,184,178', 0.00, '0000-00-00 00:00:00'),
	(157, '1', 43, 'enchilada platter', 'Three chicken or cheese only enchiladas, home made red salsa, choice of beans, rice and guacamole.', '', '', 0, 1, '294,259,270,271,141,161', 0.00, '0000-00-00 00:00:00'),
	(158, '1', 43, 'taco asada platter', 'Three tacos on corn tortillas. Served with cilantro, diced onions choice of beans and rice', '', '', 0, 1, '295,14,271,174', 0.00, '0000-00-00 00:00:00'),
	(159, '1', 43, 'carne asada fries', 'Your choice of meat, french fries, fresh homemade salsa, a blend of cheddar and jack cheeses, topped with guacamole and sour cream.', '', '', 0, 1, '296,152,271,161,', 0.00, '0000-00-00 00:00:00'),
	(160, '1', 44, 'cheese nachos', 'Corn chips topped with shredded cheddar or cheese sauce, beans, pico de gallo.', '', '', 0, 1, '297,259,168,271', 0.00, '0000-00-00 00:00:00'),
	(161, '1', 44, 'nachos with meat', 'Corn chips topped with shredded cheddar or cheese sauce, beans, pico de gallo and your choice of meat.', '', '', 0, 1, '297,298,271,43,155,', 0.00, '0000-00-00 00:00:00'),
	(162, '1', 0, 'nachos with veggies', 'Corn chips topped with shredded cheddar or cheese sauce, beans, pico de gallo.', '', '', 0, 1, '297,', 0.00, '0000-00-00 00:00:00'),
	(163, '1', 45, 'black beans', '', '', '', 0, 1, '', 0.00, '0000-00-00 00:00:00'),
	(164, '1', 45, 'pinto beans', '', '', '', 0, 1, '', 0.00, '0000-00-00 00:00:00'),
	(165, '1', 45, 'refried beans', '', '', '', 0, 1, '', 0.00, '0000-00-00 00:00:00'),
	(166, '1', 45, 'mexican rice', '', '', '', 0, 1, '', 0.00, '0000-00-00 00:00:00'),
	(167, '1', 45, 'brown rice', '', '', '', 0, 1, '', 0.00, '0000-00-00 00:00:00'),
	(168, '1', 45, 'chips', '', '', '', 0, 1, '299', 0.00, '0000-00-00 00:00:00'),
	(169, '1', 0, 'salsa', '', '', '', 0, 1, '300,301', 0.00, '0000-00-00 00:00:00'),
	(170, '1', 0, 'sour cream', '', '', '', 0, 1, '302', 0.00, '0000-00-00 00:00:00'),
	(171, '1', 45, 'guacamole', '', '', '', 0, 1, '303', 0.00, '0000-00-00 00:00:00'),
	(172, '1', 46, '#1 regular burrito lunch combo', 'Includes a 20 oz. fountain drink.', '', '', 0, 1, '248,304,305,159,271,210,206', 0.00, '0000-00-00 00:00:00'),
	(173, '1', 46, '#2 taco lunch combo', 'Includes a 20 oz. fountain drink.', '', '', 0, 1, '286,248,306,168,210,271,', 0.00, '0000-00-00 00:00:00'),
	(174, '1', 46, '#3 taco salad lunch combo', 'Includes a 20 oz. fountain drink.', '', '', 0, 1, '248,306,210,206,257,161,138,', 0.00, '0000-00-00 00:00:00'),
	(175, '1', 46, '#4 nachos lunch combo', 'Includes a 20 oz. fountain drink.', '', '', 0, 1, '248,306,210,214,159,236', 0.00, '0000-00-00 00:00:00'),
	(176, '1', 46, '#5 quesadilla lunch combo', 'Includes a 20 oz. fountain drink.', '', '', 0, 1, '248,306,138,257,213,145,', 0.00, '0000-00-00 00:00:00'),
	(177, '1', 46, '#6 fajita salad lunch combo', 'Romaine lettuce, onions, green peppers, pico de gallo, blend of cheddar and jack cheese, black olive. Served with guacamole or sliced avocado Includes a 20 oz. fountain drink.', '', '', 0, 1, '248,306,271,159,213,161,181,', 0.00, '0000-00-00 00:00:00'),
	(178, '1', 46, '#7 taco asada platter lunch combo', 'Includes a 20 oz. fountain drink.', '', '', 0, 1, '248,307,286,271,138,52,', 0.00, '0000-00-00 00:00:00'),
	(179, '1', 46, '#8 asada platter lunch combo', 'Includes a 20 oz. fountain drink.', '', '', 0, 1, '308,248,140,178,47,149,24,88,', 0.00, '0000-00-00 00:00:00'),
	(180, '1', 46, '#9 mixed fajita platter lunch combo', 'Bean and rice, grilled chicken and steak, green pepper, onions, lettuce, pico de gallo. Served with guacamole or slice avocados. Includes a 20 oz. fountain drink.', '', '', 0, 1, '248,210,307,123,161,213,178,154,', 0.00, '0000-00-00 00:00:00'),
	(181, '1', 46, '#10 fish platter lunch combo', 'Beans, rice, lettuce. pico de gallo, guacamole or sliced avocadoIncludes a 20 oz. fountain drink.', '', '', 0, 1, '248,210,307,154,172,150,55,257', 0.00, '0000-00-00 00:00:00'),
	(182, '1', 46, '#11 fajita and taco lunch combo', ' One Fajita and a taco .Includes a 20 oz. fountain drink.', '', '', 0, 1, '248,306,154,28,29,143,', 0.00, '0000-00-00 00:00:00'),
	(183, '1', 42, 'pupusa platter', 'Three Pupusas served with veggies and sauce', '', '', 0, 1, '309', 0.00, '0000-00-00 00:00:00'),
	(184, '1', 0, 'sweet potato fries', '', '', '', 0, 1, '', 0.00, '0000-00-00 00:00:00'),
	(185, '1', 45, 'french fries', '', '', '', 0, 1, '', 0.00, '0000-00-00 00:00:00'),
	(186, '1', 45, 'plantain', '', '', '', 0, 1, '', 0.00, '0000-00-00 00:00:00'),
	(187, '1', 45, 'yuca', '', '', '', 0, 1, '', 0.00, '0000-00-00 00:00:00'),
	(188, '1', 45, 'chips and queso dip', '', '', '', 0, 1, '', 0.00, '0000-00-00 00:00:00'),
	(189, '1', 45, 'yellow banana', '', '', '', 0, 1, '', 0.00, '0000-00-00 00:00:00'),
	(190, '1', 0, 'fountain drink', '', '', '', 0, 1, '', 0.00, '0000-00-00 00:00:00'),
	(191, '1', 45, 'queso dip 4oz', '', '', '', 0, 1, '', 0.00, '0000-00-00 00:00:00'),
	(192, '1', 0, 'fish taco', 'Grilled Fish, lettuce, cheese and pico de gallo', '', '', 0, 1, '286,55,122,', 0.00, '0000-00-00 00:00:00'),
	(193, '1', 0, 'taco asada', 'Grilled  Steak / Chicken. lettuce, cheese and pico de gallo', '', '', 0, 1, '286,55,167,263,', 0.00, '0000-00-00 00:00:00'),
	(194, '1', 39, 'taco a la pastor', 'A la Pastor', '', '', 0, 1, '286,151,138,', 0.00, '0000-00-00 00:00:00'),
	(195, '1', 0, 'taco de lengua', '', '', '', 0, 1, '', 0.00, '0000-00-00 00:00:00'),
	(196, '1', 39, 'taco platter', '3 TACOS', '', '', 0, 1, '295,124,24,174,', 0.00, '0000-00-00 00:00:00'),
	(197, '1', 39, 'taco platter', '3 Tacos', '', '', 0, 1, '286,295,161,122,174,259,', 0.00, '0000-00-00 00:00:00'),
	(198, '1', 45, 'homefries', 'HOME FRIES', '', '', 0, 1, '', 0.00, '0000-00-00 00:00:00'),
	(199, '1', 40, 'mexican torta', 'Sub-bread sandwich stuffed with your choice of meat, cheese, lettuce, mayo,tomatoes, sliced avocado and refried beans', '', '', 0, 1, '279,171,122,237,', 0.00, '0000-00-00 00:00:00'),
	(200, '1', 40, 'steak & cheese', 'Steak and cheese sandwich: create it...', '', '', 0, 1, '236,7,', 0.00, '0000-00-00 00:00:00'),
	(201, '1', 0, 'breakfast tacos', 'Create it....', '', '', 0, 1, '154,233,257,3,260,168', 0.00, '0000-00-00 00:00:00'),
	(202, '1', 32, 'breakfast sandwich', 'Breakfast Sandwich made on you choice of bread.\r\n\r\n', '', '', 0, 1, '313,314,315,316,321', 0.00, '0000-00-00 00:00:00'),
	(203, '1', 33, 'make your own breakfast bowl or platter', '1 Bacon ,1 Sausage, 2 eggs, home-fries,corn tortillas, chips or Toast.', '', '', 0, 1, '318,315,319,317', 0.00, '0000-00-00 00:00:00'),
	(204, '1', 0, 'egg and bacon burrito', '', '', '', 0, 1, '145,320,315,319,257,235,', 0.00, '0000-00-00 00:00:00'),
	(206, '1', 0, '3 breakfast taco platter', '', '', '', 0, 1, '88,53,318,24,193,', 0.00, '0000-00-00 00:00:00'),
	(207, '1', 0, '3 salmon tacos', '3 Salmon Tacos', '', '', 0, 1, '88,257,170,138,', 0.00, '0000-00-00 00:00:00'),
	(208, '1', 0, 'horchata', '', '', '', 0, 1, '250,', 0.00, '0000-00-00 00:00:00');
/*!40000 ALTER TABLE `btr_selleritems` ENABLE KEYS */;

-- Dumping structure for table burritobrothers_db.btr_sellersideitems
CREATE TABLE IF NOT EXISTS `btr_sellersideitems` (
  `id` bigint(20) NOT NULL,
  `dbid` varchar(21) NOT NULL,
  `catid` varchar(21) NOT NULL,
  `itemid` varchar(21) NOT NULL,
  `sid` bigint(11) NOT NULL COMMENT 'btr_sellersides id',
  `name` varchar(50) NOT NULL,
  `price` double(20,2) NOT NULL,
  `listid` bigint(21) NOT NULL,
  `loop_select_max` smallint(11) NOT NULL DEFAULT 0
) ENGINE=MyISAM DEFAULT CHARSET=latin1;

-- Dumping data for table burritobrothers_db.btr_sellersideitems: 1,681 rows
/*!40000 ALTER TABLE `btr_sellersideitems` DISABLE KEYS */;
INSERT INTO `btr_sellersideitems` (`id`, `dbid`, `catid`, `itemid`, `sid`, `name`, `price`, `listid`, `loop_select_max`) VALUES
	(1, '1', '', '', 1, 'regular flour', 0.00, 0, 0),
	(2553, '1', '', '', 80, 'guacamole', 2.40, 579, 0),
	(2552, '1', '', '', 80, 'fresh avocado', 2.40, 580, 0),
	(2137, '1', '', '', 159, 'spinach', 1.25, 37, 0),
	(57, '1', '', '', 11, 'hard', 0.00, 0, 0),
	(56, '1', '', '', 11, 'soft', 0.00, 0, 0),
	(54, '1', '', '', 10, 'cut in half', 0.00, 0, 0),
	(2176, '1', '', '', 3, 'grilled steak', 0.00, 169, 0),
	(2177, '1', '', '', 3, 'grilled chicken', 0.00, 168, 0),
	(2178, '1', '', '', 3, 'ham', 0.00, 104, 0),
	(15, '1', '', '', 4, 'black', 0.00, 0, 0),
	(16, '1', '', '', 4, 'refried', 0.00, 0, 0),
	(17, '1', '', '', 4, 'pinto', 0.00, 0, 0),
	(18, '1', '', '', 4, 'more beans', 0.00, 0, 0),
	(19, '1', '', '', 4, 'less beans', 0.00, 0, 0),
	(20, '1', '', '', 4, 'no beans', 0.00, 0, 0),
	(21, '1', '', '', 5, 'mexican rice', 0.00, 0, 0),
	(22, '1', '', '', 5, 'brown rice', 0.00, 0, 0),
	(23, '1', '', '', 5, 'more rice', 0.00, 0, 0),
	(24, '1', '', '', 5, 'less rice', 0.00, 0, 0),
	(25, '1', '', '', 5, 'no rice', 0.00, 0, 0),
	(26, '1', '', '', 6, 'no salsa', 0.00, 0, 0),
	(27, '1', '', '', 6, 'corn salsa', 0.00, 0, 0),
	(28, '1', '', '', 6, 'hot', 0.00, 0, 0),
	(29, '1', '', '', 6, 'jalapenos', 0.00, 0, 0),
	(30, '1', '', '', 6, 'cilantro', 0.00, 0, 0),
	(31, '1', '', '', 6, 'salsa verde', 0.00, 0, 0),
	(32, '1', '', '', 6, 'roast tomatoes', 0.00, 0, 0),
	(33, '1', '', '', 6, 'onions', 0.00, 0, 0),
	(34, '1', '', '', 6, 'green peppers', 0.00, 0, 0),
	(35, '1', '', '', 6, 'lettuce', 0.00, 0, 0),
	(36, '1', '', '', 6, 'plain tomatoes', 0.00, 0, 0),
	(37, '1', '', '', 6, 'no cheese', 0.00, 0, 0),
	(38, '1', '', '', 7, 'cheese', 0.80, 0, 0),
	(2595, '1', '', '', 257, 'pico de gallo', 0.00, 156, 0),
	(1920, '1', '', '', 146, 'monterey jack', 0.00, 238, 0),
	(2620, '1', '', '', 7, 'guacamole', 2.40, 579, 0),
	(1919, '1', '', '', 146, 'fresh jalopenos', 0.00, 437, 0),
	(1918, '1', '', '', 146, 'onions', 0.00, 53, 0),
	(47, '1', '', '', 8, 'cheese', 0.00, 0, 0),
	(48, '1', '', '', 8, 'sour cream', 0.00, 0, 0),
	(51, '1', '', '', 9, 'beans & rice', 4.35, 0, 0),
	(52, '1', '', '', 9, 'spinach', 5.00, 0, 0),
	(53, '1', '', '', 9, 'meat', 5.50, 0, 0),
	(58, '1', '', '', 12, 'ground beef', 0.00, 0, 0),
	(59, '1', '', '', 12, 'chicken', 0.00, 0, 0),
	(60, '1', '', '', 12, 'steak', 0.00, 0, 0),
	(61, '1', '', '', 12, 'pork', 0.00, 0, 0),
	(62, '1', '', '', 12, 'carne asada', 0.75, 0, 0),
	(63, '1', '', '', 12, 'pollo asada', 0.75, 0, 0),
	(64, '1', '', '', 12, 'fish taco', 0.75, 0, 0),
	(65, '1', '', '', 12, 'chorizo', 1.00, 0, 0),
	(66, '1', '', '', 12, 'black beans taco', 0.00, 0, 0),
	(67, '1', '', '', 12, ' pinto beans taco', 0.00, 0, 0),
	(68, '1', '', '', 12, 'refried beanstaco', 0.00, 0, 0),
	(69, '1', '', '', 13, 'no cheese', 0.00, 0, 0),
	(70, '1', '', '', 13, 'no salsa', 0.00, 0, 0),
	(71, '1', '', '', 13, 'plain tomatoe', 0.00, 0, 0),
	(72, '1', '', '', 13, 'no lettuce', 0.00, 0, 0),
	(73, '1', '', '', 13, 'cilantro', 0.00, 0, 0),
	(74, '1', '', '', 14, 'corn tortillas', 0.00, 0, 0),
	(75, '1', '', '', 14, 'soft flour tortillas', 0.00, 0, 0),
	(76, '1', '', '', 15, 'regular topping', 0.00, 0, 0),
	(77, '1', '', '', 15, 'cheese', 0.80, 0, 0),
	(78, '1', '', '', 15, 'sour cream', 0.80, 0, 0),
	(79, '1', '', '', 15, 'guacamole', 1.10, 0, 0),
	(80, '1', '', '', 15, 'corn', 0.85, 0, 0),
	(81, '1', '', '', 15, 'spinach', 1.25, 0, 0),
	(82, '1', '', '', 15, 'extra salsa', 0.50, 0, 0),
	(83, '1', '', '', 15, 'cheddar cheese', 0.80, 0, 0),
	(84, '1', '', '', 16, 'steak', 0.00, 0, 0),
	(85, '1', '', '', 16, 'carnitas', 0.00, 0, 0),
	(86, '1', '', '', 16, 'ground beef', 0.00, 0, 0),
	(87, '1', '', '', 16, 'chicken', 0.00, 0, 0),
	(88, '1', '', '', 16, 'spinach', 0.00, 0, 0),
	(89, '1', '', '', 16, 'bean and cheese', 0.00, 0, 0),
	(90, '1', '', '', 17, 'pinto', 0.00, 0, 0),
	(91, '1', '', '', 17, 'black', 0.00, 0, 0),
	(92, '1', '', '', 17, 'refried', 0.00, 0, 0),
	(93, '1', '', '', 18, 'steak', 0.00, 0, 0),
	(94, '1', '', '', 18, 'carnitas', 0.00, 0, 0),
	(95, '1', '', '', 18, 'ground beef', 0.00, 0, 0),
	(96, '1', '', '', 18, 'chicken', 0.00, 0, 0),
	(98, '1', '', '', 18, 'bean and cheese', 0.00, 0, 0),
	(99, '1', '', '', 19, 'pinto', 0.00, 0, 0),
	(100, '1', '', '', 19, 'black', 0.00, 0, 0),
	(101, '1', '', '', 19, 'refried', 0.00, 0, 0),
	(102, '1', '', '', 20, 'no pico de gallo', 0.00, 0, 0),
	(103, '1', '', '', 20, ' no lettuce', 0.00, 0, 0),
	(104, '1', '', '', 21, 'cheese', 0.80, 0, 0),
	(105, '1', '', '', 21, 'side guacamole', 1.10, 0, 0),
	(106, '1', '', '', 21, 'side sour cream', 0.80, 0, 0),
	(107, '1', '', '', 22, '1 taquito', 2.00, 0, 0),
	(108, '1', '', '', 22, '2 taquitos', 4.00, 0, 0),
	(109, '1', '', '', 22, '3 taquitos', 6.00, 0, 0),
	(110, '1', '', '', 22, '4 taquitos', 8.00, 0, 0),
	(111, '1', '', '', 22, '5 taquitos', 10.00, 0, 0),
	(112, '1', '', '', 22, '6 taquitos', 12.00, 0, 0),
	(113, '1', '', '', 23, 'cheese', 0.80, 0, 0),
	(114, '1', '', '', 23, 'sour cream', 0.80, 0, 0),
	(115, '1', '', '', 23, 'guacamole', 1.10, 0, 0),
	(116, '1', '', '', 23, 'corn', 0.85, 0, 0),
	(117, '1', '', '', 23, 'spinach', 1.25, 0, 0),
	(118, '1', '', '', 23, 'extra salsa', 0.50, 0, 0),
	(120, '1', '', '', 23, 'cheddar cheese', 0.80, 0, 0),
	(123, '1', '', '', 24, 'lettuce', 0.00, 0, 0),
	(2514, '1', '', '', 193, 'sour cream', 0.80, 34, 0),
	(125, '1', '', '', 24, 'jalapenos', 0.00, 0, 0),
	(126, '1', '', '', 25, 'chicken', 0.00, 0, 0),
	(127, '1', '', '', 25, 'steak', 0.00, 0, 0),
	(128, '1', '', '', 25, 'carnitas', 0.00, 0, 0),
	(129, '1', '', '', 25, 'ground beef', 0.00, 0, 0),
	(130, '1', '', '', 26, 'ham', 0.00, 0, 0),
	(131, '1', '', '', 26, 'chicken', 0.00, 0, 0),
	(132, '1', '', '', 26, 'grilled steak', 0.00, 0, 0),
	(133, '1', '', '', 27, 'lettuce', 0.00, 0, 0),
	(134, '1', '', '', 27, 'sliced avocado', 0.00, 0, 0),
	(135, '1', '', '', 27, 'ques guajaca', 0.00, 0, 0),
	(136, '1', '', '', 27, ' tomatoes', 0.00, 0, 0),
	(137, '1', '', '', 27, 'refried beans', 0.00, 0, 0),
	(138, '1', '', '', 27, 'mayo', 0.00, 0, 0),
	(139, '1', '', '', 28, 'chicken', 0.00, 0, 0),
	(140, '1', '', '', 28, 'steak', 0.00, 0, 0),
	(2124, '1', '', '', 28, 'schrimp', 3.00, 433, 0),
	(143, '1', '', '', 29, 'no cheese', 0.00, 0, 0),
	(144, '1', '', '', 29, 'no peppers', 0.00, 0, 0),
	(145, '1', '', '', 29, 'no onions', 0.00, 0, 0),
	(146, '1', '', '', 29, 'no lettuce', 0.00, 0, 0),
	(147, '1', '', '', 30, 'cheese', 0.80, 0, 0),
	(148, '1', '', '', 30, 'sour cream', 0.80, 0, 0),
	(149, '1', '', '', 30, 'guacamole', 1.10, 0, 0),
	(150, '1', '', '', 30, 'corn', 0.85, 0, 0),
	(151, '1', '', '', 30, 'spinach', 1.25, 0, 0),
	(152, '1', '', '', 30, 'extra salsa', 0.50, 0, 0),
	(153, '1', '', '', 30, 'cheddar cheese', 0.80, 0, 0),
	(154, '1', '', '', 30, 'sliced avocado', 1.10, 0, 0),
	(155, '1', '', '', 31, 'chips', 0.00, 0, 0),
	(156, '1', '', '', 31, 'flour tortillas', 0.00, 0, 0),
	(157, '1', '', '', 31, 'corn tortillas', 0.00, 0, 0),
	(158, '1', '', '', 31, ' no tortillas', 0.00, 0, 0),
	(159, '1', '', '', 31, ' no sour cream', 0.00, 0, 0),
	(160, '1', '', '', 31, 'no guacamole ', 0.00, 0, 0),
	(161, '1', '', '', 31, 'no onions', 0.00, 0, 0),
	(162, '1', '', '', 32, 'pinto', 0.00, 0, 0),
	(163, '1', '', '', 32, 'black', 0.00, 0, 0),
	(164, '1', '', '', 32, 'refried', 0.00, 0, 0),
	(165, '1', '', '', 32, 'more beans', 0.00, 0, 0),
	(166, '1', '', '', 32, 'less beans', 0.00, 0, 0),
	(167, '1', '', '', 32, ' no beans', 0.00, 0, 0),
	(168, '1', '', '', 33, 'mexican rice', 0.00, 0, 0),
	(169, '1', '', '', 33, 'brown rice', 0.00, 0, 0),
	(170, '1', '', '', 33, 'more rice', 0.00, 0, 0),
	(172, '1', '', '', 33, 'less rice', 0.00, 0, 0),
	(173, '1', '', '', 33, 'no rice', 0.00, 0, 0),
	(174, '1', '', '', 34, 'no salsa', 0.00, 0, 0),
	(176, '1', '', '', 34, ' hot jalapenos', 0.00, 0, 0),
	(177, '1', '', '', 34, 'cilantro', 0.00, 0, 0),
	(178, '1', '', '', 34, 'salsa verde', 0.00, 0, 0),
	(1915, '1', '', '', 146, 'no cheese', 0.00, 90, 0),
	(180, '1', '', '', 34, 'onions', 0.00, 0, 0),
	(181, '1', '', '', 34, 'green peppers', 0.00, 0, 0),
	(2622, '1', '', '', 159, 'extra egg', 1.00, 506, 0),
	(184, '1', '', '', 35, 'no sauce', 0.00, 0, 0),
	(185, '1', '', '', 35, 'no sour cream', 0.00, 0, 0),
	(186, '1', '', '', 36, 'cheese', 0.00, 0, 0),
	(187, '1', '', '', 36, 'bean and cheese', 0.00, 0, 0),
	(188, '1', '', '', 36, 'cheese and meat ', 0.40, 0, 0),
	(189, '1', '', '', 37, ' no chips', 0.00, 0, 0),
	(190, '1', '', '', 37, 'no shell', 0.00, 0, 0),
	(191, '1', '', '', 37, 'no sour', 0.00, 0, 0),
	(192, '1', '', '', 37, 'no guac', 0.00, 0, 0),
	(193, '1', '', '', 37, 'cheese', 0.00, 0, 0),
	(194, '1', '', '', 37, 'corn', 0.00, 0, 0),
	(195, '1', '', '', 37, 'olives', 0.00, 0, 0),
	(196, '1', '', '', 37, 'extra meat', 2.50, 0, 0),
	(197, '1', '', '', 38, 'vegetarian ', 0.00, 0, 0),
	(198, '1', '', '', 38, 'chicken', 2.50, 0, 0),
	(199, '1', '', '', 38, 'steak', 2.50, 0, 0),
	(200, '1', '', '', 38, 'ground beef', 2.50, 0, 0),
	(201, '1', '', '', 38, 'carnitas', 2.50, 0, 0),
	(202, '1', '', '', 38, 'fish', 2.50, 0, 0),
	(204, '1', '', '', 39, 'chips', 0.00, 0, 0),
	(205, '1', '', '', 39, 'flour tortillas', 0.00, 0, 0),
	(206, '1', '', '', 39, 'corn tortillas', 0.00, 0, 0),
	(207, '1', '', '', 39, 'no tortillas', 0.00, 0, 0),
	(208, '1', '', '', 40, 'chicken', 0.00, 0, 0),
	(209, '1', '', '', 40, 'steak', 0.00, 0, 0),
	(210, '1', '', '', 39, 'extra meat', 2.50, 0, 0),
	(211, '1', '', '', 39, 'french fries', 2.00, 0, 0),
	(212, '1', '', '', 41, 'no guac', 0.00, 0, 0),
	(213, '1', '', '', 41, 'no olives', 0.00, 0, 0),
	(214, '1', '', '', 41, 'no onions', 0.00, 0, 0),
	(215, '1', '', '', 41, 'no cheese', 0.00, 0, 0),
	(216, '1', '', '', 41, 'ranch', 0.00, 0, 0),
	(217, '1', '', '', 41, 'italian', 0.00, 0, 0),
	(218, '1', '', '', 41, 'no corn', 0.00, 0, 0),
	(219, '1', '', '', 41, 'no peppers', 0.00, 0, 0),
	(220, '1', '', '', 41, 'no pico de gallo sliced avocado', 1.10, 0, 0),
	(222, '1', '', '', 41, 'guacamole', 1.10, 0, 0),
	(223, '1', '', '', 41, 'sour cream', 0.88, 0, 0),
	(224, '1', '', '', 41, 'jalopenos', 0.00, 0, 0),
	(225, '1', '', '', 41, 'picante', 0.00, 0, 0),
	(226, '1', '', '', 42, 'pinto', 0.00, 0, 0),
	(227, '1', '', '', 42, 'black', 0.00, 0, 0),
	(228, '1', '', '', 42, 'refried', 0.00, 0, 0),
	(229, '1', '', '', 43, 'cheese', 0.80, 0, 0),
	(230, '1', '', '', 43, 'sour cream', 0.80, 0, 0),
	(232, '1', '', '', 43, 'corn', 0.85, 0, 0),
	(233, '1', '', '', 43, 'spinach ', 1.25, 0, 0),
	(2648, '1', '', '', 55, 'fresh avocado', 2.40, 580, 0),
	(235, '1', '', '', 43, 'cheddar cheese', 0.80, 0, 0),
	(2644, '1', '', '', 43, 'extra pico de gallo', 0.75, 608, 0),
	(2374, '1', '', '', 43, 'extra cheese sauce', 1.95, 544, 0),
	(240, '1', '', '', 44, 'no guac', 0.00, 0, 0),
	(241, '1', '', '', 44, 'no olives', 0.00, 0, 0),
	(242, '1', '', '', 44, 'no onions', 0.00, 0, 0),
	(243, '1', '', '', 44, 'no cheese', 0.00, 0, 0),
	(244, '1', '', '', 44, 'ranch', 0.00, 0, 0),
	(245, '1', '', '', 44, 'italian', 0.00, 0, 0),
	(246, '1', '', '', 44, 'no corn', 0.00, 0, 0),
	(247, '1', '', '', 44, ' no peppers', 0.00, 0, 0),
	(248, '1', '', '', 44, 'no pico de gallo', 0.00, 0, 0),
	(249, '1', '', '', 45, 'chicken', 0.00, 0, 0),
	(250, '1', '', '', 45, 'steak', 0.00, 0, 0),
	(251, '1', '', '', 45, 'ground beef', 0.00, 0, 0),
	(252, '1', '', '', 45, 'carnitas', 0.00, 0, 0),
	(253, '1', '', '', 45, 'fish', 0.00, 0, 0),
	(265, '1', '', '', 50, 'cheese ', 0.80, 0, 0),
	(264, '1', '', '', 49, 'corn tortillas', 0.00, 0, 0),
	(263, '1', '', '', 49, 'flour tortillas', 0.00, 0, 0),
	(262, '1', '', '', 49, 'chips', 0.00, 0, 0),
	(258, '1', '', '', 47, 'guacamole', 0.00, 0, 0),
	(259, '1', '', '', 47, 'sliced avocado', 0.00, 0, 0),
	(260, '1', '', '', 48, 'carne asada', 0.00, 0, 0),
	(261, '1', '', '', 48, 'pollo asada', 0.00, 0, 0),
	(266, '1', '', '', 50, 'sour cream', 0.80, 0, 0),
	(2615, '1', '', '', 50, 'guacamole', 2.40, 579, 0),
	(2282, '1', '', '', 236, 'cilantro', 0.00, 51, 0),
	(1937, '1', '', '', 236, 'onions', 0.00, 53, 0),
	(271, '1', '', '', 50, 'cheddar cheese', 0.80, 0, 0),
	(274, '1', '', '', 51, 'flour tortillas', 0.00, 0, 0),
	(275, '1', '', '', 51, 'corn tortillas', 0.00, 0, 0),
	(276, '1', '', '', 51, 'no onions', 0.00, 0, 0),
	(277, '1', '', '', 51, 'no cilantro', 0.00, 0, 0),
	(279, '1', '', '', 51, 'grilled chicken', 0.00, 0, 0),
	(280, '1', '', '', 51, 'grilled steak', 0.00, 0, 0),
	(281, '1', '', '', 51, 'fish', 0.00, 0, 0),
	(282, '1', '', '', 51, 'guacamole', 0.00, 0, 0),
	(283, '1', '', '', 51, 'slice avocado', 0.00, 0, 0),
	(284, '1', '', '', 52, 'sliced avocado', 0.00, 0, 0),
	(285, '1', '', '', 52, 'guacamole', 0.00, 0, 0),
	(286, '1', '', '', 53, 'jack cheese', 0.00, 0, 0),
	(287, '1', '', '', 53, 'cheddar cheese', 0.00, 0, 0),
	(288, '1', '', '', 53, 'no cheese', 0.00, 0, 0),
	(289, '1', '', '', 52, 'none', 0.00, 0, 0),
	(290, '1', '', '', 54, 'chicken', 0.00, 0, 0),
	(291, '1', '', '', 54, 'steak', 0.00, 0, 0),
	(292, '1', '', '', 54, 'mix of chicken and steak', 0.00, 0, 0),
	(293, '1', '', '', 55, 'cheese ', 0.80, 0, 0),
	(294, '1', '', '', 55, 'sour cream', 0.80, 0, 0),
	(2655, '1', '', '', 279, 'tilapia fish fillet', 3.00, 541, 0),
	(2650, '1', '', '', 55, 'corn', 1.00, 655, 0),
	(297, '1', '', '', 55, 'spinach', 1.25, 0, 0),
	(298, '1', '', '', 55, ' extra salsa', 0.50, 0, 0),
	(299, '1', '', '', 55, 'cheddar cheese', 0.80, 0, 0),
	(2328, '1', '', '', 292, 'barbacoa', 0.00, 407, 0),
	(301, '1', '', '', 56, 'chicken', 0.00, 0, 0),
	(302, '1', '', '', 56, 'cheese', 0.00, 0, 0),
	(303, '1', '', '', 57, 'pinto', 0.00, 0, 0),
	(304, '1', '', '', 57, 'black', 0.00, 0, 0),
	(305, '1', '', '', 57, 'refried', 0.00, 0, 0),
	(306, '1', '', '', 57, 'brown rice', 0.00, 0, 0),
	(307, '1', '', '', 57, 'mexican rice', 0.00, 0, 0),
	(308, '1', '', '', 58, 'yes', 0.00, 0, 0),
	(309, '1', '', '', 58, 'no', 0.00, 0, 0),
	(310, '1', '', '', 59, 'no tortillas', 0.00, 0, 0),
	(311, '1', '', '', 59, 'chips', 0.00, 0, 0),
	(312, '1', '', '', 59, 'flour tortillas', 0.00, 0, 0),
	(313, '1', '', '', 59, 'corn tortillas', 0.00, 0, 0),
	(314, '1', '', '', 59, 'no guac', 0.00, 0, 0),
	(315, '1', '', '', 59, 'no onions', 0.00, 0, 0),
	(316, '1', '', '', 59, 'no cheese', 0.00, 0, 0),
	(317, '1', '', '', 59, 'no lime wedges', 0.00, 0, 0),
	(321, '1', '', '', 60, 'cheese', 0.80, 0, 0),
	(322, '1', '', '', 60, 'sour cream', 0.80, 0, 0),
	(2641, '1', '', '', 184, 'shrimp', 0.00, 452, 0),
	(324, '1', '', '', 60, 'corn', 0.85, 0, 0),
	(325, '1', '', '', 60, 'spinach', 1.25, 0, 0),
	(326, '1', '', '', 60, 'extra salsa', 0.50, 0, 0),
	(327, '1', '', '', 60, 'cheddar cheese', 0.80, 0, 0),
	(2638, '1', '', '', 60, 'fresh avocado', 2.40, 580, 0),
	(2643, '1', '', '', 43, 'guacamole', 2.40, 579, 0),
	(2397, '1', '', '', 273, 'turkey bacon', 1.95, 548, 0),
	(331, '1', '', '', 61, 'strawberry', 0.00, 0, 0),
	(332, '1', '', '', 61, 'banana', 0.00, 0, 0),
	(333, '1', '', '', 61, 'raspberry', 0.00, 0, 0),
	(334, '1', '', '', 61, 'pina colada', 0.00, 0, 0),
	(335, '1', '', '', 61, 'peach', 0.00, 0, 0),
	(336, '1', '', '', 61, 'mango', 0.00, 0, 0),
	(337, '1', '', '', 61, 'passion fruit', 0.00, 0, 0),
	(339, '1', '', '', 61, 'wild berry', 0.00, 0, 0),
	(340, '1', '', '', 62, 'strawberry', 0.00, 0, 0),
	(341, '1', '', '', 62, 'banan', 0.00, 0, 0),
	(342, '1', '', '', 62, 'banana', 0.00, 0, 0),
	(343, '1', '', '', 62, 'raspberry', 0.00, 0, 0),
	(344, '1', '', '', 62, 'pina colada', 0.00, 0, 0),
	(345, '1', '', '', 62, 'peach', 0.00, 0, 0),
	(346, '1', '', '', 62, 'mango', 0.00, 0, 0),
	(347, '1', '', '', 62, 'passion fruit', 0.00, 0, 0),
	(348, '1', '', '', 62, 'cappuccino ', 0.00, 0, 0),
	(349, '1', '', '', 62, 'wild berry', 0.00, 0, 0),
	(350, '1', '', '', 63, 'vanilla protein', 2.75, 0, 0),
	(351, '1', '', '', 63, 'chocolate protein', 2.75, 0, 0),
	(352, '1', '', '', 63, 'strawberry protein', 2.75, 0, 0),
	(353, '1', '', '', 64, 'classic', 0.00, 0, 0),
	(354, '1', '', '', 64, 'sprite', 0.00, 0, 0),
	(355, '1', '', '', 64, 'diet coke', 0.00, 0, 0),
	(356, '1', '', '', 65, 'vanilla protein', 0.00, 0, 0),
	(357, '1', '', '', 65, 'strawberry protein', 0.00, 0, 0),
	(358, '1', '', '', 65, 'chocolate protein', 0.00, 0, 0),
	(359, '1', '', '', 66, 'vanilla protein', 0.00, 0, 0),
	(360, '1', '', '', 66, 'strawberry protein', 0.00, 0, 0),
	(361, '1', '', '', 66, 'chocolate protein', 0.00, 0, 0),
	(362, '1', '', '', 67, 'ice cream', 0.00, 0, 0),
	(363, '1', '', '', 67, 'low fat yogurt', 0.00, 0, 0),
	(2616, '1', '', '', 50, 'fresh avocado', 2.40, 580, 0),
	(2618, '1', '', '', 50, 'chorizo', 2.75, 345, 0),
	(2614, '1', '', '', 68, 'deer park', 0.30, 650, 0),
	(367, '1', '', '', 69, 'small', 0.00, 0, 0),
	(2600, '1', '', '', 69, 'large', 0.55, 644, 0),
	(369, '1', '', '', 70, 'brownie', 1.50, 0, 0),
	(370, '1', '', '', 70, 'cookie', 1.50, 0, 0),
	(2380, '1', '', '', 304, 'salmon', 3.00, 424, 0),
	(2378, '1', '', '', 71, '20 oz fountain soda', 1.95, 546, 0),
	(373, '1', '', '', 72, 'small', 0.00, 0, 0),
	(2601, '1', '', '', 72, 'large', 0.55, 644, 0),
	(375, '1', '', '', 73, 'orange juice', 0.00, 0, 0),
	(376, '1', '', '', 73, 'apple juice', 0.00, 0, 0),
	(377, '1', '', '', 73, 'cranberry', 0.00, 0, 0),
	(378, '1', '', '', 73, 'plum', 0.00, 0, 0),
	(379, '1', '', '', 73, 'half & half', 0.00, 0, 0),
	(2657, '1', '', '', 161, 'guacamole', 0.00, 171, 0),
	(381, '1', '', '', 73, 'orange mango', 0.00, 0, 0),
	(382, '1', '', '', 73, 'pomegranate pear', 0.00, 0, 0),
	(1432, '1', '', '', 74, 'xxx', 0.00, 214, 0),
	(1433, '1', '', '', 74, 'power c', 0.00, 215, 0),
	(385, '1', '', '', 75, 'classic', 0.00, 0, 0),
	(386, '1', '', '', 75, 'diet coke', 0.00, 0, 0),
	(387, '1', '', '', 75, 'sprite', 0.00, 0, 0),
	(388, '1', '', '', 75, 'minute maid lemonade', 0.00, 0, 0),
	(438, '1', '', '', 78, 'chicken', 0.00, 24, 0),
	(437, '1', '', '', 78, 'veggie', 0.00, 23, 0),
	(435, '1', '', '', 0, 'cheese sauce', 0.00, 22, 0),
	(436, '1', '', '', 0, 'shredded cheese', 0.00, 21, 0),
	(439, '1', '', '', 78, 'steak', 0.00, 25, 0),
	(440, '1', '', '', 78, 'pork', 0.00, 26, 0),
	(441, '1', '', '', 78, 'ground beef', 0.00, 27, 0),
	(442, '1', '', '', 79, 'no salsa', 0.00, 28, 0),
	(444, '1', '', '', 79, 'no beans', 0.00, 29, 0),
	(445, '1', '', '', 79, 'pinto', 0.00, 30, 0),
	(446, '1', '', '', 79, 'black', 0.00, 31, 0),
	(447, '1', '', '', 79, 'refried', 0.00, 32, 0),
	(2058, '1', '', '', 80, 'monterey jack', 0.80, 438, 0),
	(2525, '1', '', '', 287, 'pollo asada', 2.90, 614, 0),
	(2526, '1', '', '', 287, 'barbacoa', 3.25, 618, 0),
	(2557, '1', '', '', 80, 'extra home fries', 1.85, 632, 0),
	(454, '1', '', '', 80, 'cheddar cheese', 0.80, 39, 0),
	(456, '1', '', '', 81, 'pinto', 0.00, 30, 0),
	(457, '1', '', '', 81, 'black', 0.00, 31, 0),
	(458, '1', '', '', 81, 'refried', 0.00, 32, 0),
	(459, '1', '', '', 81, 'no beans', 0.00, 29, 0),
	(460, '1', '', '', 82, 'mexican rice', 0.00, 41, 0),
	(461, '1', '', '', 82, 'brown rice', 0.00, 42, 0),
	(463, '1', '', '', 83, 'lettuce', 0.00, 46, 0),
	(464, '1', '', '', 83, 'plain tomatoes', 0.00, 47, 0),
	(2483, '1', '', '', 83, 'spinach', 0.00, 116, 0),
	(466, '1', '', '', 83, 'corn', 0.00, 50, 0),
	(2484, '1', '', '', 83, 'pico de gallo', 0.00, 156, 0),
	(468, '1', '', '', 83, 'cilantro', 0.00, 51, 0),
	(469, '1', '', '', 83, 'peppers', 0.00, 52, 0),
	(470, '1', '', '', 83, 'onions', 0.00, 53, 0),
	(473, '1', '', '', 83, 'olives', 0.00, 56, 0),
	(2628, '1', '', '', 168, 'extra chorizo', 2.75, 651, 0),
	(477, '1', '', '', 84, 'guacamole', 1.10, 35, 0),
	(478, '1', '', '', 84, 'sliced avocado', 1.10, 40, 0),
	(479, '1', '', '', 85, 'vegetarian', 0.00, 61, 0),
	(480, '1', '', '', 85, 'chicken', 1.25, 62, 0),
	(481, '1', '', '', 85, 'steak', 1.25, 63, 0),
	(482, '1', '', '', 85, 'pork', 1.25, 64, 0),
	(483, '1', '', '', 85, 'ground beef', 1.25, 65, 0),
	(484, '1', '', '', 85, 'fish', 1.25, 66, 0),
	(485, '1', '', '', 86, 'yes', 0.00, 67, 0),
	(486, '1', '', '', 86, 'no', 0.00, 68, 0),
	(487, '1', '', '', 87, 'yes', 0.00, 67, 0),
	(488, '1', '', '', 87, 'more beans', 0.00, 69, 0),
	(489, '1', '', '', 87, 'less beans', 0.00, 70, 0),
	(490, '1', '', '', 87, 'no beans', 0.00, 29, 0),
	(491, '1', '', '', 88, 'corn tortillas', 0.00, 71, 0),
	(2506, '1', '', '', 88, 'hard taco', 0.00, 338, 0),
	(2119, '1', '', '', 172, 'no rice', 0.00, 45, 0),
	(494, '1', '', '', 89, 'brown rice', 0.00, 42, 0),
	(495, '1', '', '', 89, 'mexican rice', 0.00, 41, 0),
	(496, '1', '', '', 89, 'no rice', 0.00, 45, 0),
	(497, '1', '', '', 90, 'french fries', 0.00, 74, 0),
	(498, '1', '', '', 90, 'home fries', 0.00, 75, 0),
	(499, '1', '', '', 90, 'plantain', 0.00, 76, 0),
	(500, '1', '', '', 91, 'black', 0.00, 31, 0),
	(501, '1', '', '', 91, 'refried', 0.00, 32, 0),
	(502, '1', '', '', 91, 'pinto', 0.00, 30, 0),
	(503, '1', '', '', 92, 'extra salsa', 0.50, 38, 0),
	(504, '1', '', '', 92, 'home fries', 0.50, 77, 0),
	(505, '1', '', '', 92, 'plantain', 0.65, 78, 0),
	(506, '1', '', '', 92, 'spinach', 0.50, 79, 0),
	(507, '1', '', '', 92, 'mushroom', 0.50, 80, 0),
	(509, '1', '', '', 92, 'sausage', 0.65, 81, 0),
	(510, '1', '', '', 92, 'bacon', 0.65, 82, 0),
	(511, '1', '', '', 92, 'guacamole', 0.50, 83, 0),
	(512, '1', '', '', 92, 'sour cream', 0.50, 84, 0),
	(513, '1', '', '', 92, 'cheese', 0.50, 85, 0),
	(514, '1', '', '', 92, 'corn tortillas', 0.20, 86, 0),
	(515, '1', '', '', 92, 'floured tortillas', 0.20, 87, 0),
	(516, '1', '', '', 93, 'no beans', 0.00, 29, 0),
	(517, '1', '', '', 93, 'no salsa', 0.00, 28, 0),
	(518, '1', '', '', 94, 'black', 0.00, 31, 0),
	(519, '1', '', '', 94, 'refried', 0.00, 32, 0),
	(520, '1', '', '', 94, 'pinto', 0.00, 30, 0),
	(521, '1', '', '', 94, 'more beans', 0.00, 69, 0),
	(522, '1', '', '', 94, 'less beans', 0.00, 70, 0),
	(523, '1', '', '', 94, 'no beans', 0.00, 29, 0),
	(524, '1', '', '', 95, 'chicken', 0.00, 24, 0),
	(525, '1', '', '', 95, 'steak', 0.00, 25, 0),
	(526, '1', '', '', 96, 'plantain', 0.00, 76, 0),
	(527, '1', '', '', 96, 'home fries', 0.00, 75, 0),
	(528, '1', '', '', 96, 'sweet potatoes', 0.00, 88, 0),
	(529, '1', '', '', 97, 'extra salsa', 0.50, 38, 0),
	(530, '1', '', '', 97, 'home fries', 0.50, 77, 0),
	(531, '1', '', '', 97, 'plantain', 0.65, 78, 0),
	(532, '1', '', '', 97, 'spinach', 0.50, 79, 0),
	(533, '1', '', '', 97, 'mushroom', 0.50, 80, 0),
	(534, '1', '', '', 97, 'sausage', 0.65, 81, 0),
	(535, '1', '', '', 97, 'bacon', 0.65, 82, 0),
	(536, '1', '', '', 97, 'guacamole', 0.50, 83, 0),
	(537, '1', '', '', 97, 'sour cream', 0.50, 84, 0),
	(538, '1', '', '', 97, 'cheese', 0.50, 85, 0),
	(539, '1', '', '', 97, 'whole wheat tortilla', 0.30, 89, 0),
	(540, '1', '', '', 97, 'corn tortillas', 0.20, 86, 0),
	(541, '1', '', '', 97, 'floured tortillas', 0.20, 87, 0),
	(542, '1', '', '', 98, 'no cheese', 0.00, 90, 0),
	(543, '1', '', '', 98, 'no salsa', 0.00, 28, 0),
	(544, '1', '', '', 98, 'corn tortillas', 0.00, 71, 0),
	(545, '1', '', '', 99, 'black', 0.00, 31, 0),
	(546, '1', '', '', 99, 'refried', 0.00, 32, 0),
	(547, '1', '', '', 99, 'pinto', 0.00, 30, 0),
	(548, '1', '', '', 99, 'more beans', 0.00, 69, 0),
	(549, '1', '', '', 99, 'less beans', 0.00, 70, 0),
	(550, '1', '', '', 99, 'no beans', 0.00, 29, 0),
	(551, '1', '', '', 100, 'home fries', 0.00, 75, 0),
	(552, '1', '', '', 100, 'plantain', 0.00, 76, 0),
	(553, '1', '', '', 100, 'french fries', 0.00, 74, 0),
	(554, '1', '', '', 101, 'extra salsa', 0.50, 38, 0),
	(555, '1', '', '', 101, 'home fries', 0.50, 77, 0),
	(556, '1', '', '', 101, 'plantain', 0.65, 78, 0),
	(557, '1', '', '', 101, 'spinach', 0.50, 79, 0),
	(558, '1', '', '', 101, 'mushroom', 0.50, 80, 0),
	(559, '1', '', '', 101, 'sausage', 0.65, 81, 0),
	(560, '1', '', '', 101, 'bacon', 0.65, 82, 0),
	(561, '1', '', '', 101, 'guacamole', 0.50, 83, 0),
	(562, '1', '', '', 101, 'sour cream', 0.50, 84, 0),
	(563, '1', '', '', 101, 'cheese', 0.50, 85, 0),
	(564, '1', '', '', 101, 'whole wheat tortilla', 0.30, 89, 0),
	(565, '1', '', '', 101, 'chorizo', 1.00, 91, 0),
	(566, '1', '', '', 101, 'corn tortillas', 0.20, 86, 0),
	(567, '1', '', '', 101, 'floured tortillas', 0.20, 87, 0),
	(568, '1', '', '', 102, 'scrambled eggs', 0.00, 92, 0),
	(569, '1', '', '', 102, 'veggie omelet', 0.00, 93, 0),
	(570, '1', '', '', 103, 'no green pepper', 0.00, 94, 0),
	(571, '1', '', '', 103, 'no salsa', 0.00, 28, 0),
	(572, '1', '', '', 103, 'no onions', 0.00, 95, 0),
	(573, '1', '', '', 103, 'plain tomatoes', 0.00, 47, 0),
	(574, '1', '', '', 103, 'no guacamole', 0.00, 96, 0),
	(575, '1', '', '', 103, 'no sour cream', 0.00, 97, 0),
	(576, '1', '', '', 104, 'shredded cheese', 0.00, 21, 0),
	(577, '1', '', '', 104, 'cheese sauce', 0.00, 22, 0),
	(578, '1', '', '', 105, 'extra salsa', 0.50, 38, 0),
	(579, '1', '', '', 105, 'spinach', 0.50, 79, 0),
	(580, '1', '', '', 105, 'mushroom', 0.50, 80, 0),
	(581, '1', '', '', 105, 'sausage', 0.65, 81, 0),
	(582, '1', '', '', 105, 'bacon', 0.65, 82, 0),
	(583, '1', '', '', 105, 'guacamole', 0.50, 83, 0),
	(584, '1', '', '', 105, 'sour cream', 0.50, 84, 0),
	(585, '1', '', '', 105, 'cheese', 0.50, 85, 0),
	(586, '1', '', '', 105, 'whole wheat tortilla', 0.30, 89, 0),
	(587, '1', '', '', 105, 'no onions', 0.00, 95, 0),
	(588, '1', '', '', 105, 'green peppers', 0.00, 98, 0),
	(589, '1', '', '', 105, 'tomatoes', 0.00, 99, 0),
	(590, '1', '', '', 105, 'cheddar cheese', 0.50, 100, 0),
	(591, '1', '', '', 105, 'jack cheese', 0.50, 101, 0),
	(592, '1', '', '', 106, 'bacon', 0.00, 102, 0),
	(593, '1', '', '', 106, 'sausage', 0.00, 103, 0),
	(594, '1', '', '', 106, 'ham', 0.00, 104, 0),
	(595, '1', '', '', 106, '2 eggs', 0.00, 105, 0),
	(596, '1', '', '', 107, 'none', 0.00, 73, 0),
	(597, '1', '', '', 107, 'bacon', 0.00, 102, 0),
	(598, '1', '', '', 107, 'sausage', 0.00, 103, 0),
	(599, '1', '', '', 107, 'ham', 0.00, 104, 0),
	(600, '1', '', '', 107, '2 eggs', 0.00, 105, 0),
	(601, '1', '', '', 108, 'bacon', 0.00, 102, 0),
	(602, '1', '', '', 108, 'sausage', 0.00, 103, 0),
	(603, '1', '', '', 108, 'ham', 0.00, 104, 0),
	(604, '1', '', '', 108, '2 eggs', 0.00, 105, 0),
	(605, '1', '', '', 109, 'none', 0.00, 73, 0),
	(606, '1', '', '', 109, 'bacon', 0.00, 102, 0),
	(607, '1', '', '', 109, 'sausage', 0.00, 103, 0),
	(608, '1', '', '', 109, 'ham', 0.00, 104, 0),
	(609, '1', '', '', 109, '2 eggs', 0.00, 105, 0),
	(610, '1', '', '', 110, 'bacon', 0.00, 102, 0),
	(611, '1', '', '', 110, 'sausage', 0.00, 103, 0),
	(612, '1', '', '', 110, 'ham', 0.00, 104, 0),
	(613, '1', '', '', 110, '2 eggs', 0.00, 105, 0),
	(614, '1', '', '', 111, 'none', 0.00, 73, 0),
	(615, '1', '', '', 111, 'bacon', 0.00, 102, 0),
	(616, '1', '', '', 111, 'sausage', 0.00, 103, 0),
	(617, '1', '', '', 111, 'ham', 0.00, 104, 0),
	(618, '1', '', '', 111, '2 eggs', 0.00, 105, 0),
	(619, '1', '', '', 112, 'none', 0.00, 73, 0),
	(620, '1', '', '', 112, 'sausage', 1.00, 106, 0),
	(621, '1', '', '', 112, 'ham', 1.00, 107, 0),
	(622, '1', '', '', 112, '2 eggs', 1.00, 108, 0),
	(631, '1', '', '', 113, 'sausage', 1.00, 106, 0),
	(632, '1', '', '', 113, 'ham', 1.00, 107, 0),
	(626, '1', '', '', 114, 'none', 0.00, 73, 0),
	(627, '1', '', '', 114, 'sausage', 1.00, 106, 0),
	(628, '1', '', '', 114, 'ham', 1.00, 107, 0),
	(629, '1', '', '', 114, '2 eggs', 1.00, 108, 0),
	(630, '1', '', '', 113, 'none', 0.00, 73, 0),
	(633, '1', '', '', 113, '2 eggs', 1.00, 108, 0),
	(634, '1', '', '', 115, 'none', 0.00, 73, 0),
	(635, '1', '', '', 115, 'sausage', 1.00, 106, 0),
	(636, '1', '', '', 115, 'ham', 1.00, 107, 0),
	(637, '1', '', '', 115, '2 eggs', 1.00, 108, 0),
	(638, '1', '', '', 116, 'syrup', 0.00, 109, 0),
	(2534, '1', '', '', 274, 'salmon', 16.00, 623, 0),
	(2532, '1', '', '', 274, 'veggie', 12.75, 621, 0),
	(641, '1', '', '', 116, 'no butter', 0.00, 112, 0),
	(642, '1', '', '', 117, 'home fries', 0.50, 77, 0),
	(643, '1', '', '', 117, 'bacon', 0.65, 82, 0),
	(644, '1', '', '', 117, 'cheese', 0.50, 85, 0),
	(645, '1', '', '', 118, 'regular', 0.00, 113, 0),
	(646, '1', '', '', 118, 'chips', 0.50, 114, 0),
	(647, '1', '', '', 118, 'cheese', 0.80, 33, 0),
	(648, '1', '', '', 118, 'sour cream', 0.80, 34, 0),
	(649, '1', '', '', 119, 'black', 0.00, 31, 0),
	(650, '1', '', '', 119, 'refried', 0.00, 32, 0),
	(651, '1', '', '', 119, 'pinto', 0.00, 30, 0),
	(652, '1', '', '', 119, 'more beans', 0.00, 69, 0),
	(653, '1', '', '', 119, 'less beans', 0.00, 70, 0),
	(654, '1', '', '', 119, 'no beans', 0.00, 29, 0),
	(655, '1', '', '', 120, 'mexican rice', 0.00, 41, 0),
	(656, '1', '', '', 120, 'brown rice', 0.00, 42, 0),
	(657, '1', '', '', 120, 'more rice', 0.00, 43, 0),
	(658, '1', '', '', 120, 'less rice', 0.00, 44, 0),
	(659, '1', '', '', 120, 'no rice', 0.00, 45, 0),
	(660, '1', '', '', 121, 'beans & rice', 0.00, 115, 0),
	(661, '1', '', '', 121, 'chicken', 0.00, 24, 0),
	(662, '1', '', '', 121, 'steak', 0.00, 25, 0),
	(663, '1', '', '', 121, 'carnitas', 0.00, 117, 0),
	(664, '1', '', '', 121, 'ground beef', 0.00, 27, 0),
	(665, '1', '', '', 121, 'pollo asada', 1.00, 118, 0),
	(666, '1', '', '', 121, 'carne asada', 1.00, 119, 0),
	(670, '1', '', '', 122, 'cilantro', 0.00, 51, 0),
	(671, '1', '', '', 122, 'onions', 0.00, 53, 0),
	(2048, '1', '', '', 122, 'fresh jalopenos', 0.00, 437, 0),
	(673, '1', '', '', 122, 'lettuce', 0.00, 46, 0),
	(674, '1', '', '', 122, 'hot', 0.00, 120, 0),
	(675, '1', '', '', 122, 'jalapenos', 0.00, 121, 0),
	(1957, '1', '', '', 271, 'fresh jalopenos', 0.00, 437, 0),
	(677, '1', '', '', 123, 'jack', 0.80, 123, 0),
	(678, '1', '', '', 123, 'cheddar cheese', 0.80, 39, 0),
	(679, '1', '', '', 123, 'guacamole', 1.10, 35, 0),
	(680, '1', '', '', 123, 'spinach', 1.25, 37, 0),
	(2136, '1', '', '', 123, 'mushrooms', 0.75, 157, 0),
	(682, '1', '', '', 123, 'extra salsa', 0.50, 38, 0),
	(1776, '1', '', '', 123, 'add sliced avocado', 1.10, 296, 0),
	(2533, '1', '', '', 274, 'tilapia', 15.00, 622, 0),
	(2464, '1', '', '', 273, 'mushrooms', 1.00, 581, 0),
	(689, '1', '', '', 124, 'hard', 0.00, 130, 0),
	(1871, '1', '', '', 124, 'corn tortilla', 0.00, 340, 0),
	(691, '1', '', '', 125, 'ground beef', 0.00, 27, 0),
	(692, '1', '', '', 125, 'chicken', 0.00, 24, 0),
	(693, '1', '', '', 125, 'steak', 0.00, 25, 0),
	(694, '1', '', '', 125, 'pork', 0.00, 26, 0),
	(695, '1', '', '', 125, 'carne asada', 0.75, 132, 0),
	(696, '1', '', '', 125, 'pollo asada', 0.75, 133, 0),
	(697, '1', '', '', 125, 'fish taco', 0.75, 134, 0),
	(698, '1', '', '', 125, 'chorizo', 1.00, 91, 0),
	(699, '1', '', '', 125, 'black beans taco', 0.00, 135, 0),
	(700, '1', '', '', 125, 'pinto beans taco', 0.00, 136, 0),
	(701, '1', '', '', 125, 'refried beans taco', 0.00, 137, 0),
	(708, '1', '', '', 126, 'hard', 0.00, 130, 0),
	(709, '1', '', '', 126, 'soft', 0.00, 131, 0),
	(710, '1', '', '', 127, 'ground beef', 0.00, 27, 0),
	(711, '1', '', '', 127, 'chicken', 0.00, 24, 0),
	(712, '1', '', '', 127, 'steak', 0.00, 25, 0),
	(713, '1', '', '', 127, 'pork', 0.00, 26, 0),
	(714, '1', '', '', 127, 'carne asada', 0.75, 132, 0),
	(715, '1', '', '', 127, 'pollo asada', 0.75, 133, 0),
	(716, '1', '', '', 127, 'fish taco', 0.75, 134, 0),
	(717, '1', '', '', 127, 'chorizo', 1.00, 91, 0),
	(718, '1', '', '', 127, 'black beans taco', 0.00, 135, 0),
	(719, '1', '', '', 127, 'pinto beans taco', 0.00, 136, 0),
	(720, '1', '', '', 127, 'refried beans taco', 0.00, 137, 0),
	(721, '1', '', '', 128, 'hard', 0.00, 130, 0),
	(722, '1', '', '', 128, 'soft', 0.00, 131, 0),
	(723, '1', '', '', 129, 'ground beef', 0.00, 27, 0),
	(724, '1', '', '', 129, 'chicken', 0.00, 24, 0),
	(725, '1', '', '', 129, 'steak', 0.00, 25, 0),
	(726, '1', '', '', 129, 'pork', 0.00, 26, 0),
	(727, '1', '', '', 129, 'carne asada', 0.75, 132, 0),
	(728, '1', '', '', 129, 'pollo asada', 0.75, 133, 0),
	(729, '1', '', '', 129, 'fish taco', 0.75, 134, 0),
	(730, '1', '', '', 129, 'chorizo', 1.00, 91, 0),
	(731, '1', '', '', 129, 'black beans taco', 0.00, 135, 0),
	(732, '1', '', '', 129, 'pinto beans taco', 0.00, 136, 0),
	(733, '1', '', '', 129, 'refried beans taco', 0.00, 137, 0),
	(734, '1', '', '', 130, 'no cheese', 0.00, 90, 0),
	(735, '1', '', '', 130, 'no salsa', 0.00, 28, 0),
	(736, '1', '', '', 130, 'plain tomatoes', 0.00, 47, 0),
	(737, '1', '', '', 130, 'no lettuce', 0.00, 138, 0),
	(738, '1', '', '', 130, 'cilantro', 0.00, 51, 0),
	(739, '1', '', '', 131, 'corn tortillas', 0.00, 71, 0),
	(740, '1', '', '', 131, 'soft flour tortillas', 0.00, 139, 0),
	(741, '1', '', '', 132, 'regular toppings', 0.00, 140, 0),
	(742, '1', '', '', 132, 'cheese', 0.80, 33, 0),
	(743, '1', '', '', 132, 'sour cream', 0.80, 34, 0),
	(744, '1', '', '', 132, 'guacamole', 1.10, 35, 0),
	(745, '1', '', '', 132, 'corn', 0.85, 36, 0),
	(746, '1', '', '', 132, 'spinach', 1.25, 37, 0),
	(747, '1', '', '', 132, 'extra salsa', 0.50, 38, 0),
	(748, '1', '', '', 132, 'cheddar cheese', 0.80, 39, 0),
	(749, '1', '', '', 133, 'more rice', 0.00, 43, 0),
	(750, '1', '', '', 133, 'less rice', 0.00, 44, 0),
	(751, '1', '', '', 133, 'no rice', 0.00, 45, 0),
	(752, '1', '', '', 133, 'no chips', 0.00, 141, 0),
	(753, '1', '', '', 133, 'no shelle', 0.00, 142, 0),
	(754, '1', '', '', 133, 'no sour cream', 0.00, 97, 0),
	(755, '1', '', '', 133, 'no guacamole', 0.00, 96, 0),
	(756, '1', '', '', 133, 'cheese', 0.00, 60, 0),
	(757, '1', '', '', 133, 'corn', 0.00, 50, 0),
	(758, '1', '', '', 133, 'olives', 0.00, 56, 0),
	(759, '1', '', '', 134, 'pinto', 0.00, 30, 0),
	(760, '1', '', '', 134, 'black', 0.00, 31, 0),
	(761, '1', '', '', 134, 'refried', 0.00, 32, 0),
	(762, '1', '', '', 134, 'more beans', 0.00, 69, 0),
	(763, '1', '', '', 134, 'less beans', 0.00, 70, 0),
	(764, '1', '', '', 134, 'no beans', 0.00, 29, 0),
	(765, '1', '', '', 135, 'vegetarian', 0.00, 61, 0),
	(766, '1', '', '', 135, 'chicken', 2.50, 143, 0),
	(767, '1', '', '', 135, 'steak', 2.50, 144, 0),
	(768, '1', '', '', 135, 'ground beef', 2.50, 145, 0),
	(769, '1', '', '', 135, 'carnitas', 2.50, 146, 0),
	(770, '1', '', '', 135, 'fish', 2.50, 147, 0),
	(771, '1', '', '', 136, 'mexican rice', 0.00, 41, 0),
	(772, '1', '', '', 136, 'brown rice', 0.00, 42, 0),
	(773, '1', '', '', 137, 'no salsa', 0.00, 28, 0),
	(774, '1', '', '', 137, 'corn salsa', 0.00, 49, 0),
	(775, '1', '', '', 137, 'hot jalapenos', 0.00, 148, 0),
	(776, '1', '', '', 137, 'cilantro', 0.00, 51, 0),
	(777, '1', '', '', 137, 'salsa verde', 0.00, 149, 0),
	(778, '1', '', '', 137, 'roast tomatoes', 0.00, 55, 0),
	(779, '1', '', '', 137, 'onions', 0.00, 53, 0),
	(780, '1', '', '', 137, 'green peppers', 0.00, 98, 0),
	(781, '1', '', '', 137, 'lettuce', 0.00, 46, 0),
	(782, '1', '', '', 137, 'plain tomatoes', 0.00, 47, 0),
	(1991, '1', '', '', 138, 'monterey jack', 0.80, 438, 0),
	(784, '1', '', '', 138, 'sour cream', 0.80, 34, 0),
	(2606, '1', '', '', 250, '20 oz', 3.75, 637, 0),
	(2129, '1', '', '', 29, 'jalapenos', 0.00, 121, 0),
	(787, '1', '', '', 138, 'spinach', 1.25, 37, 0),
	(2666, '1', '', '', 138, 'bacon', 1.95, 547, 0),
	(790, '1', '', '', 138, 'cheddar cheese', 0.80, 39, 0),
	(2490, '1', '', '', 314, 'egg and cheese sandwich', 4.95, 600, 0),
	(793, '1', '', '', 77, 'shredded cheese', 0.00, 21, 0),
	(794, '1', '', '', 77, 'cheese sauce', 0.00, 22, 0),
	(795, '1', '', '', 139, 'veggie', 0.00, 23, 0),
	(796, '1', '', '', 139, 'chicken', 0.00, 24, 0),
	(797, '1', '', '', 139, 'steak', 0.00, 25, 0),
	(798, '1', '', '', 139, 'pork', 0.00, 26, 0),
	(799, '1', '', '', 139, 'ground beef', 0.00, 27, 0),
	(800, '1', '', '', 140, 'pinto', 0.00, 30, 0),
	(801, '1', '', '', 140, 'black', 0.00, 31, 0),
	(802, '1', '', '', 140, 'refried', 0.00, 32, 0),
	(1935, '1', '', '', 236, 'lettuce', 0.00, 46, 0),
	(804, '1', '', '', 140, 'no beans', 0.00, 29, 0),
	(1966, '1', '', '', 141, 'monterey jack', 0.80, 438, 0),
	(806, '1', '', '', 141, 'sour cream', 0.80, 34, 0),
	(807, '1', '', '', 141, 'guacamole', 1.10, 35, 0),
	(808, '1', '', '', 141, 'corn', 0.85, 36, 0),
	(809, '1', '', '', 141, 'spinach', 1.25, 37, 0),
	(810, '1', '', '', 141, 'extra salsa', 0.50, 38, 0),
	(813, '1', '', '', 141, 'sliced avocado', 1.10, 40, 0),
	(812, '1', '', '', 141, 'cheddar cheese', 0.80, 39, 0),
	(814, '1', '', '', 142, 'chicken', 0.00, 24, 0),
	(815, '1', '', '', 142, 'steak', 0.00, 25, 0),
	(816, '1', '', '', 142, 'carnitas', 0.00, 117, 0),
	(817, '1', '', '', 142, 'ground beef', 0.00, 27, 0),
	(818, '1', '', '', 145, 'regular', 0.00, 113, 0),
	(819, '1', '', '', 145, 'whole wheat', 0.50, 125, 0),
	(820, '1', '', '', 145, 'spinach', 0.50, 79, 0),
	(821, '1', '', '', 145, 'jalapeno tortilla', 0.50, 128, 0),
	(822, '1', '', '', 145, 'tomato tortilla', 0.50, 127, 0),
	(825, '1', '', '', 143, 'cheese', 0.80, 33, 0),
	(826, '1', '', '', 143, 'sour cream', 0.80, 34, 0),
	(827, '1', '', '', 143, 'guacamole', 1.10, 35, 0),
	(2134, '1', '', '', 306, 'ground beef', 0.00, 27, 0),
	(829, '1', '', '', 143, 'spinach', 1.25, 37, 0),
	(830, '1', '', '', 143, 'extra salsa', 0.50, 38, 0),
	(833, '1', '', '', 144, 'no cheese', 0.00, 90, 0),
	(832, '1', '', '', 143, 'cheddar cheese', 0.80, 39, 0),
	(834, '1', '', '', 144, 'no salsa', 0.00, 28, 0),
	(835, '1', '', '', 144, 'lettuce', 0.00, 46, 0),
	(836, '1', '', '', 144, 'hot', 0.00, 120, 0),
	(837, '1', '', '', 144, 'jalapenos', 0.00, 121, 0),
	(2367, '1', '', '', 275, 'tilapia fish fillet', 3.00, 541, 0),
	(1803, '1', '', '', 275, 'grilled chicken', 0.00, 168, 0),
	(2658, '1', '', '', 161, 'fresh avocado', 0.00, 643, 0),
	(843, '1', '', '', 146, 'plain tomatoes', 0.00, 47, 0),
	(844, '1', '', '', 146, 'jalapenos', 0.00, 121, 0),
	(846, '1', '', '', 146, 'cilantro', 0.00, 51, 0),
	(2110, '1', '', '', 123, 'bacon', 0.85, 456, 0),
	(2664, '1', '', '', 312, 'tomato tortilla', 0.75, 577, 0),
	(2671, '1', '', '', 256, '14" big daddy with cheese', 8.00, 405, 0),
	(2651, '1', '', '', 279, 'lengua', 7.00, 559, 0),
	(852, '1', '', '', 146, 'pico de gallo', 0.00, 156, 0),
	(2040, '1', '', '', 261, 'turkey bacon', 0.00, 458, 0),
	(1921, '1', '', '', 146, 'cheddar cheese', 0.00, 179, 0),
	(1958, '1', '', '', 272, 'no cheese', 0.00, 90, 0),
	(858, '1', '', '', 146, 'green peppers', 0.00, 98, 0),
	(859, '1', '', '', 147, 'black beans', 0.00, 159, 0),
	(860, '1', '', '', 147, 'pinto beans', 0.00, 160, 0),
	(861, '1', '', '', 147, 'refried beans', 0.00, 161, 0),
	(862, '1', '', '', 147, 'chicken', 1.25, 62, 0),
	(863, '1', '', '', 147, 'steak', 1.25, 63, 0),
	(864, '1', '', '', 147, 'pork', 1.25, 64, 0),
	(865, '1', '', '', 147, 'ground beef', 1.25, 65, 0),
	(866, '1', '', '', 148, 'black beans', 0.50, 162, 0),
	(867, '1', '', '', 148, 'pinto beans', 0.50, 163, 0),
	(868, '1', '', '', 148, 'refriend beans', 0.50, 164, 0),
	(870, '1', '', '', 149, 'jack cheese', 0.80, 165, 0),
	(871, '1', '', '', 149, 'sour cream', 0.80, 34, 0),
	(872, '1', '', '', 149, 'guacamole', 1.10, 35, 0),
	(873, '1', '', '', 149, 'extra salsa', 0.50, 38, 0),
	(874, '1', '', '', 149, 'cheddar cheese', 0.80, 39, 0),
	(2538, '1', '', '', 274, 'ground beef', 14.50, 626, 0),
	(2540, '1', '', '', 274, 'carnitas', 14.50, 625, 0),
	(2014, '1', '', '', 271, 'monterey jack', 0.00, 238, 0),
	(2118, '1', '', '', 172, 'white rice', 0.00, 441, 0),
	(2536, '1', '', '', 274, 'grilled steak', 15.00, 628, 0),
	(883, '1', '', '', 150, 'guacamole', 0.00, 171, 0),
	(884, '1', '', '', 150, 'slice avocado', 0.00, 172, 0),
	(2477, '1', '', '', 269, 'barbacoa', 8.90, 591, 0),
	(886, '1', '', '', 151, 'hot', 0.00, 120, 0),
	(887, '1', '', '', 151, 'jalapenos', 0.00, 121, 0),
	(888, '1', '', '', 151, 'cilantro', 0.00, 51, 0),
	(2462, '1', '', '', 273, 'guacamole', 2.40, 579, 0),
	(1833, '1', '', '', 259, 'no beans', 0.00, 29, 0),
	(891, '1', '', '', 151, 'onions', 0.00, 53, 0),
	(892, '1', '', '', 151, 'green peppers', 0.00, 98, 0),
	(1834, '1', '', '', 295, 'barbacoa', 0.00, 407, 0),
	(894, '1', '', '', 151, 'plain tomatoes', 0.00, 47, 0),
	(895, '1', '', '', 152, 'cheese', 0.80, 33, 0),
	(896, '1', '', '', 152, 'sour cream', 0.80, 34, 0),
	(898, '1', '', '', 152, 'corn', 0.85, 36, 0),
	(899, '1', '', '', 152, 'spinach', 1.25, 37, 0),
	(2520, '1', '', '', 152, 'extra pico de gallo', 0.75, 608, 0),
	(901, '1', '', '', 152, 'cheddar cheese', 0.80, 39, 0),
	(2518, '1', '', '', 152, 'fresh avocado', 2.40, 580, 0),
	(903, '1', '', '', 153, 'more rice', 0.00, 43, 0),
	(904, '1', '', '', 153, 'less rice', 0.00, 44, 0),
	(905, '1', '', '', 153, 'no rice', 0.00, 45, 0),
	(1780, '1', '', '', 154, 'hard taco', 0.00, 338, 0),
	(908, '1', '', '', 154, 'flour tortillas', 0.00, 166, 0),
	(909, '1', '', '', 154, 'corn tortillas', 0.00, 71, 0),
	(910, '1', '', '', 155, 'pinto', 0.00, 30, 0),
	(911, '1', '', '', 155, 'black', 0.00, 31, 0),
	(912, '1', '', '', 155, 'refried', 0.00, 32, 0),
	(2393, '1', '', '', 159, 'turkey bacon', 1.95, 548, 0),
	(2102, '1', '', '', 181, 'balsamic vinnaigrette', 0.00, 450, 0),
	(915, '1', '', '', 155, 'no beans', 0.00, 29, 0),
	(916, '1', '', '', 156, 'mexican rice', 0.00, 41, 0),
	(917, '1', '', '', 156, 'brown rice', 0.00, 42, 0),
	(918, '1', '', '', 157, 'carne asada', 0.00, 173, 0),
	(919, '1', '', '', 157, 'pollo asada', 0.00, 174, 0),
	(920, '1', '', '', 158, 'no salsa', 0.00, 28, 0),
	(921, '1', '', '', 158, 'corn salsa', 0.00, 49, 0),
	(922, '1', '', '', 158, 'hot', 0.00, 120, 0),
	(923, '1', '', '', 158, 'jalapenos', 0.00, 121, 0),
	(924, '1', '', '', 158, 'cilantro', 0.00, 51, 0),
	(925, '1', '', '', 158, 'salsa verde', 0.00, 149, 0),
	(926, '1', '', '', 158, 'roast tomatoes', 0.00, 55, 0),
	(927, '1', '', '', 158, 'onions', 0.00, 53, 0),
	(928, '1', '', '', 158, 'green peppers', 0.00, 98, 0),
	(929, '1', '', '', 158, 'lettuce', 0.00, 46, 0),
	(930, '1', '', '', 158, 'plain tomatoes', 0.00, 47, 0),
	(2078, '1', '', '', 159, 'monterey jack', 0.80, 438, 0),
	(2141, '1', '', '', 146, 'spinach', 0.00, 116, 0),
	(2026, '1', '', '', 24, 'plain tomatoes', 0.00, 47, 0),
	(2543, '1', '', '', 159, 'extra pico de gallo', 0.75, 608, 0),
	(937, '1', '', '', 159, 'cheddar cheese', 0.80, 39, 0),
	(2298, '1', '', '', 321, 'lettuce', 0.00, 46, 0),
	(2299, '1', '', '', 321, 'tomatoes', 0.00, 99, 0),
	(941, '1', '', '', 160, 'more rice', 0.00, 43, 0),
	(942, '1', '', '', 160, 'less rice', 0.00, 44, 0),
	(943, '1', '', '', 160, 'no rice', 0.00, 45, 0),
	(944, '1', '', '', 160, 'no tortillas', 0.00, 176, 0),
	(945, '1', '', '', 160, 'chips', 0.00, 72, 0),
	(946, '1', '', '', 160, 'flour tortillas', 0.00, 166, 0),
	(947, '1', '', '', 160, 'corn tortillas', 0.00, 71, 0),
	(948, '1', '', '', 160, 'no guacamole', 0.00, 96, 0),
	(949, '1', '', '', 160, 'no onions', 0.00, 95, 0),
	(2051, '1', '', '', 122, 'pico de gallo', 0.00, 156, 0),
	(2508, '1', '', '', 318, 'mexican chorizo', 0.00, 271, 0),
	(2667, '1', '', '', 138, 'turkey bacon', 1.95, 548, 0),
	(955, '1', '', '', 162, 'jack cheese', 0.00, 178, 0),
	(956, '1', '', '', 162, 'cheddar cheese', 0.00, 179, 0),
	(957, '1', '', '', 162, 'no cheese', 0.00, 90, 0),
	(958, '1', '', '', 163, 'corn tortillas', 0.00, 71, 0),
	(959, '1', '', '', 163, 'chips', 0.00, 72, 0),
	(960, '1', '', '', 164, 'chicken', 0.00, 24, 0),
	(961, '1', '', '', 164, 'steak', 0.00, 25, 0),
	(962, '1', '', '', 164, 'mix of chicken and steak', 0.00, 180, 0),
	(963, '1', '', '', 165, 'pinto', 0.00, 30, 0),
	(964, '1', '', '', 165, 'black', 0.00, 31, 0),
	(965, '1', '', '', 165, 'refried', 0.00, 32, 0),
	(966, '1', '', '', 165, 'more beans', 0.00, 69, 0),
	(967, '1', '', '', 165, 'less beans', 0.00, 70, 0),
	(968, '1', '', '', 165, 'no beans', 0.00, 29, 0),
	(969, '1', '', '', 166, 'mexican rice', 0.00, 41, 0),
	(970, '1', '', '', 166, 'brown rice', 0.00, 42, 0),
	(971, '1', '', '', 167, 'no salsa', 0.00, 28, 0),
	(2355, '1', '', '', 279, 'a la pastor', 1.00, 536, 0),
	(973, '1', '', '', 167, 'hot', 0.00, 120, 0),
	(974, '1', '', '', 167, 'jalapenos', 0.00, 121, 0),
	(975, '1', '', '', 167, 'cilantro', 0.00, 51, 0),
	(1835, '1', '', '', 295, 'a la pastor', 0.00, 409, 0),
	(2323, '1', '', '', 290, 'grilled steak', 1.00, 520, 0),
	(980, '1', '', '', 167, 'no lettuce', 0.00, 138, 0),
	(981, '1', '', '', 167, 'plain tomatoes', 0.00, 47, 0),
	(2183, '1', '', '', 168, 'monterey jack', 0.80, 438, 0),
	(983, '1', '', '', 168, 'sour cream', 0.80, 34, 0),
	(2095, '1', '', '', 213, 'jalapenos', 0.00, 121, 0),
	(2507, '1', '', '', 318, 'chicken', 0.00, 24, 0),
	(988, '1', '', '', 168, 'cheddar cheese', 0.80, 39, 0),
	(2612, '1', '', '', 299, 'pico de gallo', 1.50, 648, 0),
	(990, '1', '', '', 169, 'more rice', 0.00, 43, 0),
	(991, '1', '', '', 169, 'less rice', 0.00, 44, 0),
	(992, '1', '', '', 169, 'no rice', 0.00, 45, 0),
	(993, '1', '', '', 169, 'no tortillas', 0.00, 176, 0),
	(994, '1', '', '', 169, 'chips', 0.00, 72, 0),
	(995, '1', '', '', 169, 'flour tortillas', 0.00, 166, 0),
	(996, '1', '', '', 169, 'corn tortillas', 0.00, 71, 0),
	(997, '1', '', '', 169, 'no guacamole', 0.00, 96, 0),
	(998, '1', '', '', 169, 'no onions', 0.00, 95, 0),
	(999, '1', '', '', 169, 'no cheese', 0.00, 90, 0),
	(1000, '1', '', '', 169, 'no lime wedge', 0.00, 182, 0),
	(1001, '1', '', '', 170, 'pinto', 0.00, 30, 0),
	(1002, '1', '', '', 170, 'black', 0.00, 31, 0),
	(1003, '1', '', '', 170, 'refried', 0.00, 32, 0),
	(1006, '1', '', '', 170, 'no beans', 0.00, 29, 0),
	(1007, '1', '', '', 171, 'sliced avocado', 0.00, 177, 0),
	(1008, '1', '', '', 171, 'guacamole', 0.00, 171, 0),
	(1944, '1', '', '', 272, 'no salsa', 0.00, 28, 0),
	(1010, '1', '', '', 172, 'mexican rice', 0.00, 41, 0),
	(1011, '1', '', '', 172, 'brown rice', 0.00, 42, 0),
	(1012, '1', '', '', 173, 'no salsa', 0.00, 28, 0),
	(1013, '1', '', '', 173, 'corn salsa', 0.00, 49, 0),
	(1014, '1', '', '', 173, 'jalapenos', 0.00, 121, 0),
	(1015, '1', '', '', 173, 'cilantro', 0.00, 51, 0),
	(1016, '1', '', '', 173, 'salsa verde', 0.00, 149, 0),
	(1017, '1', '', '', 173, 'roast tomatoes', 0.00, 55, 0),
	(1018, '1', '', '', 173, 'onions', 0.00, 53, 0),
	(1019, '1', '', '', 173, 'green peppers', 0.00, 98, 0),
	(1020, '1', '', '', 173, 'lettuce', 0.00, 46, 0),
	(1021, '1', '', '', 173, 'plain tomatoes', 0.00, 47, 0),
	(2598, '1', '', '', 174, 'monterey jack', 0.80, 438, 0),
	(1023, '1', '', '', 174, 'sour cream', 0.80, 34, 0),
	(2441, '1', '', '', 210, 'extra black beans', 1.85, 566, 0),
	(1026, '1', '', '', 174, 'spinach', 1.25, 37, 0),
	(1027, '1', '', '', 174, 'extra salsa', 0.50, 38, 0),
	(1028, '1', '', '', 174, 'cheddar cheese', 0.80, 39, 0),
	(2517, '1', '', '', 152, 'extra meat', 4.00, 516, 0),
	(1032, '1', '', '', 175, 'pinto', 0.00, 30, 0),
	(1033, '1', '', '', 175, 'black', 0.00, 31, 0),
	(1034, '1', '', '', 175, 'refried', 0.00, 32, 0),
	(1035, '1', '', '', 176, 'normal', 0.00, 184, 0),
	(1036, '1', '', '', 176, 'chips with salsa', 0.30, 185, 0),
	(1037, '1', '', '', 176, 'chips with guacamole', 0.85, 186, 0),
	(1038, '1', '', '', 177, 'black', 0.00, 31, 0),
	(1039, '1', '', '', 177, 'pinto', 0.00, 30, 0),
	(1040, '1', '', '', 177, 'refried', 0.00, 32, 0),
	(1041, '1', '', '', 178, 'mexican rice', 0.00, 41, 0),
	(1042, '1', '', '', 178, 'brown rice', 0.00, 42, 0),
	(1043, '1', '', '', 179, '4oz', 0.00, 187, 0),
	(1044, '1', '', '', 179, '8oz', 4.00, 188, 0),
	(1045, '1', '', '', 179, '12oz', 12.00, 189, 0),
	(1046, '1', '', '', 180, '4oz', 0.00, 187, 0),
	(1047, '1', '', '', 180, '8oz', 2.00, 190, 0),
	(1048, '1', '', '', 180, '12oz', 8.00, 191, 0),
	(1049, '1', '', '', 182, '4oz', 0.00, 187, 0),
	(1050, '1', '', '', 182, '8oz', 3.00, 192, 0),
	(1051, '1', '', '', 182, '12oz', 8.00, 191, 0),
	(2630, '1', '', '', 183, 'salmon fillet', 4.00, 542, 0),
	(2126, '1', '', '', 28, 'bean and cheese', 0.00, 383, 1),
	(2642, '1', '', '', 43, 'fresh avocado', 2.40, 580, 0),
	(1056, '1', '', '', 185, 'no cheese', 0.00, 90, 0),
	(1057, '1', '', '', 185, 'no salsa', 0.00, 28, 0),
	(1058, '1', '', '', 186, 'home fries', 0.00, 75, 0),
	(1059, '1', '', '', 186, 'plantain', 0.00, 76, 0),
	(1060, '1', '', '', 186, 'french fries', 0.00, 74, 0),
	(1061, '1', '', '', 187, 'cheese', 0.50, 85, 0),
	(1062, '1', '', '', 187, 'spinach', 0.50, 79, 0),
	(1063, '1', '', '', 187, 'mushrooms', 0.50, 194, 0),
	(1064, '1', '', '', 187, 'bacon', 0.50, 195, 0),
	(1065, '1', '', '', 187, 'ham', 0.50, 196, 0),
	(1066, '1', '', '', 187, 'green peppers', 0.00, 98, 0),
	(1067, '1', '', '', 187, 'tomatoes', 0.00, 99, 0),
	(1068, '1', '', '', 187, 'onions', 0.00, 53, 0),
	(1069, '1', '', '', 188, 'no cheese', 0.00, 90, 0),
	(1070, '1', '', '', 188, 'no peppers', 0.00, 197, 0),
	(1071, '1', '', '', 188, 'no onions', 0.00, 95, 0),
	(1072, '1', '', '', 188, 'no tomatoes', 0.00, 198, 0),
	(1073, '1', '', '', 189, 'home fries', 0.00, 75, 0),
	(1074, '1', '', '', 189, 'plantain', 0.00, 76, 0),
	(1075, '1', '', '', 189, 'french fries', 0.00, 74, 0),
	(1076, '1', '', '', 190, 'cheese', 0.50, 85, 0),
	(1077, '1', '', '', 190, 'spinach', 0.50, 79, 0),
	(1078, '1', '', '', 190, 'mushrooms', 0.50, 194, 0),
	(1079, '1', '', '', 190, 'bacon', 0.50, 195, 0),
	(1080, '1', '', '', 190, 'ham', 0.50, 196, 0),
	(1081, '1', '', '', 190, 'green peppers', 0.00, 98, 0),
	(1083, '1', '', '', 190, 'tomatoes', 0.50, 199, 0),
	(1084, '1', '', '', 190, 'onions', 0.00, 53, 0),
	(1085, '1', '', '', 191, 'no cheese', 0.00, 90, 0),
	(1086, '1', '', '', 191, 'no green peppers', 0.00, 181, 0),
	(1087, '1', '', '', 191, 'no onions', 0.00, 95, 0),
	(1088, '1', '', '', 192, 'home fries', 0.00, 75, 0),
	(1089, '1', '', '', 192, 'plantain', 0.00, 76, 0),
	(2114, '1', '', '', 213, 'cheddar cheese', 0.00, 179, 0),
	(2509, '1', '', '', 193, 'add extra monterey jack cheese', 0.80, 290, 0),
	(2510, '1', '', '', 193, 'mushrooms', 1.00, 581, 0),
	(2511, '1', '', '', 193, 'bacon', 1.00, 496, 0),
	(2512, '1', '', '', 193, 'guacamole', 2.40, 579, 0),
	(1096, '1', '', '', 193, 'green peppers', 0.00, 98, 0),
	(1098, '1', '', '', 193, 'onions', 0.00, 53, 0),
	(1099, '1', '', '', 194, 'no cheese', 0.00, 90, 0),
	(1100, '1', '', '', 195, 'home fries', 0.00, 75, 0),
	(1101, '1', '', '', 195, 'plantain', 0.00, 76, 0),
	(1103, '1', '', '', 196, 'yes', 0.00, 67, 0),
	(1104, '1', '', '', 196, 'no', 0.00, 68, 0),
	(1105, '1', '', '', 197, 'french fries', 0.00, 74, 0),
	(1106, '1', '', '', 197, 'home fries', 0.00, 75, 0),
	(1107, '1', '', '', 197, 'sweet potatoes', 0.00, 88, 0),
	(1108, '1', '', '', 197, 'plantain', 0.00, 76, 0),
	(1109, '1', '', '', 198, 'corn tortillas', 0.00, 71, 0),
	(1110, '1', '', '', 198, 'sub chips', 0.00, 200, 0),
	(1111, '1', '', '', 199, 'black', 0.00, 31, 0),
	(1112, '1', '', '', 199, 'refried', 0.00, 32, 0),
	(1113, '1', '', '', 199, 'pinto', 0.00, 30, 0),
	(1114, '1', '', '', 200, 'more beans', 0.00, 69, 0),
	(1115, '1', '', '', 200, 'less beans', 0.00, 70, 0),
	(1116, '1', '', '', 200, 'no beans', 0.00, 29, 0),
	(1117, '1', '', '', 201, 'chicken', 0.00, 24, 0),
	(1118, '1', '', '', 201, 'steak', 0.00, 25, 0),
	(1119, '1', '', '', 202, 'extra salsa', 0.50, 38, 0),
	(1120, '1', '', '', 202, 'home fries', 0.50, 77, 0),
	(1121, '1', '', '', 202, 'plantain', 0.65, 78, 0),
	(1122, '1', '', '', 202, 'spinach', 0.50, 79, 0),
	(1123, '1', '', '', 202, 'mushroom', 0.50, 80, 0),
	(1124, '1', '', '', 202, 'sausage', 0.65, 81, 0),
	(1125, '1', '', '', 202, 'bacon', 0.65, 82, 0),
	(1126, '1', '', '', 202, 'guacamole', 0.50, 83, 0),
	(1127, '1', '', '', 202, 'sour cream', 0.50, 84, 0),
	(1128, '1', '', '', 202, 'cheese', 0.50, 85, 0),
	(1129, '1', '', '', 202, 'whole wheat tortilla', 0.30, 89, 0),
	(1130, '1', '', '', 202, 'extra home fries', 0.50, 201, 0),
	(1131, '1', '', '', 202, 'extra f. fries', 0.50, 202, 0),
	(1132, '1', '', '', 202, 'extra plantain', 0.50, 203, 0),
	(1133, '1', '', '', 202, 'onions', 0.00, 53, 0),
	(1134, '1', '', '', 202, 'green peppers', 0.00, 98, 0),
	(1135, '1', '', '', 202, 'tomatoes', 0.50, 199, 0),
	(1136, '1', '', '', 202, 'bacon', 0.50, 195, 0),
	(1137, '1', '', '', 202, 'spinach tortilla', 0.50, 126, 0),
	(1138, '1', '', '', 202, 'cheddar cheese', 0.50, 100, 0),
	(1139, '1', '', '', 202, 'jack cheese', 0.50, 101, 0),
	(1140, '1', '', '', 203, 'plantain', 0.00, 76, 0),
	(1141, '1', '', '', 203, 'sweet potato fries', 0.00, 204, 0),
	(1142, '1', '', '', 203, 'home fries', 0.00, 75, 0),
	(1143, '1', '', '', 203, 'french fries', 0.00, 74, 0),
	(1144, '1', '', '', 204, 'yes', 0.00, 67, 0),
	(1145, '1', '', '', 204, 'no', 0.00, 68, 0),
	(1146, '1', '', '', 205, 'yes', 0.00, 67, 0),
	(1147, '1', '', '', 205, 'more beans', 0.00, 69, 0),
	(1148, '1', '', '', 205, 'less beans', 0.00, 70, 0),
	(1149, '1', '', '', 205, 'no beans', 0.00, 29, 0),
	(1150, '1', '', '', 206, 'mexican rice', 0.00, 41, 0),
	(1151, '1', '', '', 206, 'brown rice', 0.00, 42, 0),
	(1152, '1', '', '', 206, 'no rice', 0.00, 45, 0),
	(1153, '1', '', '', 207, 'queso fresco', 0.00, 205, 0),
	(1154, '1', '', '', 207, 'jack cheese', 0.00, 178, 0),
	(1155, '1', '', '', 207, 'cheddar cheese', 0.00, 179, 0),
	(1156, '1', '', '', 208, 'no beans', 0.00, 29, 0),
	(1157, '1', '', '', 208, 'no salsa', 0.00, 28, 0),
	(1158, '1', '', '', 208, 'no cheese', 0.00, 90, 0),
	(1159, '1', '', '', 209, 'corn tortillas', 0.00, 71, 0),
	(1160, '1', '', '', 209, 'sub chips', 0.00, 200, 0),
	(2447, '1', '', '', 306, 'vegiterian / vegan : type in choice of beans', 0.00, 568, 0),
	(1164, '1', '', '', 211, 'extra salsa', 0.50, 38, 0),
	(1165, '1', '', '', 211, 'home fries', 0.50, 77, 0),
	(1166, '1', '', '', 211, 'plantain', 0.65, 78, 0),
	(1167, '1', '', '', 211, 'spinach', 0.50, 79, 0),
	(1168, '1', '', '', 211, 'mushroom', 0.50, 80, 0),
	(1169, '1', '', '', 211, 'sausage', 0.65, 81, 0),
	(1170, '1', '', '', 211, 'bacon', 0.65, 82, 0),
	(1171, '1', '', '', 211, 'guacamole', 0.50, 83, 0),
	(1172, '1', '', '', 211, 'sour cream', 0.50, 84, 0),
	(1173, '1', '', '', 211, 'cheese', 0.50, 85, 0),
	(1174, '1', '', '', 211, 'whole wheat tortilla', 0.30, 89, 0),
	(1175, '1', '', '', 211, 'extra home fries', 0.50, 201, 0),
	(1176, '1', '', '', 211, 'extra f. fries', 0.50, 202, 0),
	(1177, '1', '', '', 211, 'extra plantain', 0.50, 203, 0),
	(1178, '1', '', '', 211, 'onions', 0.00, 53, 0),
	(1179, '1', '', '', 211, 'green peppers', 0.00, 98, 0),
	(1180, '1', '', '', 211, 'tomatoes', 0.50, 199, 0),
	(1181, '1', '', '', 211, 'bacon', 0.50, 195, 0),
	(1182, '1', '', '', 211, 'cheddar cheese', 0.50, 100, 0),
	(1183, '1', '', '', 211, 'jack cheese', 0.50, 101, 0),
	(1184, '1', '', '', 212, 'scrambled eggs', 0.00, 92, 0),
	(1185, '1', '', '', 212, 'veggie omelet', 0.00, 93, 0),
	(2144, '1', '', '', 213, 'onions', 0.00, 53, 0),
	(2143, '1', '', '', 213, 'no cheese', 0.00, 90, 0),
	(2094, '1', '', '', 213, 'fresh jalopenos', 0.00, 437, 0),
	(1189, '1', '', '', 213, 'plain tomatoes', 0.00, 47, 0),
	(2113, '1', '', '', 213, 'monterey jack', 0.00, 238, 0),
	(1192, '1', '', '', 214, 'shredded cheese', 0.00, 21, 0),
	(1193, '1', '', '', 214, 'cheese sauce', 0.00, 22, 0),
	(1194, '1', '', '', 215, 'extra salsa', 0.50, 38, 0),
	(1195, '1', '', '', 215, 'spinach', 0.50, 79, 0),
	(1196, '1', '', '', 215, 'mushroom', 0.50, 80, 0),
	(1197, '1', '', '', 215, 'sausage', 0.65, 81, 0),
	(1198, '1', '', '', 215, 'bacon', 0.65, 82, 0),
	(1199, '1', '', '', 215, 'guacamole', 0.50, 83, 0),
	(1200, '1', '', '', 215, 'sour cream', 0.50, 84, 0),
	(1201, '1', '', '', 215, 'cheese', 0.50, 85, 0),
	(1202, '1', '', '', 215, 'whole wheat tortilla', 0.30, 89, 0),
	(1203, '1', '', '', 215, 'onions', 0.00, 53, 0),
	(1204, '1', '', '', 215, 'green peppers', 0.00, 98, 0),
	(1205, '1', '', '', 215, 'tomatoes', 0.50, 199, 0),
	(1206, '1', '', '', 215, 'bacon', 0.50, 195, 0),
	(1207, '1', '', '', 215, 'cheddar cheese', 0.50, 100, 0),
	(1208, '1', '', '', 215, 'jack cheese', 0.50, 101, 0),
	(1209, '1', '', '', 216, 'bacon', 0.00, 102, 0),
	(1210, '1', '', '', 216, 'sausage', 0.00, 103, 0),
	(1211, '1', '', '', 216, 'ham', 0.00, 104, 0),
	(1212, '1', '', '', 216, '2 eggs', 0.00, 105, 0),
	(1213, '1', '', '', 217, 'bacon', 0.00, 102, 0),
	(1214, '1', '', '', 217, 'sausage', 0.00, 103, 0),
	(1215, '1', '', '', 217, 'ham', 0.00, 104, 0),
	(1216, '1', '', '', 217, '2 eggs', 0.00, 105, 0),
	(1217, '1', '', '', 218, 'bacon', 0.00, 102, 0),
	(1218, '1', '', '', 218, 'sausage', 0.00, 103, 0),
	(1219, '1', '', '', 218, 'ham', 0.00, 104, 0),
	(1220, '1', '', '', 218, '2 eggs', 0.00, 105, 0),
	(1221, '1', '', '', 219, 'no bacon', 0.00, 110, 0),
	(1222, '1', '', '', 219, 'no sausage', 0.00, 111, 0),
	(1223, '1', '', '', 220, 'extra salsa', 0.50, 38, 0),
	(1224, '1', '', '', 220, 'home fries', 0.50, 77, 0),
	(1227, '1', '', '', 220, 'spinach', 0.50, 79, 0),
	(1226, '1', '', '', 220, 'plantain', 0.65, 78, 0),
	(1228, '1', '', '', 220, 'mushroom', 0.50, 80, 0),
	(1229, '1', '', '', 220, 'sausage', 0.65, 81, 0),
	(1230, '1', '', '', 220, 'bacon', 0.65, 82, 0),
	(1231, '1', '', '', 220, 'guacamole', 0.50, 83, 0),
	(1232, '1', '', '', 220, 'cheese', 0.50, 85, 0),
	(1233, '1', '', '', 221, 'bacon', 0.00, 102, 0),
	(1234, '1', '', '', 221, 'sausage', 0.00, 103, 0),
	(1235, '1', '', '', 221, 'ham', 0.00, 104, 0),
	(1236, '1', '', '', 221, '2 eggs', 0.00, 105, 0),
	(1237, '1', '', '', 222, 'bacon', 0.00, 102, 0),
	(1238, '1', '', '', 222, 'sausage', 0.00, 103, 0),
	(1239, '1', '', '', 222, 'ham', 0.00, 104, 0),
	(1240, '1', '', '', 222, '2 eggs', 0.00, 105, 0),
	(1241, '1', '', '', 223, 'bacon', 0.00, 102, 0),
	(1242, '1', '', '', 223, 'sausage', 0.00, 103, 0),
	(1243, '1', '', '', 223, 'ham', 0.00, 104, 0),
	(1244, '1', '', '', 223, '2 eggs', 0.00, 105, 0),
	(1245, '1', '', '', 224, 'bacon', 0.00, 102, 0),
	(1246, '1', '', '', 224, 'sausage', 0.00, 103, 0),
	(1247, '1', '', '', 224, 'ham', 0.00, 104, 0),
	(1248, '1', '', '', 224, '2 eggs', 0.00, 105, 0),
	(1249, '1', '', '', 225, 'no bacon', 0.00, 110, 0),
	(1250, '1', '', '', 225, 'no sausage', 0.00, 111, 0),
	(2472, '1', '', '', 284, '14" tortilla', 9.00, 573, 0),
	(2156, '1', '', '', 226, 'mushrooms', 0.75, 157, 0),
	(2158, '1', '', '', 226, 'monterey jack', 0.80, 438, 0),
	(2155, '1', '', '', 226, 'turkey bacon', 0.85, 457, 0),
	(2154, '1', '', '', 226, 'bacon', 0.85, 456, 0),
	(2157, '1', '', '', 226, 'cheddar cheese', 0.80, 39, 0),
	(1260, '1', '', '', 227, 'bacon', 0.00, 102, 0),
	(1261, '1', '', '', 227, 'sausage', 0.00, 103, 0),
	(1262, '1', '', '', 227, 'ham', 0.00, 104, 0),
	(1263, '1', '', '', 227, '2 eggs', 0.00, 105, 0),
	(1264, '1', '', '', 228, 'no beans', 0.00, 29, 0),
	(1265, '1', '', '', 228, 'no rice', 0.00, 45, 0),
	(1266, '1', '', '', 228, 'no sauce', 0.00, 206, 0),
	(1267, '1', '', '', 228, 'no cheese', 0.00, 90, 0),
	(1268, '1', '', '', 229, 'queso fresco', 0.00, 205, 0),
	(1269, '1', '', '', 229, 'cheddar cheese', 0.00, 179, 0),
	(1270, '1', '', '', 229, 'jack cheese', 0.00, 178, 0),
	(1271, '1', '', '', 230, 'black', 0.00, 31, 0),
	(1272, '1', '', '', 230, 'pinto', 0.00, 30, 0),
	(1273, '1', '', '', 230, 'refried', 0.00, 32, 0),
	(1274, '1', '', '', 231, 'corn tortillas', 0.00, 71, 0),
	(1275, '1', '', '', 231, 'sub chips', 0.00, 200, 0),
	(1276, '1', '', '', 232, 'extra salsa', 0.50, 38, 0),
	(1277, '1', '', '', 232, 'home fries', 0.50, 77, 0),
	(1278, '1', '', '', 232, 'plantain', 0.65, 78, 0),
	(1279, '1', '', '', 232, 'spinach', 0.50, 79, 0),
	(1280, '1', '', '', 232, 'mushroom', 0.50, 80, 0),
	(1281, '1', '', '', 232, 'sausage', 0.65, 81, 0),
	(1282, '1', '', '', 232, 'bacon', 0.65, 82, 0),
	(1283, '1', '', '', 232, 'guacamole', 0.50, 83, 0),
	(1284, '1', '', '', 232, 'sour cream', 0.50, 84, 0),
	(1285, '1', '', '', 232, 'cheese', 0.50, 85, 0),
	(1286, '1', '', '', 232, 'whole wheat tortilla', 0.30, 89, 0),
	(1287, '1', '', '', 232, 'extra home fries', 0.50, 201, 0),
	(1288, '1', '', '', 232, 'extra f. fries', 0.50, 202, 0),
	(1289, '1', '', '', 232, 'extra plantain', 0.50, 203, 0),
	(1290, '1', '', '', 232, 'onions', 0.00, 53, 0),
	(1291, '1', '', '', 232, 'green peppers', 0.00, 98, 0),
	(1292, '1', '', '', 232, 'tomatoes', 0.50, 199, 0),
	(1293, '1', '', '', 232, 'bacon', 0.50, 195, 0),
	(1294, '1', '', '', 232, 'cheddar cheese', 0.50, 100, 0),
	(1295, '1', '', '', 232, 'jack cheese', 0.50, 101, 0),
	(1296, '1', '', '', 233, 'cheddar cheese', 0.00, 179, 0),
	(1297, '1', '', '', 233, 'jack cheese', 0.00, 178, 0),
	(1298, '1', '', '', 233, 'no cheese', 0.00, 90, 0),
	(1299, '1', '', '', 234, 'no salsa', 0.00, 28, 0),
	(1300, '1', '', '', 234, 'plain tomatoes', 0.00, 47, 0),
	(2587, '1', '', '', 291, 'cheese', 3.50, 641, 0),
	(2588, '1', '', '', 291, 'with carnitas', 3.50, 640, 0),
	(2585, '1', '', '', 272, 'fresh jalopenos', 0.00, 437, 0),
	(2586, '1', '', '', 291, 'bean and cheese', 3.50, 642, 0),
	(2584, '1', '', '', 272, 'fresh tomatoes', 0.00, 639, 0),
	(2583, '1', '', '', 272, 'green peppers', 0.00, 98, 0),
	(2582, '1', '', '', 272, 'onions', 0.00, 53, 0),
	(2581, '1', '', '', 272, 'cheddar cheese', 0.00, 179, 0),
	(2578, '1', '', '', 253, '20 oz', 3.75, 637, 0),
	(2577, '1', '', '', 253, '32 oz', 4.99, 638, 0),
	(2576, '1', '', '', 317, 'flour tortillas', 0.00, 166, 0),
	(2573, '1', '', '', 319, 'guacamole', 2.40, 579, 0),
	(2572, '1', '', '', 319, 'fresh avocado', 2.40, 580, 0),
	(2571, '1', '', '', 318, 'turkey sausage', 0.00, 636, 0),
	(2569, '1', '', '', 235, 'upgrade to 12" tortilla', 2.50, 635, 0),
	(1323, '1', '', '', 236, 'no cheese', 0.00, 90, 0),
	(1941, '1', '', '', 236, 'fresh jalopenos', 0.00, 437, 0),
	(1325, '1', '', '', 236, 'plain tomatoes', 0.00, 47, 0),
	(1326, '1', '', '', 237, 'pinto beans', 0.50, 163, 0),
	(1327, '1', '', '', 237, 'refried beans', 0.50, 212, 0),
	(1328, '1', '', '', 237, 'black beans', 0.50, 162, 0),
	(1329, '1', '', '', 238, 'extra salsa', 0.50, 38, 0),
	(1330, '1', '', '', 238, 'home fries', 0.50, 77, 0),
	(1331, '1', '', '', 238, 'plantain', 0.50, 213, 0),
	(1332, '1', '', '', 238, 'spinach', 0.50, 79, 0),
	(1333, '1', '', '', 238, 'extra mushroom', 0.50, 208, 0),
	(1334, '1', '', '', 238, 'extra sausage', 0.65, 209, 0),
	(1335, '1', '', '', 238, 'bacon', 0.65, 82, 0),
	(1336, '1', '', '', 238, 'guacamole', 0.50, 83, 0),
	(1337, '1', '', '', 238, 'sour cream', 0.50, 84, 0),
	(1338, '1', '', '', 238, 'cheese', 0.50, 85, 0),
	(1339, '1', '', '', 238, 'whole wheat', 0.50, 125, 0),
	(1340, '1', '', '', 238, 'tomatoes', 0.50, 199, 0),
	(1341, '1', '', '', 238, 'mushrooms', 0.50, 194, 0),
	(1342, '1', '', '', 238, 'ham', 0.50, 196, 0),
	(1343, '1', '', '', 238, 'bacon', 0.50, 195, 0),
	(1344, '1', '', '', 238, 'cheddar cheese', 0.50, 100, 0),
	(1345, '1', '', '', 238, 'jack cheese', 0.50, 101, 0),
	(1346, '1', '', '', 238, 'all flavored tortillas', 0.30, 211, 0),
	(1347, '1', '', '', 238, 'hot jalapenos', 0.00, 148, 0),
	(1348, '1', '', '', 238, 'onions', 0.00, 53, 0),
	(1349, '1', '', '', 238, 'green peppers', 0.00, 98, 0),
	(1350, '1', '', '', 239, 'no salsa', 0.00, 28, 0),
	(1351, '1', '', '', 239, 'plain tomatoes', 0.00, 47, 0),
	(1352, '1', '', '', 240, 'extra salsa', 0.00, 207, 0),
	(1353, '1', '', '', 240, 'home fries', 0.50, 77, 0),
	(1354, '1', '', '', 240, 'plantain', 0.50, 213, 0),
	(1355, '1', '', '', 240, 'spinach', 0.50, 79, 0),
	(1356, '1', '', '', 240, 'extra mushroom', 0.50, 208, 0),
	(1357, '1', '', '', 240, 'extra sausage', 0.65, 209, 0),
	(1358, '1', '', '', 240, 'bacon', 0.65, 82, 0),
	(1359, '1', '', '', 240, 'guacamole', 0.50, 83, 0),
	(1363, '1', '', '', 240, 'cheese', 0.50, 85, 0),
	(1362, '1', '', '', 240, 'sour cream', 0.50, 84, 0),
	(1366, '1', '', '', 240, 'tomatoes', 0.50, 199, 0),
	(1365, '1', '', '', 240, 'whole wheat', 0.30, 210, 0),
	(1367, '1', '', '', 240, 'mushrooms', 0.50, 194, 0),
	(1368, '1', '', '', 240, 'ham', 0.50, 196, 0),
	(1369, '1', '', '', 240, 'bacon', 0.50, 195, 0),
	(1370, '1', '', '', 240, 'cheddar cheese', 0.50, 100, 0),
	(1371, '1', '', '', 240, 'jack cheese', 0.50, 101, 0),
	(1372, '1', '', '', 240, 'all flavored tortillas', 0.30, 211, 0),
	(1373, '1', '', '', 240, 'hot jalapenos', 0.00, 148, 0),
	(1374, '1', '', '', 240, 'onions', 0.00, 53, 0),
	(1375, '1', '', '', 240, 'green peppers', 0.00, 98, 0),
	(1376, '1', '', '', 241, 'no cheese', 0.00, 90, 0),
	(1377, '1', '', '', 241, 'no salsa', 0.00, 28, 0),
	(1378, '1', '', '', 241, 'plain tomatoes', 0.00, 47, 0),
	(1379, '1', '', '', 242, 'plantain', 0.00, 76, 0),
	(1380, '1', '', '', 242, 'home fries', 0.00, 75, 0),
	(2052, '1', '', '', 161, 'no guacamole', 0.00, 96, 0),
	(1382, '1', '', '', 243, 'extra salsa', 0.00, 207, 0),
	(1383, '1', '', '', 243, 'home fries', 0.50, 77, 0),
	(1384, '1', '', '', 243, 'plantain', 0.50, 213, 0),
	(1385, '1', '', '', 243, 'spinach', 0.50, 79, 0),
	(1386, '1', '', '', 243, 'extra mushroom', 0.50, 208, 0),
	(1387, '1', '', '', 243, 'extra sausage', 0.65, 209, 0),
	(1388, '1', '', '', 243, 'bacon', 0.65, 82, 0),
	(1389, '1', '', '', 243, 'guacamole', 0.50, 83, 0),
	(1390, '1', '', '', 243, 'sour cream', 0.50, 84, 0),
	(1391, '1', '', '', 243, 'cheese', 0.50, 85, 0),
	(1392, '1', '', '', 243, 'whole wheat', 0.30, 210, 0),
	(1393, '1', '', '', 243, 'tomatoes', 0.50, 199, 0),
	(1394, '1', '', '', 243, 'mushrooms', 0.50, 194, 0),
	(1395, '1', '', '', 243, 'ham', 0.50, 196, 0),
	(1396, '1', '', '', 243, 'bacon', 0.50, 195, 0),
	(1397, '1', '', '', 243, 'cheddar cheese', 0.50, 100, 0),
	(1398, '1', '', '', 243, 'jack cheese', 0.50, 101, 0),
	(1399, '1', '', '', 243, 'all flavored tortillas', 0.30, 211, 0),
	(1400, '1', '', '', 243, 'hot jalapenos', 0.00, 148, 0),
	(1401, '1', '', '', 243, 'onions', 0.00, 53, 0),
	(1402, '1', '', '', 243, 'green peppers', 0.00, 98, 0),
	(1403, '1', '', '', 244, 'no cheese', 0.00, 90, 0),
	(1404, '1', '', '', 244, 'no salsa', 0.00, 28, 0),
	(1405, '1', '', '', 244, 'no sausage', 0.00, 111, 0),
	(1406, '1', '', '', 244, 'no bacon', 0.00, 110, 0),
	(2619, '1', '', '', 7, 'fresh avocado', 2.40, 580, 0),
	(1408, '1', '', '', 245, 'home fries', 0.00, 75, 0),
	(1409, '1', '', '', 245, 'plantain', 0.00, 76, 0),
	(1410, '1', '', '', 246, 'extra salsa', 0.00, 207, 0),
	(1411, '1', '', '', 246, 'extra home fries', 0.50, 201, 0),
	(1412, '1', '', '', 246, 'plantain', 0.50, 213, 0),
	(1413, '1', '', '', 246, 'spinach', 0.50, 79, 0),
	(1414, '1', '', '', 246, 'extra mushroom', 0.50, 208, 0),
	(1415, '1', '', '', 246, 'extra sausage', 0.65, 209, 0),
	(1418, '1', '', '', 246, 'guacamole', 0.50, 83, 0),
	(1417, '1', '', '', 246, 'bacon', 0.65, 82, 0),
	(1419, '1', '', '', 246, 'sour cream', 0.50, 84, 0),
	(1420, '1', '', '', 246, 'cheese', 0.50, 85, 0),
	(1421, '1', '', '', 246, 'whole wheat', 0.30, 210, 0),
	(1422, '1', '', '', 246, 'tomatoes', 0.50, 199, 0),
	(1423, '1', '', '', 246, 'mushrooms', 0.50, 194, 0),
	(1424, '1', '', '', 246, 'ham', 0.50, 196, 0),
	(1425, '1', '', '', 246, 'bacon', 0.50, 195, 0),
	(1426, '1', '', '', 246, 'cheddar cheese', 0.50, 100, 0),
	(1427, '1', '', '', 246, 'jack cheese', 0.50, 101, 0),
	(1428, '1', '', '', 246, 'all flavored tortillas', 0.30, 211, 0),
	(1429, '1', '', '', 246, 'hot jalapenos', 0.00, 148, 0),
	(1430, '1', '', '', 246, 'onions', 0.00, 53, 0),
	(1431, '1', '', '', 246, 'green peppers', 0.00, 98, 0),
	(1434, '1', '', '', 247, 'coke', 0.00, 216, 0),
	(1435, '1', '', '', 247, '12oz', 8.00, 191, 0),
	(1436, '1', '', '', 247, 'diet coke', 0.00, 217, 0),
	(1437, '1', '', '', 247, 'sprite', 0.00, 218, 0),
	(1438, '1', '', '', 247, 'minute maid lemonade', 0.00, 219, 0),
	(1439, '1', '', '', 248, 'coke', 0.00, 216, 0),
	(1440, '1', '', '', 248, 'diet coke', 0.00, 217, 0),
	(1441, '1', '', '', 248, 'sprite', 0.00, 218, 0),
	(1442, '1', '', '', 249, 'tamarindo', 0.00, 220, 0),
	(1443, '1', '', '', 249, 'mandarina', 0.00, 221, 0),
	(2316, '1', '', '', 251, '32 oz', 4.50, 525, 0),
	(2580, '1', '', '', 272, 'monterey jack', 0.00, 238, 0),
	(2579, '1', '', '', 272, 'sour cream', 0.00, 59, 0),
	(2357, '1', '', '', 294, 'shrimp', 18.75, 538, 0),
	(2428, '1', '', '', 43, 'bacon', 1.95, 547, 0),
	(1452, '1', '', '', 254, 'mango', 0.00, 228, 0),
	(1453, '1', '', '', 254, 'strawberry', 0.00, 229, 0),
	(1454, '1', '', '', 254, 'banana', 0.00, 230, 0),
	(1455, '1', '', '', 254, 'peach', 0.00, 231, 0),
	(1456, '1', '', '', 254, 'wild berry', 0.00, 232, 0),
	(1457, '1', '', '', 254, 'raspberry', 0.00, 233, 0),
	(1458, '1', '', '', 254, 'passion fruit', 0.00, 234, 0),
	(1459, '1', '', '', 254, 'pina collada', 0.00, 235, 0),
	(1460, '1', '', '', 255, 'vanilla', 0.00, 236, 0),
	(1461, '1', '', '', 255, 'strawberry', 0.00, 229, 0),
	(1462, '1', '', '', 255, 'chocolate', 0.00, 237, 0),
	(1463, '1', '', '', 256, 'cheddar cheese', 0.00, 179, 0),
	(1464, '1', '', '', 256, 'monterey jack', 0.00, 238, 0),
	(2599, '1', '', '', 174, 'extra pico de gallo', 0.75, 608, 0),
	(2391, '1', '', '', 306, 'grilled steak', 1.00, 520, 0),
	(2385, '1', '', '', 159, 'bacon', 1.95, 547, 0),
	(1715, '1', '', '', 285, 'carnitas', 0.00, 117, 0),
	(1753, '1', '', '', 297, 'no cheese', 0.00, 90, 0),
	(2591, '1', '', '', 257, 'lettuce', 0.00, 46, 0),
	(1701, '1', '', '', 257, 'jalapenos', 0.00, 121, 0),
	(2098, '1', '', '', 213, 'no green peppers', 0.00, 181, 0),
	(2608, '1', '', '', 174, 'fresh avocado', 2.40, 580, 0),
	(2438, '1', '', '', 285, 'salmon', 4.00, 564, 0),
	(2145, '1', '', '', 213, 'green peppers', 0.00, 98, 0),
	(2354, '1', '', '', 279, 'barbacoa', 1.00, 535, 0),
	(2003, '1', '', '', 184, 'grilled steak', 0.00, 169, 0),
	(1876, '1', '', '', 24, 'cilantro', 0.00, 51, 0),
	(2513, '1', '', '', 193, 'fresh avocado', 2.40, 580, 0),
	(2120, '1', '', '', 150, 'no guacamole', 0.00, 96, 0),
	(2128, '1', '', '', 29, 'fresh jalopenos', 0.00, 437, 0),
	(2065, '1', '', '', 206, 'white rice', 0.00, 441, 0),
	(2368, '1', '', '', 275, 'salmon fillet', 4.00, 542, 0),
	(2369, '1', '', '', 275, 'shrimp', 5.05, 543, 0),
	(1805, '1', '', '', 275, 'carnitas', 0.00, 117, 0),
	(2493, '1', '', '', 314, 'egg and turkey bacon sandwich', 5.50, 605, 0),
	(2366, '1', '', '', 275, 'grilled steak', 1.00, 520, 0),
	(1926, '1', '', '', 257, 'fresh jalopenos', 0.00, 437, 0),
	(1492, '1', '', '', 258, 'home fries', 0.00, 75, 0),
	(1493, '1', '', '', 258, 'plantain', 0.00, 76, 0),
	(1494, '1', '', '', 259, 'black beans', 0.00, 159, 0),
	(1495, '1', '', '', 259, 'pinto beans', 0.00, 160, 0),
	(1496, '1', '', '', 259, 'refried beans', 0.00, 161, 0),
	(1497, '1', '', '', 260, 'scrambled eggs', 0.00, 92, 0),
	(1498, '1', '', '', 260, 'fried eggs', 0.00, 266, 0),
	(1499, '1', '', '', 260, 'over easy eggs', 0.00, 267, 0),
	(1500, '1', '', '', 260, 'sunny side up eggs', 0.00, 268, 0),
	(1501, '1', '', '', 261, 'bacon', 0.00, 102, 0),
	(1502, '1', '', '', 261, 'sausage', 0.00, 103, 0),
	(1503, '1', '', '', 261, 'ham', 0.00, 104, 0),
	(1504, '1', '', '', 262, 'corn tortillas', 0.00, 71, 0),
	(1505, '1', '', '', 262, 'corn chips', 0.00, 269, 0),
	(1506, '1', '', '', 263, 'grilled steak', 0.00, 169, 0),
	(1507, '1', '', '', 263, 'grilled chicken', 0.00, 168, 0),
	(1508, '1', '', '', 264, '3 corn tortillas', 0.00, 270, 0),
	(1509, '1', '', '', 264, 'corn chips', 0.00, 269, 0),
	(1510, '1', '', '', 265, 'plantain', 0.00, 76, 0),
	(1511, '1', '', '', 265, 'home fries', 0.00, 75, 0),
	(1512, '1', '', '', 265, 'french fries', 0.00, 74, 0),
	(1513, '1', '', '', 266, 'bacon', 0.00, 102, 0),
	(1514, '1', '', '', 266, 'ham', 0.00, 104, 0),
	(1515, '1', '', '', 267, 'mexican chorizo', 0.00, 271, 0),
	(1516, '1', '', '', 267, 'sausage', 0.00, 103, 0),
	(1517, '1', '', '', 268, 'plantain', 0.00, 76, 0),
	(1518, '1', '', '', 268, 'home fries', 0.00, 75, 0),
	(2480, '1', '', '', 269, 'a la pastor', 8.90, 592, 0),
	(2451, '1', '', '', 269, 'grilled chicken', 7.90, 570, 0),
	(2519, '1', '', '', 152, 'guacamole', 2.40, 579, 0),
	(2455, '1', '', '', 277, '12" tortilla', 8.00, 571, 0),
	(2516, '1', '', '', 294, 'chicken', 14.00, 518, 0),
	(2476, '1', '', '', 269, 'chorizo', 8.90, 589, 0),
	(1528, '1', '', '', 270, 'mexican rice', 0.00, 41, 0),
	(2482, '1', '', '', 269, 'ground beef', 7.90, 597, 0),
	(1529, '1', '', '', 270, 'brown rice', 0.00, 42, 0),
	(2411, '1', '', '', 269, 'salmon', 14.75, 554, 0),
	(1741, '1', '', '', 309, 'bean and cheese', 0.00, 383, 1),
	(2670, '1', '', '', 270, 'add corn salsa', 0.25, 354, 0),
	(2300, '1', '', '', 321, 'onions', 0.00, 53, 0),
	(2087, '1', '', '', 178, 'white rice', 0.00, 441, 0),
	(2537, '1', '', '', 274, 'grilled chicken', 14.50, 624, 0),
	(2531, '1', '', '', 287, 'shrimp', 3.75, 612, 0),
	(1719, '1', '', '', 271, 'cilantro', 0.00, 51, 0),
	(1542, '1', '', '', 272, 'hot sauce', 0.00, 282, 0),
	(1543, '1', '', '', 272, 'salsa verde', 0.00, 149, 0),
	(1544, '1', '', '', 272, 'corn salsa', 0.00, 49, 0),
	(1983, '1', '', '', 271, 'no salsa', 0.00, 28, 0),
	(1961, '1', '', '', 270, 'white rice', 0.00, 441, 0),
	(2288, '1', '', '', 272, 'lettuce', 0.00, 46, 0),
	(2541, '1', '', '', 273, 'bacon', 1.95, 547, 0),
	(2653, '1', '', '', 279, 'shrimp', 6.00, 652, 0),
	(2315, '1', '', '', 251, '20 oz', 2.95, 524, 0),
	(2229, '1', '', '', 313, 'white', 0.00, 488, 0),
	(1953, '1', '', '', 273, 'monterey jack', 0.80, 438, 0),
	(1951, '1', '', '', 273, 'cheddar cheese', 0.80, 39, 0),
	(1950, '1', '', '', 273, 'sour cream', 0.80, 34, 0),
	(2463, '1', '', '', 273, 'fresh avocado', 2.40, 580, 0),
	(1948, '1', '', '', 273, 'spinach', 1.25, 37, 0),
	(2465, '1', '', '', 280, '12" tortilla', 10.00, 582, 0),
	(2417, '1', '', '', 269, 'shrimp', 14.75, 558, 0),
	(1848, '1', '', '', 271, 'cheddar cheese', 0.00, 179, 0),
	(1839, '1', '', '', 270, 'no rice', 0.00, 45, 0),
	(2609, '1', '', '', 174, 'guacamole', 2.40, 579, 0),
	(2548, '1', '', '', 1, 'whole wheat tortilla', 0.75, 576, 0),
	(2539, '1', '', '', 274, 'shredded chicken', 14.50, 629, 0),
	(1872, '1', '', '', 24, 'sour cream', 0.00, 59, 0),
	(1867, '1', '', '', 295, 'pinto beans', 0.00, 160, 0),
	(1868, '1', '', '', 295, 'black beans', 0.00, 159, 0),
	(2457, '1', '', '', 277, 'little brother', 6.00, 574, 0),
	(2456, '1', '', '', 277, '14" tortilla', 9.00, 573, 0),
	(1820, '1', '', '', 252, '32 oz', 3.50, 402, 0),
	(1808, '1', '', '', 275, 'veggie', 0.00, 23, 0),
	(1575, '1', '', '', 276, 'guacamole', 0.00, 171, 0),
	(1576, '1', '', '', 276, 'sliced avocado', 0.00, 177, 0),
	(2467, '1', '', '', 280, 'little brother', 7.99, 584, 0),
	(2442, '1', '', '', 210, 'extra refried beans', 1.85, 567, 0),
	(2443, '1', '', '', 210, 'extra rice', 1.95, 557, 0),
	(2607, '1', '', '', 250, '32 oz', 4.99, 638, 0),
	(1858, '1', '', '', 282, 'big daddy', 7.00, 416, 0),
	(1581, '1', '', '', 278, 'regular tortilla', 0.00, 316, 0),
	(2459, '1', '', '', 278, 'tomato tortilla', 0.75, 577, 0),
	(2460, '1', '', '', 278, 'whole wheat tortilla', 0.75, 576, 0),
	(2461, '1', '', '', 278, 'jalopeno tortilla', 0.75, 575, 0),
	(2656, '1', '', '', 279, 'salmon fillet', 4.00, 542, 0),
	(1587, '1', '', '', 279, 'shredded chicken', 0.00, 318, 0),
	(1588, '1', '', '', 279, 'grilled chicken', 0.00, 168, 0),
	(1589, '1', '', '', 279, 'ground beef', 0.00, 27, 0),
	(1590, '1', '', '', 279, 'carnitas', 0.00, 117, 0),
	(1591, '1', '', '', 279, 'chorizo', 1.00, 91, 0),
	(2654, '1', '', '', 279, 'salmon fillet', 6.00, 654, 0),
	(2458, '1', '', '', 278, 'spinach tortilla', 0.75, 578, 0),
	(2602, '1', '', '', 318, 'grilled tofu', 0.00, 645, 0),
	(2468, '1', '', '', 138, 'guacamole', 2.40, 579, 0),
	(2469, '1', '', '', 138, 'fresh avocado', 2.40, 580, 0),
	(1597, '1', '', '', 281, 'cut the burrito in 1/2', 0.00, 324, 0),
	(1869, '1', '', '', 295, 'refried', 0.00, 32, 0),
	(1870, '1', '', '', 124, 'soft flour taco', 0.00, 339, 0),
	(2079, '1', '', '', 236, 'no salsa', 0.00, 28, 0),
	(2080, '1', '', '', 236, 'hot', 0.00, 120, 0),
	(2081, '1', '', '', 236, 'sour cream', 0.00, 59, 0),
	(1865, '1', '', '', 295, 'ground beef', 0.00, 27, 0),
	(1860, '1', '', '', 282, 'little brother', 5.00, 413, 0),
	(1861, '1', '', '', 282, 'regular burrito', 6.00, 417, 0),
	(1866, '1', '', '', 295, 'carnitas', 0.00, 117, 0),
	(1606, '1', '', '', 283, 'green peppers', 0.00, 98, 0),
	(1607, '1', '', '', 283, 'onions', 0.00, 53, 0),
	(1608, '1', '', '', 283, 'lettuce', 0.00, 46, 0),
	(1609, '1', '', '', 283, 'black olives', 0.00, 333, 0),
	(1610, '1', '', '', 283, 'tomatoes', 0.00, 99, 0),
	(1611, '1', '', '', 283, 'jalapenos', 0.00, 121, 0),
	(2473, '1', '', '', 284, '8" tortilla', 6.00, 586, 0),
	(2478, '1', '', '', 269, 'carnitas', 7.90, 588, 0),
	(2522, '1', '', '', 152, 'extra nacho cheese sauce', 1.95, 545, 0),
	(2448, '1', '', '', 3, 'black beans', 0.00, 159, 0),
	(2400, '1', '', '', 285, 'a la pastor', 1.00, 536, 0),
	(1617, '1', '', '', 285, 'grilled chicken', 0.00, 168, 0),
	(1618, '1', '', '', 285, 'ground beef', 0.00, 27, 0),
	(1619, '1', '', '', 286, 'hard taco', 0.00, 338, 0),
	(1620, '1', '', '', 286, 'soft flour taco', 0.00, 339, 0),
	(1621, '1', '', '', 286, 'corn tortilla', 0.00, 340, 0),
	(2027, '1', '', '', 24, 'fresh jalopenos', 0.00, 437, 0),
	(2593, '1', '', '', 257, 'cheddar cheese', 0.00, 179, 0),
	(2549, '1', '', '', 1, 'jalopeno tortilla', 0.75, 575, 0),
	(2524, '1', '', '', 287, 'chorizo', 3.25, 610, 0),
	(2554, '1', '', '', 80, 'extra pico de gallo', 0.75, 608, 0),
	(2551, '1', '', '', 1, 'tomato tortilla', 0.75, 577, 0),
	(1628, '1', '', '', 288, 'cheddar cheese', 0.00, 179, 0),
	(1629, '1', '', '', 288, 'monterey jack', 0.00, 238, 0),
	(1631, '1', '', '', 289, 'black beans', 0.50, 162, 0),
	(1632, '1', '', '', 289, 'pinto beans', 0.50, 163, 0),
	(1633, '1', '', '', 289, 'refried beans', 0.50, 212, 0),
	(1634, '1', '', '', 289, 'none', 0.00, 73, 0),
	(1635, '1', '', '', 290, 'chicken', 0.00, 24, 0),
	(2324, '1', '', '', 290, 'turkey bacon', 0.00, 458, 0),
	(1637, '1', '', '', 290, 'carnitas', 0.00, 117, 0),
	(1638, '1', '', '', 290, 'ground beef', 0.00, 27, 0),
	(2589, '1', '', '', 7, 'extra meat', 4.00, 516, 0),
	(1740, '1', '', '', 311, 'bean and cheese', 0.00, 383, 1),
	(1738, '1', '', '', 309, 'cheese', 0.00, 60, 0),
	(1739, '1', '', '', 309, 'carnitas', 0.00, 117, 0),
	(1742, '1', '', '', 292, 'shredded chicken', 0.00, 318, 0),
	(1646, '1', '', '', 292, 'ground beef', 0.00, 27, 0),
	(1647, '1', '', '', 292, 'carnitas', 0.00, 117, 0),
	(1648, '1', '', '', 293, 'carne asada', 0.00, 173, 0),
	(1649, '1', '', '', 293, 'pollo asada', 0.00, 174, 0),
	(1984, '1', '', '', 271, 'plain tomatoes', 0.00, 47, 0),
	(2523, '1', '', '', 287, 'carne asada', 3.25, 609, 0),
	(1896, '1', '', '', 295, 'schredded chicken', 0.00, 428, 0),
	(1654, '1', '', '', 296, 'grilled steak', 0.00, 169, 0),
	(1655, '1', '', '', 296, 'grilled chicken', 0.00, 168, 0),
	(1656, '1', '', '', 296, 'ground beef', 0.00, 27, 0),
	(1657, '1', '', '', 297, 'nacho cheese sauce', 0.00, 193, 0),
	(1658, '1', '', '', 297, 'shredded cheese', 0.00, 21, 0),
	(2425, '1', '', '', 298, 'tilapia fish fillet', 3.00, 541, 0),
	(1660, '1', '', '', 298, 'grilled chicken', 0.00, 168, 0),
	(1661, '1', '', '', 298, 'ground beef', 0.00, 27, 0),
	(2613, '1', '', '', 68, 'perrier', 0.55, 649, 0),
	(2611, '1', '', '', 299, 'guacamole', 2.75, 647, 0),
	(2617, '1', '', '', 50, 'extra egg', 1.00, 506, 0),
	(1666, '1', '', '', 299, 'none', 0.00, 73, 0),
	(1667, '1', '', '', 300, '4 oz.', 2.00, 356, 0),
	(2364, '1', '', '', 300, '8 oz', 7.00, 539, 0),
	(2365, '1', '', '', 300, '12 oz', 10.50, 540, 0),
	(1670, '1', '', '', 301, 'pico de gallo', 0.00, 156, 0),
	(1671, '1', '', '', 301, 'salsa verde', 0.00, 149, 0),
	(1672, '1', '', '', 301, 'corn salsa', 0.00, 49, 0),
	(1673, '1', '', '', 302, '4 oz.', 3.00, 359, 0),
	(1674, '1', '', '', 302, '8 oz.', 6.00, 360, 0),
	(1675, '1', '', '', 302, '12 oz.', 10.00, 361, 0),
	(2213, '1', '', '', 303, '2 oz', 1.65, 479, 0),
	(1677, '1', '', '', 303, '4 oz.', 4.00, 363, 0),
	(1678, '1', '', '', 303, '8 oz.', 8.00, 364, 0),
	(1679, '1', '', '', 303, '12 oz.', 16.00, 365, 0),
	(1680, '1', '', '', 304, 'beans and rice burrito', 0.00, 366, 0),
	(1681, '1', '', '', 304, 'spinach burrito', 0.00, 367, 0),
	(1682, '1', '', '', 304, 'chicken burrito', 0.00, 368, 0),
	(2302, '1', '', '', 306, 'shrimp', 4.00, 485, 0),
	(1684, '1', '', '', 304, 'ground beef burrito', 0.00, 370, 0),
	(1685, '1', '', '', 304, 'carnitas burrito', 0.00, 371, 0),
	(2379, '1', '', '', 304, 'tilapia', 2.00, 521, 0),
	(1687, '1', '', '', 304, 'chorizo burrito', 1.00, 373, 0),
	(1690, '1', '', '', 306, 'chicken', 0.00, 24, 0),
	(2204, '1', '', '', 213, 'sour cream', 0.00, 59, 0),
	(1801, '1', '', '', 312, 'regular tortilla', 0.00, 316, 0),
	(1695, '1', '', '', 308, 'carne asada', 0.00, 173, 0),
	(1696, '1', '', '', 308, 'pollo asada', 0.00, 174, 0),
	(1708, '1', '', '', 283, 'cilantro', 0.00, 51, 0),
	(1709, '1', '', '', 283, 'spinach', 0.00, 116, 0),
	(1710, '1', '', '', 283, 'corn', 0.00, 50, 0),
	(1711, '1', '', '', 283, 'pico de gallo', 0.00, 156, 0),
	(1754, '1', '', '', 298, 'carnitas', 0.00, 117, 0),
	(1726, '1', '', '', 271, 'hot sauce', 0.00, 282, 0),
	(1727, '1', '', '', 271, 'jalapenos', 0.00, 121, 0),
	(2621, '1', '', '', 34, 'fresh tomatoes', 0.00, 639, 0),
	(2130, '1', '', '', 29, 'pico de gallo', 0.00, 156, 0),
	(1756, '1', '', '', 149, 'extra meat', 2.50, 150, 0),
	(2550, '1', '', '', 1, 'spinach tortilla', 0.75, 578, 0),
	(1976, '1', '', '', 271, 'lettuce', 0.00, 46, 0),
	(2669, '1', '', '', 270, 'add extra brown rice', 0.50, 289, 0),
	(2545, '1', '', '', 159, 'guacamole', 2.40, 579, 0),
	(2668, '1', '', '', 138, 'extra nacho cheese sauce', 1.95, 545, 0),
	(2088, '1', '', '', 178, 'no rice', 0.00, 45, 0),
	(2544, '1', '', '', 159, 'fresh avocado', 2.40, 580, 0),
	(2049, '1', '', '', 122, 'monterey jack cheese', 0.00, 412, 0),
	(1932, '1', '', '', 122, 'no tomatoes', 0.00, 198, 0),
	(2017, '1', '', '', 237, 'no beans', 0.00, 29, 0),
	(1895, '1', '', '', 295, 'pollo asada', 0.00, 174, 0),
	(1897, '1', '', '', 295, 'carne asada', 0.00, 173, 0),
	(2424, '1', '', '', 298, 'chorizo', 1.00, 91, 0),
	(2420, '1', '', '', 298, 'a la pastor', 1.00, 536, 0),
	(2370, '1', '', '', 275, 'a la pastor', 1.00, 536, 0),
	(2082, '1', '', '', 214, 'no cheese', 0.00, 90, 0),
	(1925, '1', '', '', 256, 'no cheese', 0.00, 90, 0),
	(2002, '1', '', '', 184, 'grilled chicken', 0.00, 168, 0),
	(2603, '1', '', '', 318, 'black beans', 0.00, 159, 0),
	(2645, '1', '', '', 295, 'shrimp', 6.00, 652, 0),
	(2308, '1', '', '', 279, 'grilled steak', 1.00, 520, 0),
	(2127, '1', '', '', 29, 'hot', 0.00, 120, 0),
	(2117, '1', '', '', 307, 'schrimp', 3.00, 433, 0),
	(2421, '1', '', '', 298, 'barbacoa', 1.00, 535, 0),
	(1992, '1', '', '', 183, 'tilapia fillet', 0.00, 385, 0),
	(2631, '1', '', '', 183, 'mix chicken and shrimp', 6.00, 653, 0),
	(2475, '1', '', '', 269, 'grilled steak', 8.90, 594, 0),
	(2292, '1', '', '', 287, 'lengua', 4.00, 515, 0),
	(2050, '1', '', '', 122, 'cheddar cheese', 0.00, 179, 0),
	(2555, '1', '', '', 80, 'sour cream', 0.80, 34, 0),
	(2556, '1', '', '', 80, 'extra plantain', 1.85, 631, 0),
	(2103, '1', '', '', 181, 'ranch', 0.00, 153, 0),
	(2104, '1', '', '', 181, 'italian dressing', 0.00, 449, 0),
	(2111, '1', '', '', 123, 'turkey bacon', 0.85, 457, 0),
	(2131, '1', '', '', 29, 'sour cream', 0.00, 59, 0),
	(2135, '1', '', '', 306, 'carnitas', 0.00, 117, 0),
	(2142, '1', '', '', 146, 'mushrooms', 0.00, 280, 0),
	(2341, '1', '', '', 168, 'extra egg', 1.00, 506, 0),
	(2481, '1', '', '', 269, 'tilapia', 12.75, 596, 0),
	(2340, '1', '', '', 168, 'bacon', 1.00, 496, 0),
	(2504, '1', '', '', 168, 'fresh avocado', 2.40, 580, 0),
	(2203, '1', '', '', 213, 'no salsa', 0.00, 28, 0),
	(2161, '1', '', '', 307, 'grilled chicken', 0.00, 168, 0),
	(2162, '1', '', '', 307, 'grilled steak', 0.00, 169, 0),
	(2174, '1', '', '', 3, 'turkey bacon', 0.00, 458, 0),
	(2175, '1', '', '', 3, 'sausage', 0.00, 103, 0),
	(2521, '1', '', '', 152, 'bacon', 1.95, 547, 0),
	(2180, '1', '', '', 260, 'egg white', 0.00, 377, 0),
	(2181, '1', '', '', 260, 'no eggs', 0.00, 462, 0),
	(2182, '1', '', '', 257, 'hot sauce', 0.00, 282, 0),
	(2343, '1', '', '', 168, 'turkey bacon', 1.00, 497, 0),
	(2535, '1', '', '', 274, 'shrimp', 16.00, 627, 0),
	(2503, '1', '', '', 168, 'guacamole', 2.40, 579, 0),
	(2570, '1', '', '', 235, 'upgrade to 14" tortilla', 3.50, 634, 0),
	(2542, '1', '', '', 305, 'with chips', 2.00, 630, 0),
	(2647, '1', '', '', 295, 'tilapia fish fillet', 3.00, 541, 0),
	(2225, '1', '', '', 312, 'in a bowl', 0.00, 486, 0),
	(2437, '1', '', '', 295, 'lengua', 7.00, 559, 0),
	(2646, '1', '', '', 295, 'salmon fillet', 6.00, 654, 0),
	(2230, '1', '', '', 313, 'wheat', 0.00, 487, 0),
	(2629, '1', '', '', 183, 'shrimp', 6.00, 652, 0),
	(2232, '1', '', '', 313, 'croissant', 0.65, 490, 0),
	(2494, '1', '', '', 314, 'egg and steak sandwich', 6.95, 603, 0),
	(2492, '1', '', '', 314, 'egg and sausage sandwich', 5.50, 602, 0),
	(2498, '1', '', '', 257, 'cilantro', 0.00, 51, 0),
	(2495, '1', '', '', 314, 'egg and ham sandwich', 5.50, 606, 0),
	(2491, '1', '', '', 314, 'egg and bacon sandwich', 5.50, 601, 0),
	(2238, '1', '', '', 315, 'egg white', 0.00, 377, 0),
	(2239, '1', '', '', 315, 'fried eggs', 0.00, 266, 0),
	(2240, '1', '', '', 315, 'scrambled eggs', 0.00, 92, 0),
	(2241, '1', '', '', 315, 'no eggs', 0.00, 462, 0),
	(2243, '1', '', '', 316, 'bacon', 1.00, 496, 0),
	(2244, '1', '', '', 316, 'turkey bacon', 1.00, 497, 0),
	(2245, '1', '', '', 316, 'ham', 1.00, 107, 0),
	(2246, '1', '', '', 316, 'american cheese', 1.00, 501, 0),
	(2247, '1', '', '', 316, 'cheddar', 1.00, 499, 0),
	(2248, '1', '', '', 316, 'monterey jack', 1.00, 500, 0),
	(2496, '1', '', '', 316, 'fresh avocado', 2.40, 580, 0),
	(2262, '1', '', '', 317, 'wheat', 0.00, 487, 0),
	(2263, '1', '', '', 317, 'white', 0.00, 488, 0),
	(2264, '1', '', '', 317, 'jelly', 0.00, 502, 0),
	(2254, '1', '', '', 315, 'cheddar cheese', 0.00, 179, 0),
	(2255, '1', '', '', 315, 'monterey jack', 0.00, 238, 0),
	(2277, '1', '', '', 319, 'add extra spinach', 1.25, 294, 0),
	(2574, '1', '', '', 317, 'chips', 0.00, 72, 0),
	(2258, '1', '', '', 318, 'bacon', 0.00, 102, 0),
	(2259, '1', '', '', 318, 'sausage', 0.00, 103, 0),
	(2260, '1', '', '', 318, 'ham', 0.00, 104, 0),
	(2261, '1', '', '', 318, 'turkey bacon', 0.00, 458, 0),
	(2265, '1', '', '', 317, 'butter', 0.00, 503, 0),
	(2266, '1', '', '', 319, 'bacon', 1.00, 496, 0),
	(2267, '1', '', '', 319, 'turkey bacon', 1.00, 497, 0),
	(2268, '1', '', '', 319, 'ham', 1.00, 107, 0),
	(2269, '1', '', '', 319, 'sausage', 1.00, 106, 0),
	(2270, '1', '', '', 319, 'extra egg', 1.00, 506, 0),
	(2271, '1', '', '', 319, 'extra egg white', 1.00, 507, 0),
	(2575, '1', '', '', 317, 'corn tortillas', 0.00, 71, 0),
	(2273, '1', '', '', 319, 'extra cheese', 1.00, 510, 0),
	(2274, '1', '', '', 320, 'turkey bacon', 0.00, 458, 0),
	(2275, '1', '', '', 320, 'bacon', 0.00, 102, 0),
	(2383, '1', '', '', 304, 'a la pastor', 1.00, 536, 0),
	(2280, '1', '', '', 315, 'no cheese', 0.00, 90, 0),
	(2281, '1', '', '', 88, 'flour tortillas', 0.00, 166, 0),
	(2283, '1', '', '', 145, 'corn tortilla', 0.00, 340, 0),
	(2471, '1', '', '', 284, '12" tortilla', 8.00, 571, 0),
	(2610, '1', '', '', 299, 'queso dip', 2.75, 646, 0),
	(2301, '1', '', '', 321, 'mayo', 0.00, 418, 0),
	(2445, '1', '', '', 306, 'add tilapia', 3.00, 561, 0),
	(2446, '1', '', '', 306, 'salmon', 4.00, 564, 0),
	(2663, '1', '', '', 312, 'jalopeno tortilla', 0.75, 575, 0),
	(2466, '1', '', '', 280, '14" tortilla', 11.75, 583, 0),
	(2325, '1', '', '', 292, 'steak', 2.50, 144, 0),
	(2329, '1', '', '', 292, 'a la pastor', 0.00, 409, 0),
	(2505, '1', '', '', 168, 'mushrooms', 1.00, 581, 0),
	(2339, '1', '', '', 168, 'sausage', 1.00, 106, 0),
	(2356, '1', '', '', 252, '22 oz', 2.55, 403, 0),
	(2358, '1', '', '', 294, 'cheese', 14.00, 537, 0),
	(2662, '1', '', '', 312, 'whole wheat tortilla', 0.75, 576, 0),
	(2499, '1', '', '', 257, 'onions', 0.00, 53, 0),
	(2371, '1', '', '', 43, 'extra meat', 4.00, 516, 0),
	(2376, '1', '', '', 273, 'extra nacho cheese sauce', 1.95, 545, 0),
	(2377, '1', '', '', 71, '32 oz', 3.00, 225, 0),
	(2381, '1', '', '', 304, 'shrimp', 4.00, 485, 0),
	(2382, '1', '', '', 304, 'grilled steak', 1.00, 520, 0),
	(2384, '1', '', '', 304, 'barbacoa', 1.00, 535, 0),
	(2386, '1', '', '', 159, 'extra nacho cheese sauce', 1.95, 545, 0),
	(2546, '1', '', '', 159, 'add extra sour cream', 0.80, 292, 0),
	(2390, '1', '', '', 306, 'add chorizo', 1.00, 245, 0),
	(2392, '1', '', '', 306, 'barbacoa', 1.00, 535, 0),
	(2399, '1', '', '', 285, 'grilled steak', 1.00, 520, 0),
	(2401, '1', '', '', 285, 'barbacoa', 1.00, 535, 0),
	(2402, '1', '', '', 285, 'add chorizo', 1.00, 245, 0),
	(2403, '1', '', '', 285, 'tilapia', 2.00, 521, 0),
	(2440, '1', '', '', 210, 'extra pinto beans', 1.85, 565, 0),
	(2405, '1', '', '', 285, 'shrimp', 4.00, 485, 0),
	(2422, '1', '', '', 298, 'grilled steak', 1.00, 520, 0),
	(2635, '1', '', '', 298, 'salmon fillet', 6.00, 654, 0),
	(2427, '1', '', '', 298, 'lengua', 7.00, 559, 0),
	(2429, '1', '', '', 43, 'turkey bacon', 1.95, 548, 0),
	(2627, '1', '', '', 80, 'extra black beans', 1.85, 566, 0),
	(2501, '1', '', '', 3, 'mexican chorizo', 0.00, 271, 0),
	(2502, '1', '', '', 3, 'bacon', 0.00, 102, 0),
	(2624, '1', '', '', 80, 'extra egg', 1.00, 506, 0),
	(2625, '1', '', '', 318, 'tofu', 0.00, 375, 0),
	(2527, '1', '', '', 287, 'tilapia', 3.25, 619, 0),
	(2528, '1', '', '', 287, 'ground beef', 2.90, 616, 0),
	(2529, '1', '', '', 287, 'schredded chicken', 2.90, 617, 0),
	(2530, '1', '', '', 287, 'carnitas', 2.90, 615, 0),
	(2558, '1', '', '', 80, 'spinach', 1.25, 37, 0),
	(2559, '1', '', '', 80, 'mushrooms', 1.00, 581, 0),
	(2560, '1', '', '', 168, 'extra home fries', 1.85, 632, 0),
	(2561, '1', '', '', 168, 'extra plantain', 1.85, 631, 0),
	(2623, '1', '', '', 261, 'turkey sausage', 0.00, 636, 0),
	(2592, '1', '', '', 257, 'monterey jack', 0.00, 238, 0),
	(2604, '1', '', '', 159, 'mushrooms', 1.00, 581, 0),
	(2626, '1', '', '', 257, 'fresh tomatoes', 0.00, 639, 0),
	(2632, '1', '', '', 290, 'shrimp', 6.00, 652, 0),
	(2633, '1', '', '', 290, 'mix chicken and shrimp', 6.00, 653, 0),
	(2634, '1', '', '', 290, 'a la pastor', 1.00, 536, 0),
	(2636, '1', '', '', 298, 'shrimp', 6.00, 652, 0),
	(2637, '1', '', '', 298, 'mix chicken and shrimp', 6.00, 653, 0),
	(2639, '1', '', '', 60, 'guacamole', 2.40, 579, 0),
	(2640, '1', '', '', 60, 'shrimp', 6.00, 652, 0),
	(2649, '1', '', '', 55, 'guacamole', 2.40, 579, 0),
	(2665, '1', '', '', 312, 'spinach tortilla', 0.75, 578, 0);
/*!40000 ALTER TABLE `btr_sellersideitems` ENABLE KEYS */;

-- Dumping structure for table burritobrothers_db.btr_sellersides
CREATE TABLE IF NOT EXISTS `btr_sellersides` (
  `id` bigint(20) NOT NULL,
  `dbid` varchar(21) NOT NULL,
  `catid` varchar(21) NOT NULL,
  `itemid` varchar(21) NOT NULL COMMENT 'btr_selleritems id',
  `name` varchar(50) NOT NULL,
  `type` enum('checkbox','radio','select') NOT NULL DEFAULT 'checkbox',
  `checked_limit` smallint(6) NOT NULL,
  `min_checked_limit` tinyint(11) NOT NULL DEFAULT 0,
  `is_required` enum('0','1') NOT NULL DEFAULT '0',
  `loop_select` text DEFAULT NULL
) ENGINE=MyISAM DEFAULT CHARSET=latin1;

-- Dumping data for table burritobrothers_db.btr_sellersides: 319 rows
/*!40000 ALTER TABLE `btr_sellersides` DISABLE KEYS */;
INSERT INTO `btr_sellersides` (`id`, `dbid`, `catid`, `itemid`, `name`, `type`, `checked_limit`, `min_checked_limit`, `is_required`, `loop_select`) VALUES
	(1, '1', '', '', 'flavored tortillas', 'select', 1, 0, '1', ''),
	(3, '1', '', '', 'protein', 'checkbox', 1, 0, '1', ''),
	(10, '1', '', '', 'option', 'checkbox', 0, 0, '', ''),
	(4, '1', '', '', 'beans', 'checkbox', 0, 0, '', ''),
	(5, '1', '', '', 'rice', 'checkbox', 0, 0, '', ''),
	(6, '1', '', '', 'veggies', 'checkbox', 0, 0, '', ''),
	(7, '1', '', '', 'extra toppings', 'checkbox', 0, 0, '', ''),
	(8, '1', '', '', 'option', 'checkbox', 0, 0, '', ''),
	(9, '1', '', '', 'choose your flavor', 'radio', 1, 0, '1', ''),
	(11, '1', '', '', 'shell type', 'radio', 1, 0, '1', ''),
	(12, '1', '', '', 'taco type', 'select', 1, 0, '1', ''),
	(13, '1', '', '', 'veggie', 'checkbox', 0, 0, '', ''),
	(14, '1', '', '', 'options', 'radio', 1, 0, '', ''),
	(15, '1', '', '', 'toppings', 'checkbox', 0, 0, '', ''),
	(16, '1', '', '', 'taco 1 type', 'radio', 1, 0, '1', ''),
	(17, '1', '', '', 'taco 1 beans:', 'radio', 1, 0, '1', ''),
	(18, '1', '', '', 'taco 2 type', 'radio', 1, 0, '1', ''),
	(19, '1', '', '', 'taco 2 beans', 'radio', 1, 0, '1', ''),
	(20, '1', '', '', 'option', 'checkbox', 0, 0, '', ''),
	(21, '1', '', '', 'extras', 'checkbox', 0, 0, '', ''),
	(22, '1', '', '', 'additional taquitos', 'select', 0, 0, '', ''),
	(23, '1', '', '', 'choose toppings', 'checkbox', 0, 0, '', ''),
	(24, '1', '', '', 'options', 'checkbox', 0, 0, '', ''),
	(25, '1', '', '', 'choose meat', 'radio', 1, 0, '1', ''),
	(26, '1', '', '', 'choose meat', 'radio', 1, 0, '1', ''),
	(27, '1', '', '', 'options', 'checkbox', 0, 0, '', ''),
	(28, '1', '', '', 'fajita type', 'radio', 1, 0, '1', ''),
	(29, '1', '', '', 'fajita options', 'checkbox', 0, 0, '', ''),
	(30, '1', '', '', 'other toppings', 'checkbox', 0, 0, '', ''),
	(31, '1', '', '', 'options', 'checkbox', 0, 0, '', ''),
	(32, '1', '', '', 'choose your beans', 'radio', 1, 0, '1', ''),
	(33, '1', '', '', 'rice', 'select', 1, 0, '1', ''),
	(34, '1', '', '', 'veggies', 'checkbox', 0, 0, '', ''),
	(35, '1', '', '', 'choose below', 'checkbox', 0, 0, '', ''),
	(36, '1', '', '', 'choose ', 'radio', 1, 0, '1', ''),
	(37, '1', '', '', 'other options', 'checkbox', 0, 0, '', ''),
	(38, '1', '', '', 'taco salad type', 'select', 1, 0, '1', ''),
	(39, '1', '', '', 'options', 'checkbox', 0, 0, '', ''),
	(40, '1', '', '', 'choose meat', 'radio', 1, 0, '1', ''),
	(41, '1', '', '', 'options', 'checkbox', 0, 0, '', ''),
	(42, '1', '', '', 'beans', 'radio', 1, 0, '', ''),
	(43, '1', '', '', 'extras', 'checkbox', 0, 0, '', ''),
	(44, '1', '', '', 'options', 'checkbox', 0, 0, '', ''),
	(45, '1', '', '', 'salad type', 'radio', 1, 0, '1', ''),
	(49, '1', '', '', 'options', 'radio', 0, 0, '', ''),
	(47, '1', '', '', 'add', 'radio', 1, 0, '', ''),
	(48, '1', '', '', 'meat', 'select', 1, 0, '1', ''),
	(50, '1', '', '', 'extras', 'checkbox', 0, 0, '', ''),
	(51, '1', '', '', 'options', 'checkbox', 0, 0, '', ''),
	(52, '1', '', '', 'add', 'radio', 1, 0, '1', ''),
	(53, '1', '', '', 'cheese', 'radio', 1, 0, '', ''),
	(54, '1', '', '', 'meat', 'radio', 1, 0, '1', ''),
	(55, '1', '', '', 'extras', 'checkbox', 0, 0, '', ''),
	(56, '1', '', '', 'type', 'radio', 1, 0, '1', ''),
	(57, '1', '', '', 'choose', 'radio', 1, 0, '1', ''),
	(58, '1', '', '', 'sour cream', 'radio', 0, 0, '', ''),
	(59, '1', '', '', 'options', 'checkbox', 0, 0, '', ''),
	(60, '1', '', '', 'extras', 'checkbox', 0, 0, '', ''),
	(61, '1', '', '', 'flavor 1', 'select', 1, 0, '1', ''),
	(62, '1', '', '', 'flavor 2', 'select', 0, 0, '', ''),
	(63, '1', '', '', 'add a protein shake', 'select', 0, 0, '', ''),
	(64, '1', '', '', 'choose flavor', 'radio', 1, 0, '1', ''),
	(65, '1', '', '', 'flavor 1', 'select', 1, 0, '1', ''),
	(66, '1', '', '', 'flavor 2', 'select', 0, 0, '', ''),
	(67, '1', '', '', 'add for free', 'checkbox', 0, 0, '', ''),
	(68, '1', '', '', 'choose water', 'radio', 1, 0, '1', ''),
	(69, '1', '', '', 'size', 'radio', 1, 0, '1', ''),
	(70, '1', '', '', 'extras', 'checkbox', 0, 0, '', ''),
	(71, '1', '', '', 'size', 'radio', 1, 0, '1', ''),
	(72, '1', '', '', 'size', 'radio', 1, 0, '1', ''),
	(73, '1', '', '', 'flavor', 'radio', 1, 0, '1', ''),
	(74, '1', '', '', 'flavor', 'radio', 1, 0, '1', ''),
	(75, '1', '', '', 'flavor', 'radio', 1, 0, '1', ''),
	(76, '1', '', '', 'test1', 'radio', 0, 0, '', ''),
	(77, '1', '', '', 'options', 'select', 1, 0, '1', ''),
	(78, '1', '', '', 'meat/veggie', 'select', 1, 0, '1', ''),
	(79, '1', '', '', 'beans', 'radio', 0, 0, '', ''),
	(80, '1', '', '', 'extra', 'checkbox', 0, 0, '', ''),
	(81, '1', '', '', 'beans', 'checkbox', 0, 0, '1', ''),
	(82, '1', '', '', 'rice', 'select', 1, 0, '1', ''),
	(83, '1', '', '', 'veggies', 'checkbox', 0, 0, '', ''),
	(84, '1', '', '', 'extra', 'checkbox', 0, 0, '', ''),
	(85, '1', '', '', 'meat', 'select', 1, 0, '1', ''),
	(86, '1', '', '', 'salsa', 'radio', 1, 0, '', ''),
	(87, '1', '', '', 'beans', 'radio', 1, 0, '1', ''),
	(88, '1', '', '', 'choose', 'select', 3, 0, '1', ''),
	(89, '1', '', '', 'rice', 'radio', 1, 0, '1', ''),
	(90, '1', '', '', 'side order', 'radio', 1, 0, '', ''),
	(91, '1', '', '', 'beans type', 'radio', 0, 0, '', ''),
	(92, '1', '', '', 'extra', 'checkbox', 0, 0, '', ''),
	(93, '1', '', '', 'options', 'radio', 1, 0, '1', ''),
	(94, '1', '', '', 'beans', 'radio', 1, 0, '', ''),
	(95, '1', '', '', 'combo type', 'select', 1, 0, '1', ''),
	(96, '1', '', '', 'side order type', 'radio', 1, 0, '1', ''),
	(97, '1', '', '', 'extras', 'checkbox', 0, 0, '', ''),
	(98, '1', '', '', 'options', 'checkbox', 0, 0, '', ''),
	(99, '1', '', '', 'beans', 'radio', 0, 0, '', ''),
	(100, '1', '', '', 'corn type', 'radio', 0, 0, '', ''),
	(101, '1', '', '', 'extra', 'checkbox', 0, 0, '', ''),
	(102, '1', '', '', 'type', 'select', 1, 0, '1', ''),
	(103, '1', '', '', 'options', 'checkbox', 0, 0, '', ''),
	(104, '1', '', '', 'cheese', 'select', 1, 0, '1', ''),
	(105, '1', '', '', 'extras', 'checkbox', 0, 0, '', ''),
	(106, '1', '', '', 'pancake 1 type 1', 'select', 1, 0, '1', ''),
	(107, '1', '', '', 'pancake 1 type 2', 'select', 0, 0, '', ''),
	(108, '1', '', '', 'pancake 2 type 1', 'select', 1, 0, '1', ''),
	(109, '1', '', '', 'pancake 2 type 2', 'select', 0, 0, '', ''),
	(110, '1', '', '', 'pancake 3 type 1', 'select', 1, 0, '1', ''),
	(111, '1', '', '', 'pancake 3 type 2', 'select', 0, 0, '', ''),
	(112, '1', '', '', 'pancake 4 type 1', 'select', 0, 0, '', ''),
	(113, '1', '', '', 'pancake 4 type 2', 'select', 0, 0, '', ''),
	(114, '1', '', '', 'pancake 5 type 1', 'select', 0, 0, '', ''),
	(115, '1', '', '', 'pancake 5 type 2', 'select', 0, 0, '', ''),
	(116, '1', '', '', 'options', 'radio', 0, 0, '', ''),
	(117, '1', '', '', 'extra', 'checkbox', 0, 0, '', ''),
	(118, '1', '', '', 'type', 'radio', 1, 0, '1', ''),
	(119, '1', '', '', 'beans', 'radio', 1, 0, '', ''),
	(120, '1', '', '', 'rice', 'select', 1, 0, '1', ''),
	(121, '1', '', '', 'type', 'select', 1, 0, '1', ''),
	(122, '1', '', '', 'options', 'checkbox', 0, 0, '', ''),
	(123, '1', '', '', 'extra', 'checkbox', 0, 0, '', ''),
	(124, '1', '', '', 'taco 1 -type', 'radio', 0, 0, '1', ''),
	(125, '1', '', '', 'taco 1 -content', 'select', 1, 0, '1', ''),
	(126, '1', '', '', 'taco 2 - type', 'radio', 1, 0, '1', ''),
	(127, '1', '', '', 'taco 2 - content', 'select', 1, 0, '1', ''),
	(128, '1', '', '', 'taco 3 - type', 'radio', 1, 0, '1', ''),
	(129, '1', '', '', 'taco 3 - content', 'select', 1, 0, '1', ''),
	(130, '1', '', '', 'veggie', 'radio', 1, 0, '1', ''),
	(131, '1', '', '', 'options', 'checkbox', 0, 0, '', ''),
	(132, '1', '', '', 'toppings', 'checkbox', 0, 0, '', ''),
	(133, '1', '', '', 'options', 'checkbox', 0, 0, '', ''),
	(134, '1', '', '', 'beans', 'radio', 0, 0, '', ''),
	(135, '1', '', '', 'taco salad type', 'select', 1, 0, '1', ''),
	(136, '1', '', '', 'rice', 'select', 1, 0, '1', ''),
	(137, '1', '', '', 'veggies', 'checkbox', 0, 0, '', ''),
	(138, '1', '', '', 'extra', 'checkbox', 0, 0, '', ''),
	(139, '1', '', '', 'meat/veggie', 'select', 1, 0, '1', ''),
	(140, '1', '', '', 'beans', 'radio', 1, 0, '1', ''),
	(141, '1', '', '', 'extras', 'checkbox', 0, 0, '', ''),
	(142, '1', '', '', 'meat', 'select', 1, 0, '1', ''),
	(143, '1', '', '', 'extra toppings', 'checkbox', 0, 0, '', ''),
	(144, '1', '', '', 'options', 'checkbox', 0, 0, '', ''),
	(145, '1', '', '', 'flavored tortillas', 'select', 1, 0, '1', ''),
	(146, '1', '', '', 'options', 'checkbox', 0, 0, '', ''),
	(147, '1', '', '', 'meat/veggie', 'select', 1, 0, '1', ''),
	(148, '1', '', '', 'if you chose meat', 'select', 1, 0, '', ''),
	(149, '1', '', '', 'extra toppings', 'checkbox', 0, 0, '', ''),
	(150, '1', '', '', 'options', 'checkbox', 1, 0, '', ''),
	(151, '1', '', '', 'veggies', 'checkbox', 0, 0, '', ''),
	(152, '1', '', '', 'extras', 'checkbox', 0, 0, '', ''),
	(153, '1', '', '', 'options', 'radio', 1, 0, '', ''),
	(154, '1', '', '', 'tortilla option', 'radio', 1, 0, '1', ''),
	(155, '1', '', '', 'beans', 'select', 1, 0, '1', ''),
	(156, '1', '', '', 'rice', 'select', 1, 0, '1', ''),
	(157, '1', '', '', 'meat', 'select', 1, 0, '1', ''),
	(158, '1', '', '', 'veggies', 'checkbox', 0, 0, '', ''),
	(159, '1', '', '', 'extra', 'checkbox', 0, 0, '', ''),
	(160, '1', '', '', 'options', 'checkbox', 0, 0, '', ''),
	(161, '1', '', '', 'add', 'radio', 1, 0, '', ''),
	(162, '1', '', '', 'cheese', 'radio', 0, 0, '', ''),
	(163, '1', '', '', 'option', 'radio', 0, 0, '', ''),
	(164, '1', '', '', 'meat', 'select', 1, 0, '', ''),
	(165, '1', '', '', 'beans', 'radio', 0, 0, '', ''),
	(166, '1', '', '', 'rice', 'select', 0, 0, '', ''),
	(167, '1', '', '', 'veggies', 'checkbox', 0, 0, '', ''),
	(168, '1', '', '', 'extra', 'checkbox', 0, 0, '', ''),
	(169, '1', '', '', 'options', 'checkbox', 0, 0, '', ''),
	(170, '1', '', '', 'beans', 'radio', 1, 0, '1', ''),
	(171, '1', '', '', 'add', 'radio', 0, 0, '', ''),
	(172, '1', '', '', 'rice', 'select', 1, 0, '1', ''),
	(173, '1', '', '', 'veggies', 'checkbox', 0, 0, '', ''),
	(174, '1', '', '', 'extras', 'checkbox', 0, 0, '', ''),
	(175, '1', '', '', 'choice', 'radio', 1, 0, '1', ''),
	(176, '1', '', '', 'choose', 'select', 1, 0, '1', ''),
	(177, '1', '', '', 'beans choice', 'radio', 1, 0, '1', ''),
	(178, '1', '', '', 'rice choice', 'radio', 1, 0, '1', ''),
	(179, '1', '', '', 'choose', 'radio', 1, 0, '1', ''),
	(180, '1', '', '', 'size', 'radio', 1, 0, '1', ''),
	(181, '1', '', '', 'choose', 'checkbox', 1, 0, '1', ''),
	(182, '1', '', '', 'choose', 'radio', 1, 0, '1', ''),
	(183, '1', '', '', 'choose', 'radio', 1, 0, '1', ''),
	(184, '1', '', '', 'choice', 'checkbox', 0, 0, '1', ''),
	(185, '1', '', '', 'options', 'checkbox', 0, 0, '', ''),
	(186, '1', '', '', 'options', 'radio', 0, 0, '', ''),
	(187, '1', '', '', 'extras', 'checkbox', 0, 0, '', ''),
	(188, '1', '', '', 'options', 'checkbox', 0, 0, '', ''),
	(189, '1', '', '', 'options', 'radio', 0, 0, '', ''),
	(190, '1', '', '', 'extras', 'checkbox', 0, 0, '', ''),
	(191, '1', '', '', 'options', 'checkbox', 0, 0, '', ''),
	(192, '1', '', '', 'options', 'radio', 1, 0, '1', ''),
	(193, '1', '', '', 'extras', 'checkbox', 0, 0, '', ''),
	(194, '1', '', '', 'options', 'checkbox', 0, 0, '', ''),
	(195, '1', '', '', 'options', 'radio', 1, 0, '1', ''),
	(196, '1', '', '', 'salsa', 'radio', 0, 0, '', ''),
	(197, '1', '', '', 'side', 'radio', 0, 0, '', ''),
	(198, '1', '', '', 'option', 'radio', 0, 0, '', ''),
	(199, '1', '', '', 'beans', 'radio', 0, 0, '', ''),
	(200, '1', '', '', 'beans options', 'radio', 0, 0, '', ''),
	(201, '1', '', '', 'meat', 'radio', 1, 0, '1', ''),
	(202, '1', '', '', 'extras', 'checkbox', 0, 0, '', ''),
	(203, '1', '', '', 'type', 'select', 0, 0, '1', ''),
	(204, '1', '', '', 'salsa', 'radio', 0, 0, '', ''),
	(205, '1', '', '', 'beans', 'radio', 0, 0, '', ''),
	(206, '1', '', '', 'rice', 'radio', 1, 0, '1', ''),
	(207, '1', '', '', 'cheese', 'select', 0, 0, '', ''),
	(208, '1', '', '', 'options', 'checkbox', 0, 0, '', ''),
	(209, '1', '', '', 'choice', 'radio', 0, 0, '', ''),
	(210, '1', '', '', 'add beans or rice', 'radio', 1, 0, '', ''),
	(211, '1', '', '', 'extras', 'checkbox', 0, 0, '', ''),
	(212, '1', '', '', 'type', 'select', 0, 0, '1', ''),
	(213, '1', '', '', 'options', 'checkbox', 0, 0, '', ''),
	(214, '1', '', '', 'cheese', 'select', 1, 0, '1', ''),
	(215, '1', '', '', 'extras', 'checkbox', 0, 0, '', ''),
	(216, '1', '', '', 'pancake 1 type', 'select', 0, 0, '1', ''),
	(217, '1', '', '', 'pancake 2 type', 'select', 0, 0, '1', ''),
	(218, '1', '', '', 'pancake 3 type', 'select', 0, 0, '1', ''),
	(219, '1', '', '', 'options', 'checkbox', 0, 0, '', ''),
	(220, '1', '', '', 'extras', 'checkbox', 0, 0, '', ''),
	(221, '1', '', '', 'pancake 1 type', 'select', 0, 0, '1', ''),
	(222, '1', '', '', 'pancake 2 type', 'select', 0, 0, '1', ''),
	(223, '1', '', '', 'pancake 3 type', 'select', 0, 0, '1', ''),
	(224, '1', '', '', 'pancake 4 type', 'select', 0, 0, '1', ''),
	(225, '1', '', '', 'options', 'checkbox', 0, 0, '', ''),
	(226, '1', '', '', 'extra', 'checkbox', 0, 0, '', ''),
	(227, '1', '', '', 'pancake 5 type', 'select', 0, 0, '1', ''),
	(228, '1', '', '', 'options', 'checkbox', 0, 0, '', ''),
	(229, '1', '', '', 'cheese', 'radio', 1, 0, '1', ''),
	(230, '1', '', '', 'beans', 'radio', 0, 0, '1', ''),
	(231, '1', '', '', 'choose', 'radio', 0, 0, '', ''),
	(232, '1', '', '', 'extras', 'checkbox', 0, 0, '', ''),
	(233, '1', '', '', 'cheese', 'radio', 1, 0, '1', ''),
	(234, '1', '', '', 'option', 'checkbox', 0, 0, '', ''),
	(235, '1', '', '', 'upgrade tortilla size', 'checkbox', 0, 0, '', ''),
	(236, '1', '', '', 'options', 'checkbox', 0, 0, '', ''),
	(237, '1', '', '', 'beans', 'radio', 0, 0, '1', ''),
	(238, '1', '', '', 'extras', 'checkbox', 0, 0, '', ''),
	(239, '1', '', '', 'option', 'checkbox', 0, 0, '', ''),
	(240, '1', '', '', 'extras', 'checkbox', 0, 0, '', ''),
	(241, '1', '', '', 'option', 'checkbox', 0, 0, '', ''),
	(242, '1', '', '', 'choose', 'radio', 0, 0, '', ''),
	(243, '1', '', '', 'extras', 'checkbox', 0, 0, '', ''),
	(244, '1', '', '', 'option', 'checkbox', 0, 0, '', ''),
	(245, '1', '', '', 'choose', 'radio', 0, 0, '', ''),
	(246, '1', '', '', 'extras', 'checkbox', 0, 0, '', ''),
	(247, '1', '', '', 'choose a drink', 'radio', 1, 0, '1', ''),
	(248, '1', '', '', 'choose a soda', 'radio', 1, 0, '1', ''),
	(249, '1', '', '', 'choose a flavor', 'radio', 1, 0, '1', ''),
	(250, '1', '', '', 'choose a size', 'radio', 1, 0, '1', ''),
	(251, '1', '', '', 'choose a size', 'radio', 1, 0, '1', ''),
	(252, '1', '', '', 'choose a size', 'radio', 1, 0, '1', ''),
	(253, '1', '', '', 'choose a size', 'radio', 1, 0, '1', ''),
	(254, '1', '', '', 'choose two flavors', 'checkbox', 2, 0, '', ''),
	(255, '1', '', '', 'choose a flavor', 'radio', 1, 0, '1', ''),
	(256, '1', '', '', 'choose a cheese', 'radio', 1, 0, '1', ''),
	(257, '1', '', '', 'add', 'checkbox', 0, 0, '', ''),
	(258, '1', '', '', 'choose a side', 'radio', 1, 0, '1', ''),
	(259, '1', '', '', 'beans', 'checkbox', 1, 0, '1', ''),
	(260, '1', '', '', 'choose an egg preparation ', 'radio', 1, 0, '1', ''),
	(261, '1', '', '', 'choose a meat', 'radio', 1, 0, '1', ''),
	(262, '1', '', '', 'choose a side', 'radio', 1, 0, '1', ''),
	(263, '1', '', '', 'choose a meat', 'radio', 1, 0, '1', ''),
	(264, '1', '', '', 'choose a side', 'radio', 1, 0, '1', ''),
	(265, '1', '', '', 'choose a side', 'radio', 1, 0, '1', ''),
	(266, '1', '', '', 'choose a meat', 'radio', 1, 0, '1', ''),
	(267, '1', '', '', 'choose a meat', 'radio', 1, 0, '1', ''),
	(268, '1', '', '', 'choose a style', 'radio', 1, 0, '1', ''),
	(269, '1', '', '', 'choose a protein', 'radio', 1, 0, '1', ''),
	(270, '1', '', '', 'choose a rice style', 'radio', 1, 0, '1', ''),
	(271, '1', '', '', 'would you like toppings?', 'checkbox', 0, 0, '', ''),
	(272, '1', '', '', 'options', 'checkbox', 0, 0, '', ''),
	(273, '1', '', '', 'extras', 'checkbox', 0, 0, '', ''),
	(274, '1', '', '', 'choose a protein', 'radio', 1, 0, '1', ''),
	(275, '1', '', '', 'choose a protein', 'radio', 1, 0, '1', ''),
	(276, '1', '', '', 'choose a style', 'checkbox', 1, 0, '', ''),
	(277, '1', '', '', 'choose a size', 'radio', 1, 0, '1', ''),
	(278, '1', '', '', 'choose a tortilla', 'radio', 1, 0, '1', ''),
	(279, '1', '', '', 'choose a protein', 'radio', 1, 0, '1', ''),
	(280, '1', '', '', 'choose a size', 'radio', 1, 0, '1', ''),
	(281, '1', '', '', 'would you like the burrito cut in 1/2?', 'checkbox', 1, 0, '', ''),
	(282, '1', '', '', 'choose a size', 'radio', 1, 0, '1', ''),
	(283, '1', '', '', 'choose vegetables', 'checkbox', 0, 0, '', ''),
	(284, '1', '', '', 'choose a size', 'radio', 1, 0, '1', ''),
	(285, '1', '', '', 'choose a protien', 'radio', 1, 0, '1', ''),
	(286, '1', '', '', 'choose a style', 'radio', 0, 0, '1', ''),
	(287, '1', '', '', 'choose a protein', 'radio', 1, 0, '1', ''),
	(288, '1', '', '', 'choose a cheese', 'radio', 1, 0, '1', ''),
	(289, '1', '', '', 'would you like beans?', 'radio', 1, 0, '', ''),
	(290, '1', '', '', 'choose a protein', 'radio', 1, 0, '1', ''),
	(291, '1', '', '', 'choose a style', 'radio', 1, 0, '1', ''),
	(292, '1', '', '', 'choose a meat', 'radio', 1, 0, '1', ''),
	(293, '1', '', '', 'choose a style', 'radio', 1, 0, '1', ''),
	(294, '1', '', '', 'choose a style', 'radio', 1, 0, '1', ''),
	(295, '1', '', '', 'choose a protein', 'checkbox', 3, 0, '1', ''),
	(296, '1', '', '', 'choose a meat', 'radio', 1, 0, '1', ''),
	(297, '1', '', '', 'choose a cheese style', 'radio', 1, 0, '1', ''),
	(298, '1', '', '', 'choose a meat', 'radio', 1, 0, '1', ''),
	(299, '1', '', '', 'would you like to add a dip?', 'radio', 1, 0, '', ''),
	(300, '1', '', '', 'choose a size', 'radio', 1, 0, '1', ''),
	(301, '1', '', '', 'choose a salsa', 'radio', 1, 0, '1', ''),
	(302, '1', '', '', 'choose a size', 'radio', 1, 0, '1', ''),
	(303, '1', '', '', 'choose a size', 'radio', 1, 0, '1', ''),
	(304, '1', '', '', 'choose a style', 'radio', 1, 0, '1', ''),
	(305, '1', '', '', 'would you like chips?', 'checkbox', 1, 0, '', ''),
	(306, '1', '', '', 'protein', 'radio', 1, 0, '1', ''),
	(307, '1', '', '', 'choose a protein', 'checkbox', 0, 0, '1', ''),
	(308, '1', '', '', 'choose a style', 'radio', 1, 0, '1', ''),
	(309, '1', '', '', 'carnitas', 'checkbox', 3, 0, '1', ''),
	(310, '1', '', '', 'cheese', 'checkbox', 1, 0, '1', '1'),
	(311, '1', '', '', 'bean and cheese', 'checkbox', 1, 0, '1', '1'),
	(312, '1', '', '', 'wrap it', 'radio', 1, 0, '1', ''),
	(313, '1', '', '', 'sandwich bread', 'checkbox', 1, 0, '1', ''),
	(314, '1', '', '', 'sandwich toppings', 'checkbox', 1, 0, '1', ''),
	(315, '1', '', '', 'eggs and cheese', 'checkbox', 2, 0, '1', ''),
	(316, '1', '', '', 'sandwich exras', 'checkbox', 0, 0, '', ''),
	(317, '1', '', '', 'toast', 'checkbox', 2, 0, '', ''),
	(318, '1', '', '', 'breakfast meat', 'checkbox', 1, 0, '', ''),
	(319, '1', '', '', 'breakfast extras', 'checkbox', 0, 0, '', ''),
	(320, '1', '', '', 'choice of bacon', 'checkbox', 1, 0, '', ''),
	(321, '1', '', '', 'sand options', 'checkbox', 0, 0, '', '');
/*!40000 ALTER TABLE `btr_sellersides` ENABLE KEYS */;

-- Dumping structure for table burritobrothers_db.btr_sellersides_lists
CREATE TABLE IF NOT EXISTS `btr_sellersides_lists` (
  `id` bigint(21) NOT NULL,
  `side` varchar(255) NOT NULL,
  `cost` double(20,2) NOT NULL
) ENGINE=MyISAM DEFAULT CHARSET=latin1;

-- Dumping data for table burritobrothers_db.btr_sellersides_lists: 635 rows
/*!40000 ALTER TABLE `btr_sellersides_lists` DISABLE KEYS */;
INSERT INTO `btr_sellersides_lists` (`id`, `side`, `cost`) VALUES
	(24, 'chicken', 0.00),
	(23, 'veggie', 0.00),
	(22, 'cheese sauce', 0.00),
	(21, 'shredded cheese', 0.00),
	(25, 'steak', 0.00),
	(26, 'pork', 0.00),
	(27, 'ground beef', 0.00),
	(28, 'no salsa', 0.00),
	(29, 'no beans', 0.00),
	(30, 'pinto', 0.00),
	(31, 'black', 0.00),
	(32, 'refried', 0.00),
	(33, 'cheese', 0.80),
	(34, 'sour cream', 0.80),
	(35, 'guacamole', 1.10),
	(36, 'corn', 0.85),
	(37, 'spinach', 1.25),
	(38, 'extra salsa', 0.50),
	(39, 'cheddar cheese', 0.80),
	(40, 'sliced avocado', 1.10),
	(41, 'mexican rice', 0.00),
	(42, 'brown rice', 0.00),
	(43, 'more rice', 0.00),
	(44, 'less rice', 0.00),
	(45, 'no rice', 0.00),
	(46, 'lettuce', 0.00),
	(47, 'plain tomatoes', 0.00),
	(48, 'salsa', 0.00),
	(49, 'corn salsa', 0.00),
	(50, 'corn', 0.00),
	(51, 'cilantro', 0.00),
	(52, 'peppers', 0.00),
	(53, 'onions', 0.00),
	(54, 'verde', 0.00),
	(55, 'roast tomatoes', 0.00),
	(56, 'olives', 0.00),
	(57, 'red onions', 0.00),
	(61, 'vegetarian', 0.00),
	(59, 'sour cream', 0.00),
	(60, 'cheese', 0.00),
	(62, 'chicken', 1.25),
	(63, 'steak', 1.25),
	(64, 'pork', 1.25),
	(65, 'ground beef', 1.25),
	(66, 'fish', 1.25),
	(67, 'yes', 0.00),
	(68, 'no', 0.00),
	(69, 'more beans', 0.00),
	(70, 'less beans', 0.00),
	(71, 'corn tortillas', 0.00),
	(72, 'chips', 0.00),
	(73, 'none', 0.00),
	(74, 'french fries', 0.00),
	(75, 'home fries', 0.00),
	(76, 'plantain', 0.00),
	(77, 'home fries', 0.50),
	(78, 'plantain', 0.65),
	(79, 'spinach', 0.50),
	(80, 'mushroom', 0.50),
	(81, 'sausage', 0.65),
	(82, 'bacon', 0.65),
	(83, 'guacamole', 0.50),
	(84, 'sour cream', 0.50),
	(85, 'cheese', 0.50),
	(86, 'corn tortillas', 0.20),
	(87, 'floured tortillas', 0.20),
	(88, 'sweet potatoes', 0.00),
	(89, 'whole wheat tortilla', 0.30),
	(90, 'no cheese', 0.00),
	(91, 'chorizo', 1.00),
	(92, 'scrambled eggs', 0.00),
	(93, 'veggie omelet', 0.00),
	(94, 'no green pepper', 0.00),
	(95, 'no onions', 0.00),
	(96, 'no guacamole', 0.00),
	(97, 'no sour cream', 0.00),
	(98, 'green peppers', 0.00),
	(99, 'tomatoes', 0.00),
	(100, 'cheddar cheese', 0.50),
	(101, 'jack cheese', 0.50),
	(102, 'bacon', 0.00),
	(103, 'sausage', 0.00),
	(104, 'ham', 0.00),
	(105, '2 eggs', 0.00),
	(106, 'sausage', 1.00),
	(107, 'ham', 1.00),
	(108, '2 eggs', 1.00),
	(109, 'syrup', 0.00),
	(110, 'no bacon', 0.00),
	(111, 'no sausage', 0.00),
	(112, 'no butter', 0.00),
	(113, 'regular', 0.00),
	(114, 'chips', 0.50),
	(115, 'beans & rice', 0.00),
	(116, 'spinach', 0.00),
	(117, 'carnitas', 0.00),
	(118, 'pollo asada', 1.00),
	(119, 'carne asada', 1.00),
	(120, 'hot', 0.00),
	(121, 'jalapenos', 0.00),
	(122, 'cut in half', 0.00),
	(123, 'jack', 0.80),
	(124, 'corn', 0.40),
	(125, 'whole wheat', 0.50),
	(126, 'spinach tortilla', 0.50),
	(127, 'tomato tortilla', 0.50),
	(128, 'jalapeno tortilla', 0.50),
	(129, 'multigrain tortilla', 0.50),
	(130, 'hard', 0.00),
	(131, 'soft', 0.00),
	(132, 'carne asada', 0.75),
	(133, 'pollo asada', 0.75),
	(134, 'fish taco', 0.75),
	(135, 'black beans taco', 0.00),
	(136, 'pinto beans taco', 0.00),
	(137, 'refried beans taco', 0.00),
	(138, 'no lettuce', 0.00),
	(139, 'soft flour tortillas', 0.00),
	(140, 'regular toppings', 0.00),
	(141, 'no chips', 0.00),
	(142, 'no shelle', 0.00),
	(143, 'chicken', 2.50),
	(144, 'steak', 2.50),
	(145, 'ground beef', 2.50),
	(146, 'carnitas', 2.50),
	(147, 'fish', 2.50),
	(148, 'hot jalapenos', 0.00),
	(149, 'salsa verde', 0.00),
	(150, 'extra meat', 2.50),
	(151, 'no olives', 0.00),
	(152, 'no corn', 0.00),
	(153, 'ranch', 0.00),
	(154, 'italian', 0.00),
	(155, 'romaine lettuce', 0.00),
	(156, 'pico de gallo', 0.00),
	(157, 'mushrooms', 0.75),
	(158, 'sour cream', 0.88),
	(159, 'black beans', 0.00),
	(160, 'pinto beans', 0.00),
	(161, 'refried beans', 0.00),
	(162, 'black beans', 0.50),
	(163, 'pinto beans', 0.50),
	(164, 'refriend beans', 0.50),
	(165, 'jack cheese', 0.80),
	(166, 'flour tortillas', 0.00),
	(167, 'no cilantro', 0.00),
	(168, 'grilled chicken', 0.00),
	(169, 'grilled steak', 0.00),
	(170, 'fish', 0.00),
	(171, 'guacamole', 0.00),
	(172, 'slice avocado', 0.00),
	(173, 'carne asada', 0.00),
	(174, 'pollo asada', 0.00),
	(175, 'french fries', 2.00),
	(176, 'no tortillas', 0.00),
	(177, 'sliced avocado', 0.00),
	(178, 'jack cheese', 0.00),
	(179, 'cheddar cheese', 0.00),
	(180, 'mix of chicken and steak', 0.00),
	(181, 'no green peppers', 0.00),
	(182, 'no lime wedge', 0.00),
	(183, 'sweet potato fries', 2.00),
	(184, 'normal', 0.00),
	(185, 'chips with salsa', 0.30),
	(186, 'chips with guacamole', 0.85),
	(187, '4oz', 0.00),
	(188, '8oz', 4.00),
	(189, '12oz', 12.00),
	(190, '8oz', 2.00),
	(191, '12oz', 8.00),
	(192, '8oz', 3.00),
	(193, 'nacho cheese sauce', 0.00),
	(194, 'mushrooms', 0.50),
	(195, 'bacon', 0.50),
	(196, 'ham', 0.50),
	(197, 'no peppers', 0.00),
	(198, 'no tomatoes', 0.00),
	(199, 'tomatoes', 0.50),
	(200, 'sub chips', 0.00),
	(201, 'extra home fries', 0.50),
	(202, 'extra f. fries', 0.50),
	(203, 'extra plantain', 0.50),
	(204, 'sweet potato fries', 0.00),
	(205, 'queso fresco', 0.00),
	(206, 'no sauce', 0.00),
	(207, 'extra salsa', 0.00),
	(208, 'extra mushroom', 0.50),
	(209, 'extra sausage', 0.65),
	(210, 'whole wheat', 0.30),
	(211, 'all flavored tortillas', 0.30),
	(212, 'refried beans', 0.50),
	(213, 'plantain', 0.50),
	(214, 'xxx', 0.00),
	(215, 'power c', 0.00),
	(216, 'coke', 0.00),
	(217, 'diet coke', 0.00),
	(218, 'sprite', 0.00),
	(219, 'minute maid lemonade', 0.00),
	(220, 'tamarindo', 0.00),
	(221, 'mandarina', 0.00),
	(222, '20 oz.', 1.65),
	(223, '32 oz.', 2.50),
	(224, '20 oz.', 2.00),
	(225, '32 oz', 3.00),
	(226, '20 oz.', 2.25),
	(227, '32 oz.', 3.20),
	(228, 'mango', 0.00),
	(229, 'strawberry', 0.00),
	(230, 'banana', 0.00),
	(231, 'peach', 0.00),
	(232, 'wild berry', 0.00),
	(233, 'raspberry', 0.00),
	(234, 'passion fruit', 0.00),
	(235, 'pina collada', 0.00),
	(236, 'vanilla', 0.00),
	(237, 'chocolate', 0.00),
	(238, 'monterey jack', 0.00),
	(239, 'add sausage', 0.75),
	(240, 'add bacon', 0.75),
	(241, 'add chicken', 0.75),
	(242, 'add steak', 0.75),
	(243, 'add chorizo', 0.75),
	(244, 'add ham', 0.75),
	(245, 'add chorizo', 1.00),
	(246, 'add turkey bacon', 0.75),
	(247, 'add mushrooms', 0.75),
	(248, 'add spinach', 0.50),
	(249, 'add onions', 1.00),
	(250, 'add green peppers', 1.00),
	(251, 'add sour cream', 0.50),
	(252, 'add guacamole', 0.50),
	(253, 'add cheddar cheese', 0.50),
	(254, 'add monterey jack cheese', 0.50),
	(255, 'extra pinto beans', 0.50),
	(256, 'extra black beans', 0.50),
	(257, 'extra refried beans', 0.50),
	(258, 'extra rice', 0.50),
	(259, 'extra scrambled egg', 0.75),
	(260, 'extra fried egg', 0.75),
	(261, 'extra over easy egg', 0.75),
	(262, 'extra sunny side up egg', 0.75),
	(263, 'add pancake', 2.00),
	(264, 'extra home fries', 0.75),
	(265, 'extra plantain', 0.75),
	(266, 'fried eggs', 0.00),
	(267, 'over easy eggs', 0.00),
	(268, 'sunny side up eggs', 0.00),
	(269, 'corn chips', 0.00),
	(270, '3 corn tortillas', 0.00),
	(271, 'mexican chorizo', 0.00),
	(272, 'grilled steak', 7.75),
	(273, 'shredded chicken', 7.75),
	(274, 'grilled chicken', 7.75),
	(275, 'ground beef', 7.75),
	(276, 'carnitas', 7.75),
	(277, 'chorizo', 7.75),
	(278, 'tilapia fish filet', 7.75),
	(279, 'veggie', 6.50),
	(280, 'mushrooms', 0.00),
	(281, 'salsa picante', 0.00),
	(282, 'hot sauce', 0.00),
	(283, 'add extra salsa verde', 0.50),
	(284, 'add extra corn salsa', 0.50),
	(285, 'add extra black beans', 0.50),
	(286, 'add extra pinto beans', 0.50),
	(287, 'add extra refried beans', 0.50),
	(288, 'add extra mexican rice', 0.50),
	(289, 'add extra brown rice', 0.50),
	(290, 'add extra monterey jack cheese', 0.80),
	(291, 'add extra cheddar cheese', 0.80),
	(292, 'add extra sour cream', 0.80),
	(293, 'add extra guacamole', 1.10),
	(294, 'add extra spinach', 1.25),
	(295, 'add extra mushrooms', 0.75),
	(296, 'add sliced avocado', 1.10),
	(297, 'grilled steak', 8.00),
	(298, 'shredded chicken', 8.00),
	(299, 'grilled chicken', 8.00),
	(300, 'ground beef', 8.00),
	(301, 'carnitas', 8.00),
	(302, 'chorizo', 9.00),
	(303, 'tilapia fish filet', 9.00),
	(304, 'grilled steak', 6.00),
	(305, 'shredded chicken', 6.00),
	(306, 'grilled chicken', 6.00),
	(307, 'ground beef', 6.00),
	(308, 'carnitas', 6.00),
	(309, 'chorizo', 6.00),
	(310, 'tilapia fish filet', 6.00),
	(311, 'veggies', 5.50),
	(312, '14" big daddy with cheddar cheese', 7.50),
	(313, '14" big daddy with monterey jack cheese', 7.50),
	(314, '12" regular', 6.50),
	(315, 'little brother', 4.75),
	(316, 'regular tortilla', 0.00),
	(317, 'whole wheat tortilla', 0.50),
	(318, 'shredded chicken', 0.00),
	(319, 'tilapia fish filet', 1.00),
	(320, '14" bid daddy with cheddar cheese', 8.99),
	(321, '14" big daddy with monterey jack cheese', 8.99),
	(322, '12" regular', 7.99),
	(323, 'little brother', 6.99),
	(324, 'cut the burrito in 1/2', 0.00),
	(325, '14" beans and rice big daddy with cheddar cheese', 5.75),
	(326, '14" beans and rice big daddy with monterey jack cheese', 5.75),
	(327, '12" beans and rice regular', 4.75),
	(328, '12" beans and rice regular', 3.25),
	(329, '14" spinach big daddy with cheddar cheese', 6.50),
	(330, '14" spinach big daddy with monterey jack cheese', 6.50),
	(331, '12" spinach regular', 5.50),
	(332, 'spinach little brother', 3.75),
	(333, 'black olives', 0.00),
	(334, '14" big daddy with cheddar cheese', 6.99),
	(335, '14" big daddy with monterey jack cheese', 6.99),
	(336, '12" regular', 5.99),
	(337, 'little brother', 4.99),
	(338, 'hard taco', 0.00),
	(339, 'soft flour taco', 0.00),
	(340, 'corn tortilla', 0.00),
	(341, 'ground beef', 2.00),
	(342, 'carnitas', 2.00),
	(343, 'shredded chicken', 2.00),
	(344, 'carne asada', 2.75),
	(345, 'chorizo', 2.75),
	(346, 'tilapia fish', 2.75),
	(347, 'cheddar cheese', 2.75),
	(348, 'monterey jack cheese', 2.75),
	(349, 'bean and cheddar cheese', 2.75),
	(350, 'bean and monterrey jack cheese', 2.75),
	(351, 'with carnitas', 3.00),
	(352, 'add guacamole', 0.80),
	(353, 'add salsa verde', 0.25),
	(354, 'add corn salsa', 0.25),
	(355, 'add pico de gallo', 0.25),
	(356, '4 oz.', 2.00),
	(357, '8 oz.', 4.00),
	(358, '12 oz.', 9.00),
	(359, '4 oz.', 3.00),
	(360, '8 oz.', 6.00),
	(361, '12 oz.', 10.00),
	(362, '2 oz.', 1.25),
	(363, '4 oz.', 4.00),
	(364, '8 oz.', 8.00),
	(365, '12 oz.', 16.00),
	(366, 'beans and rice burrito', 0.00),
	(367, 'spinach burrito', 0.00),
	(368, 'chicken burrito', 0.00),
	(369, 'steak burrito', 0.00),
	(370, 'ground beef burrito', 0.00),
	(371, 'carnitas burrito', 0.00),
	(372, 'fish burrito', 1.00),
	(373, 'chorizo burrito', 1.00),
	(374, 'with chips', 0.50),
	(375, 'tofu', 0.00),
	(376, 'bacon', 0.75),
	(377, 'egg white', 0.00),
	(378, 'salmon', 9.75),
	(379, 'salmon', 2.00),
	(380, 'pollo asada', 2.75),
	(381, 'cheese', 2.75),
	(382, 'bean and cheese', 2.75),
	(383, 'bean and cheese', 0.00),
	(384, 'extra queso fresco', 0.75),
	(385, 'tilapia fillet', 0.00),
	(386, 'salmon filet', 0.00),
	(387, 'grilled steak', 8.75),
	(388, 'grilled chicken', 8.75),
	(389, 'ground beef', 8.75),
	(390, 'carnitas', 8.75),
	(391, 'tilapia', 9.75),
	(392, 'salmon', 10.00),
	(393, 'schredded chicken', 8.75),
	(394, 'veggie', 7.25),
	(395, 'wrap', 0.00),
	(396, 'salad', 0.00),
	(397, '22 oz', 1.85),
	(398, '32 oz', 2.85),
	(399, '12" regular', 7.00),
	(400, '22 oz', 1.95),
	(401, '22 oz', 2.35),
	(402, '32 oz', 3.50),
	(403, '22 oz', 2.55),
	(404, '32 oz', 3.99),
	(405, '14" big daddy with cheese', 8.00),
	(406, '14" big daddy with cheese', 6.00),
	(407, 'barbacoa', 0.00),
	(408, 'barbacoa', 7.75),
	(409, 'a la pastor', 0.00),
	(410, 'lengua', 0.00),
	(411, '14: big daddy', 8.99),
	(412, 'monterey jack cheese', 0.00),
	(413, 'little brother', 5.00),
	(414, 'big daddy', 0.00),
	(415, 'big daddy $7.00', 0.00),
	(416, 'big daddy', 7.00),
	(417, 'regular burrito', 6.00),
	(418, 'mayo', 0.00),
	(419, 'a la pastor', 2.75),
	(420, 'lengua', 3.00),
	(421, 'carnitas', 2.65),
	(422, 'ground beef', 2.65),
	(423, 'schredded chicken', 2.65),
	(424, 'salmon', 3.00),
	(425, 'shrimp', 3.25),
	(426, 'barbacoa', 2.75),
	(427, 'guacamole', 0.60),
	(428, 'schredded chicken', 0.00),
	(429, 'ground beef', 2.55),
	(430, 'schredded chicken', 2.55),
	(431, 'carnitas', 2.55),
	(432, 'shrimp', 3.39),
	(433, 'schrimp', 3.00),
	(434, 'schrimp', 11.75),
	(435, 'chorizo', 1.50),
	(436, 'barbecue sauce', 0.00),
	(437, 'fresh jalopenos', 0.00),
	(438, 'monterey jack', 0.80),
	(439, 'extra beans', 0.50),
	(440, 'homefries', 0.85),
	(441, 'white rice', 0.00),
	(442, 'schrimp', 14.00),
	(443, 'cheese', 12.00),
	(444, 'chicken', 12.00),
	(445, 'scrimp', 14.00),
	(446, 'salmon', 13.00),
	(447, 'shrimp', 6.25),
	(448, 'grilled steak', 9.75),
	(449, 'italian dressing', 0.00),
	(450, 'balsamic vinnaigrette', 0.00),
	(451, 'salmon', 14.00),
	(452, 'shrimp', 0.00),
	(453, 'no mayo', 0.00),
	(454, 'plantain', 0.85),
	(455, 'flavoured tortillas', 0.50),
	(456, 'bacon', 0.85),
	(457, 'turkey bacon', 0.85),
	(458, 'turkey bacon', 0.00),
	(459, 'no shell', 0.00),
	(460, 'sausage', 0.85),
	(461, 'upgrade to big daddy', 2.50),
	(462, 'no eggs', 0.00),
	(463, 'tofu', 1.00),
	(464, 'guacamole', 1.65),
	(465, 'sliced avocado', 1.65),
	(466, 'guacamole', 1.50),
	(467, 'pico de gallo', 0.65),
	(468, 'queso dip', 1.50),
	(469, 'extra egg', 0.85),
	(470, 'tofu', 2.00),
	(471, 'with chips', 1.25),
	(472, 'grilled chicken', 9.95),
	(473, 'shredded chicken', 9.95),
	(474, 'carnitas', 9.95),
	(475, 'salmon', 15.00),
	(476, 'tilapia', 12.00),
	(477, 'ground beef', 9.95),
	(478, 'grilled steak', 9.95),
	(479, '2 oz', 1.65),
	(480, '14" big daddy', 7.75),
	(481, '12" regular', 6.75),
	(482, '8" little brother', 5.50),
	(483, 'loroco', 3.00),
	(484, 'loroco', 0.50),
	(485, 'shrimp', 4.00),
	(486, 'in a bowl', 0.00),
	(487, 'wheat', 0.00),
	(488, 'white', 0.00),
	(489, 'english muffin', 0.00),
	(490, 'croissant', 0.65),
	(491, 'turkey bacon', 4.65),
	(492, 'bacon', 4.65),
	(493, 'ham', 4.65),
	(494, 'steak', 6.75),
	(495, 'cheese', 3.65),
	(496, 'bacon', 1.00),
	(497, 'turkey bacon', 1.00),
	(498, 'steak', 1.00),
	(499, 'cheddar', 1.00),
	(500, 'monterey jack', 1.00),
	(501, 'american cheese', 1.00),
	(502, 'jelly', 0.00),
	(503, 'butter', 0.00),
	(504, 'swiss cheese', 0.00),
	(505, 'american cheese', 0.00),
	(506, 'extra egg', 1.00),
	(507, 'extra egg white', 1.00),
	(508, 'extra toast', 0.50),
	(509, 'extra  cheese', 1.00),
	(510, 'extra cheese', 1.00),
	(511, 'choice of bacon', 0.00),
	(512, 'upgrade to 12" tortilla', 2.00),
	(513, 'upgrade to 14" tortilla', 3.00),
	(514, 'extra meat', 3.00),
	(515, 'lengua', 4.00),
	(516, 'extra meat', 4.00),
	(517, 'on a 14" tortilla', 2.25),
	(518, 'chicken', 14.00),
	(519, 'shrimp', 16.75),
	(520, 'grilled steak', 1.00),
	(521, 'tilapia', 2.00),
	(522, 'extra beans', 1.00),
	(523, 'extra rice', 1.00),
	(524, '20 oz', 2.95),
	(525, '32 oz', 4.50),
	(526, 'tofu', 3.25),
	(527, 'extra black beans', 1.00),
	(528, 'extra pinto beans', 1.00),
	(529, 'extra refried beans', 1.00),
	(530, 'exra rice', 1.00),
	(531, 'homefries', 1.00),
	(532, 'extra mushrooms', 0.85),
	(533, 'a la pastor', 8.75),
	(534, 'barbacoa', 8.75),
	(535, 'barbacoa', 1.00),
	(536, 'a la pastor', 1.00),
	(537, 'cheese', 14.00),
	(538, 'shrimp', 18.75),
	(539, '8 oz', 7.00),
	(540, '12 oz', 10.50),
	(541, 'tilapia fish fillet', 3.00),
	(542, 'salmon fillet', 4.00),
	(543, 'shrimp', 5.05),
	(544, 'extra cheese sauce', 1.95),
	(545, 'extra nacho cheese sauce', 1.95),
	(546, '20 oz fountain soda', 1.95),
	(547, 'bacon', 1.95),
	(548, 'turkey bacon', 1.95),
	(549, 'mushrooms', 0.95),
	(550, 'extra rice', 1.85),
	(551, 'extra salsa', 0.75),
	(552, 'extra beans', 1.85),
	(553, 'shrimp', 15.00),
	(554, 'salmon', 14.75),
	(555, 'avocado', 1.65),
	(556, 'extra beans', 1.95),
	(557, 'extra rice', 1.95),
	(558, 'shrimp', 14.75),
	(559, 'lengua', 7.00),
	(560, 'add toffu', 3.00),
	(561, 'add tilapia', 3.00),
	(562, 'add salmon', 4.50),
	(563, 'add shrimp', 4.00),
	(564, 'salmon', 4.00),
	(565, 'extra pinto beans', 1.85),
	(566, 'extra black beans', 1.85),
	(567, 'extra refried beans', 1.85),
	(568, 'vegiterian / vegan : type in choice of beans', 0.00),
	(569, 'shredded chicken', 7.90),
	(570, 'grilled chicken', 7.90),
	(571, '12" tortilla', 8.00),
	(572, '14 tortilla', 9.00),
	(573, '14" tortilla', 9.00),
	(574, 'little brother', 6.00),
	(575, 'jalopeno tortilla', 0.75),
	(576, 'whole wheat tortilla', 0.75),
	(577, 'tomato tortilla', 0.75),
	(578, 'spinach tortilla', 0.75),
	(579, 'guacamole', 2.40),
	(580, 'fresh avocado', 2.40),
	(581, 'mushrooms', 1.00),
	(582, '12" tortilla', 10.00),
	(583, '14" tortilla', 11.75),
	(584, 'little brother', 7.99),
	(585, 'on a 14"', 2.45),
	(586, '8" tortilla', 6.00),
	(587, '12" tortilla', 9.00),
	(588, 'carnitas', 7.90),
	(589, 'chorizo', 8.90),
	(590, 'tilapia', 9.90),
	(591, 'barbacoa', 8.90),
	(592, 'a la pastor', 8.90),
	(593, 'veggie', 7.90),
	(594, 'grilled steak', 8.90),
	(595, 'flour tortilla', 0.75),
	(596, 'tilapia', 12.75),
	(597, 'ground beef', 7.90),
	(598, 'scrambled egg', 1.00),
	(599, 'grilled tofu', 2.00),
	(600, 'egg and cheese sandwich', 4.95),
	(601, 'egg and bacon sandwich', 5.50),
	(602, 'egg and sausage sandwich', 5.50),
	(603, 'egg and steak sandwich', 6.95),
	(604, 'blt', 5.50),
	(605, 'egg and turkey bacon sandwich', 5.50),
	(606, 'egg and ham sandwich', 5.50),
	(607, 'turkey sausage', 1.00),
	(608, 'extra pico de gallo', 0.75),
	(609, 'carne asada', 3.25),
	(610, 'chorizo', 3.25),
	(611, 'tlapia', 3.25),
	(612, 'shrimp', 3.75),
	(613, 'a la pastor', 3.25),
	(614, 'pollo asada', 2.90),
	(615, 'carnitas', 2.90),
	(616, 'ground beef', 2.90),
	(617, 'schredded chicken', 2.90),
	(618, 'barbacoa', 3.25),
	(619, 'tilapia', 3.25),
	(620, 'grilled tofu', 3.50),
	(621, 'veggie', 12.75),
	(622, 'tilapia', 15.00),
	(623, 'salmon', 16.00),
	(624, 'grilled chicken', 14.50),
	(625, 'carnitas', 14.50),
	(626, 'ground beef', 14.50),
	(627, 'shrimp', 16.00),
	(628, 'grilled steak', 15.00),
	(629, 'shredded chicken', 14.50),
	(630, 'with chips', 2.00),
	(631, 'extra plantain', 1.85),
	(632, 'extra home fries', 1.85),
	(633, 'extra chorizo', 2.00),
	(634, 'upgrade to 14" tortilla', 3.50),
	(635, 'upgrade to 12" tortilla', 2.50),
	(636, 'turkey sausage', 0.00),
	(637, '20 oz', 3.75),
	(638, '32 oz', 4.99),
	(639, 'fresh tomatoes', 0.00),
	(640, 'with carnitas', 3.50),
	(641, 'cheese', 3.50),
	(642, 'bean and cheese', 3.50),
	(643, 'fresh avocado', 0.00),
	(644, 'large', 0.55),
	(645, 'grilled tofu', 0.00),
	(646, 'queso dip', 2.75),
	(647, 'guacamole', 2.75),
	(648, 'pico de gallo', 1.50),
	(649, 'perrier', 0.55),
	(650, 'deer park', 0.30),
	(651, 'extra chorizo', 2.75),
	(652, 'shrimp', 6.00),
	(653, 'mix chicken and shrimp', 6.00),
	(654, 'salmon fillet', 6.00),
	(655, 'corn', 1.00),
	(656, 'teeeeeest', 0.11);
/*!40000 ALTER TABLE `btr_sellersides_lists` ENABLE KEYS */;

-- Dumping structure for table burritobrothers_db.category
CREATE TABLE IF NOT EXISTS `category` (
  `id` int(11) NOT NULL AUTO_INCREMENT,
  `code` varchar(55) NOT NULL DEFAULT '0',
  `name` varchar(55) NOT NULL,
  `parent_id` int(11) DEFAULT NULL,
  `photo` varchar(250) DEFAULT NULL,
  `status` tinyint(1) DEFAULT 1,
  PRIMARY KEY (`id`)
) ENGINE=InnoDB AUTO_INCREMENT=47 DEFAULT CHARSET=utf8;

-- Dumping data for table burritobrothers_db.category: ~15 rows (approximately)
/*!40000 ALTER TABLE `category` DISABLE KEYS */;
INSERT INTO `category` (`id`, `code`, `name`, `parent_id`, `photo`, `status`) VALUES
	(6, '0', 'beverages	', NULL, 'images/category/1580999401brevareage.jpg', 1),
	(32, '0', 'breakfast', NULL, 'images/category/1580999057break.jpg', 1),
	(33, '0', 'breakfast platters', NULL, 'images/category/1580999069break_platter.jpg', 1),
	(34, '0', 'omelets', NULL, 'images/category/1580999412omelet.jpg', 1),
	(36, '0', 'breakfast sides', NULL, 'images/category/1580999118break_sides.jpg', 1),
	(37, '0', 'make your own', NULL, 'images/category/1580999148make_our_own.jpg', 1),
	(38, '0', 'burritos', NULL, 'images/category/1580999131burrito.jpg', 1),
	(39, '0', 'tacos', NULL, 'images/category/1580999166taco.jpg', 1),
	(40, '0', 'quesadillas and subs', NULL, 'images/category/1580999182q_subs.jpg', 1),
	(41, '0', 'tamales', NULL, 'images/category/1580999012tamales1.jpg', 1),
	(42, '0', 'pupusa', NULL, 'images/category/1580998993papusa.jpg', 1),
	(43, '0', 'platters', NULL, 'images/category/1580998976platter.jpg', 1),
	(44, '0', 'nachos', NULL, 'images/category/1580998957nacho.jpg', 1),
	(45, '0', 'side orders', NULL, 'images/category/1580998938side.jpg', 1),
	(46, '0', 'lunch platters', NULL, 'images/category/lunch_platter_cat.jpg', 1);
/*!40000 ALTER TABLE `category` ENABLE KEYS */;

-- Dumping structure for table burritobrothers_db.cupons
CREATE TABLE IF NOT EXISTS `cupons` (
  `id` int(11) NOT NULL AUTO_INCREMENT,
  `cupon_no` varchar(100) NOT NULL,
  `c_type` tinyint(1) NOT NULL DEFAULT 1 COMMENT '1: flat_rate; 2:percentage_rate',
  `start_date` datetime DEFAULT NULL,
  `end_date` datetime DEFAULT NULL,
  `entry_date` datetime DEFAULT NULL,
  `amount` float(10,2) DEFAULT 0.00,
  `status` tinyint(1) NOT NULL DEFAULT 1 COMMENT '1: Active; 0:In-Active',
  `customer_id` int(11) DEFAULT NULL,
  `min_order_amount` int(11) NOT NULL DEFAULT 0,
  PRIMARY KEY (`id`)
) ENGINE=InnoDB AUTO_INCREMENT=12 DEFAULT CHARSET=utf8;

-- Dumping data for table burritobrothers_db.cupons: ~11 rows (approximately)
/*!40000 ALTER TABLE `cupons` DISABLE KEYS */;
INSERT INTO `cupons` (`id`, `cupon_no`, `c_type`, `start_date`, `end_date`, `entry_date`, `amount`, `status`, `customer_id`, `min_order_amount`) VALUES
	(1, '1111', 1, '2019-12-20 00:00:00', '2020-02-29 00:00:00', '2018-10-02 17:30:28', 100.00, 1, NULL, 0),
	(2, '2222', 2, '2017-10-02 17:30:20', '2020-02-27 00:00:00', '2018-10-02 17:30:28', 10.00, 1, NULL, 100),
	(3, '4444', 1, '2018-11-08 00:00:00', '2019-02-07 00:00:00', '2019-03-21 00:00:00', 33.00, 1, 1, 0),
	(4, '123321', 2, '2018-08-27 00:00:00', '2019-02-14 00:00:00', '2018-11-20 00:00:00', 10.00, 1, 0, 0),
	(5, '55555', 1, '2018-06-03 00:00:00', '2019-04-26 00:00:00', '0000-00-00 00:00:00', 55.00, 1, 8, 0),
	(6, '2018', 1, '2018-11-22 00:00:00', '2020-01-31 00:00:00', '2018-11-22 00:00:00', 100.00, 1, NULL, 0),
	(7, '2019', 2, '2019-12-20 00:00:00', '2020-02-29 00:00:00', '2019-12-27 00:00:00', 30.00, 1, NULL, 0),
	(8, '1234', 2, '2019-12-19 00:00:00', '2020-01-28 00:00:00', '2020-01-27 00:00:00', 10.00, 1, 0, 0),
	(9, 'aaaa', 1, '2019-12-26 00:00:00', '2020-01-31 00:00:00', '2019-12-27 00:00:00', 50.00, 1, NULL, 500),
	(10, '12345', 2, '2020-01-28 00:00:00', '2020-02-29 00:00:00', '2020-01-29 00:00:00', 3.00, 1, NULL, 20),
	(11, '2020', 2, '2020-01-23 00:00:00', '2020-04-29 00:00:00', '2020-01-31 00:00:00', 3.00, 1, NULL, 10);
/*!40000 ALTER TABLE `cupons` ENABLE KEYS */;

-- Dumping structure for table burritobrothers_db.customer_infos
CREATE TABLE IF NOT EXISTS `customer_infos` (
  `customer_id` int(11) NOT NULL AUTO_INCREMENT,
  `full_name` varchar(100) NOT NULL,
  `username` varchar(100) DEFAULT NULL,
  `password` varchar(100) DEFAULT NULL,
  `address` text NOT NULL,
  `age` date DEFAULT NULL,
  `photo` varchar(100) DEFAULT NULL,
  `contact_no` varchar(50) NOT NULL,
  `email` varchar(50) NOT NULL,
  `remarks` text DEFAULT NULL,
  `status` tinyint(1) DEFAULT 1 COMMENT '1:active,  0: inactive',
  `loyalty_points` int(11) NOT NULL DEFAULT 0,
  PRIMARY KEY (`customer_id`)
) ENGINE=InnoDB AUTO_INCREMENT=24 DEFAULT CHARSET=utf8;

-- Dumping data for table burritobrothers_db.customer_infos: ~21 rows (approximately)
/*!40000 ALTER TABLE `customer_infos` DISABLE KEYS */;
INSERT INTO `customer_infos` (`customer_id`, `full_name`, `username`, `password`, `address`, `age`, `photo`, `contact_no`, `email`, `remarks`, `status`, `loyalty_points`) VALUES
	(1, 'Moynul Hasan Momit', 'momit', 'e10adc3949ba59abbe56e057f20f883e', 'hfdlkbyiu asf', '1987-05-06', '/images/customer/1578044520moumit.jpg', '012100000', 'momit.litu@gmail.com', 'aaaaaaaaaaaa', 1, 293),
	(2, 'MUntakim Hasan', 'munif', 'e10adc3949ba59abbe56e057f20f883e', 'aaaaaaaaaaaaaaaa', '0000-00-00', 'images/customer/1537339731jahed.jpg', '012554455', 'munif.litu@gmail.com', 'aaaaaaaaaaaaaaa', 1, 0),
	(5, 'hasan', 'hasan', '152d28b67117c8cb0528b834d4abac67', 's sfdf,sdf ,sdfsd,dsf,', '0000-00-00', '', '01980340482', 'momi.df@gmaad.com', NULL, 1, 0),
	(6, 'muntakim', 'muntakim', 'e10adc3949ba59abbe56e057f20f883e', 'sgfsf sdfdsfdfdsfs', '0000-00-00', '', '0198034082', 'm.k@gmail.com', NULL, 1, 0),
	(7, 'Mir Abu Sayef', 'M.A Sayef', 'e10adc3949ba59abbe56e057f20f883e', 'Mohammadpur, Chanmia Housing, 41/10, Road # 1, 5-A. Dhaka - 1207', '0000-00-00', '', '01630325935', 'mirabu.sayef@yahoo.com', NULL, 1, 0),
	(8, 'Shabir Alkama', 'Shabir', 'e10adc3949ba59abbe56e057f20f883e', 'Mohammadpur, Chanmia Housing, 41/10, Road # 1, 5-A. Dhaka - 1207', '0000-00-00', '', '01133', 'Shabiralkama@gmail.com', NULL, 1, 0),
	(9, 'Anika Thasin', 'Anika', '827ccb0eea8a706c4c34a16891f84e7b', 'House-463, Road-31, Mohakhali Dohs', '0000-00-00', '', '01779574169', 'anikathasin.tonni@gmail.com', NULL, 1, 0),
	(10, 'shabir', 'Alkama', 'addcec5c2816e7b9277a56b3b1f12a96', 'H# 1/B, R# 11, Nikunja-2, Khilkhet, Dhaka 1229', '0000-00-00', '', '01712341127', 'shabiralkama_5700@yahoo.com', NULL, 1, 0),
	(11, 'Nazmul', 'Nazmul Ahsan', '25f9e794323b453885f5181f1b624d0b', 'Dhaka', '0000-00-00', '', '01613313666', 'it@nafisagroup.com', NULL, 0, 0),
	(12, 'mmmmomit', 'mmmmomit', 'e10adc3949ba59abbe56e057f20f883e', '', '0000-00-00', '', '0198034045', 'm.k@gmail.com', NULL, 1, 0),
	(13, 'Walk In Customer', NULL, NULL, 'no address', '0000-00-00', 'images/no_image.png', '456456464', '', '', 1, 0),
	(14, 'POS Customer', NULL, NULL, 'dfgdgdfg', '0000-00-00', 'images/no_image.png', '45645646', '', '', 1, 0),
	(15, 'chaki', NULL, NULL, '622, West shawrapara, mirpur', '2017-02-07', 'images/no_image.png', '234', '', '', 1, 0),
	(16, 'chaki', NULL, NULL, '622, West shawrapara, mirpur', '2019-12-10', 'images/no_image.png', '234', '', '', 1, 0),
	(17, 'kajol', 'kajol', '7131349a130e2ebdefede0527ba67d68', '622, West shawrapara, mirpur', NULL, NULL, '3245', 'kajol@gmail.com', NULL, 1, 0),
	(18, 'chaki', 'chaki', 'e10adc3949ba59abbe56e057f20f883e', '622, West shawrapara, mirpur', NULL, NULL, '123428', 'chaki@gmail.com', NULL, 1, 366),
	(19, 'joni', 'joni', 'e10adc3949ba59abbe56e057f20f883e', '622, West shawrapara, mirpur', NULL, NULL, '12345', 'joni@gmail.com', NULL, 1, 0),
	(20, 'aaa', 'aaa', 'e10adc3949ba59abbe56e057f20f883e', '622, West shawrapara, mirpur', NULL, NULL, '1210', 'aaa@d.sd', NULL, 1, 0),
	(21, 'jahed', 'jony', 'e10adc3949ba59abbe56e057f20f883e', '622, West shawrapara, mirpur', NULL, NULL, '12345', 'jony@gmail.com', NULL, 1, 36),
	(22, 'kajol', 'kajolchaki', 'e10adc3949ba59abbe56e057f20f883e', '622, West shawrapara, mirpur', NULL, NULL, '32454657', 'kajol@gmail.comdf', NULL, 1, 0),
	(23, 'sieam', 'sieam', 'e10adc3949ba59abbe56e057f20f883e', '622, West shawrapara, mirpur', NULL, NULL, '5647395', 'kajol@gmail.comsddsd', NULL, 1, 0);
/*!40000 ALTER TABLE `customer_infos` ENABLE KEYS */;

-- Dumping structure for table burritobrothers_db.delivery_charge
CREATE TABLE IF NOT EXISTS `delivery_charge` (
  `id` int(11) NOT NULL AUTO_INCREMENT,
  `type` varchar(200) NOT NULL,
  `rate` float(8,2) NOT NULL,
  `status` tinyint(1) NOT NULL DEFAULT 1 COMMENT '1:active, 0: inactive',
  PRIMARY KEY (`id`)
) ENGINE=InnoDB AUTO_INCREMENT=3 DEFAULT CHARSET=utf8;

-- Dumping data for table burritobrothers_db.delivery_charge: ~2 rows (approximately)
/*!40000 ALTER TABLE `delivery_charge` DISABLE KEYS */;
INSERT INTO `delivery_charge` (`id`, `type`, `rate`, `status`) VALUES
	(1, 'Inside  Dhaka', 100.00, 1),
	(2, 'Outside Dhaka', 250.00, 1);
/*!40000 ALTER TABLE `delivery_charge` ENABLE KEYS */;

-- Dumping structure for table burritobrothers_db.expenses
CREATE TABLE IF NOT EXISTS `expenses` (
  `id` int(11) NOT NULL AUTO_INCREMENT,
  `expense_reference_no` varchar(50) COLLATE utf8_unicode_ci NOT NULL,
  `expense_date` date DEFAULT NULL,
  `expense_amount` double(12,4) NOT NULL,
  `expense_type` tinyint(1) NOT NULL DEFAULT 1 COMMENT '1:cash, 2:credit',
  `description` text COLLATE utf8_unicode_ci DEFAULT NULL,
  `paid_amount` double(12,4) NOT NULL DEFAULT 0.0000,
  `balance` double(12,4) NOT NULL DEFAULT 0.0000,
  `status` tinyint(1) DEFAULT 1 COMMENT '1:active,0: Deleted',
  `payment_status` tinyint(1) DEFAULT 1 COMMENT '1:due, 2:partialy paid,3:paid',
  `attachment` varchar(200) COLLATE utf8_unicode_ci DEFAULT NULL,
  `created_by` varchar(20) COLLATE utf8_unicode_ci DEFAULT NULL,
  `modified_by` varchar(20) COLLATE utf8_unicode_ci DEFAULT NULL,
  `updated_at` timestamp NULL DEFAULT NULL ON UPDATE current_timestamp(),
  `created_at` timestamp NULL DEFAULT current_timestamp(),
  PRIMARY KEY (`id`)
) ENGINE=InnoDB AUTO_INCREMENT=2 DEFAULT CHARSET=utf8 COLLATE=utf8_unicode_ci;

-- Dumping data for table burritobrothers_db.expenses: ~1 rows (approximately)
/*!40000 ALTER TABLE `expenses` DISABLE KEYS */;
INSERT INTO `expenses` (`id`, `expense_reference_no`, `expense_date`, `expense_amount`, `expense_type`, `description`, `paid_amount`, `balance`, `status`, `payment_status`, `attachment`, `created_by`, `modified_by`, `updated_at`, `created_at`) VALUES
	(1, 'EXP2019/10/000001', '2019-10-24', 300.0000, 1, 'Electric bill of November', 0.0000, 300.0000, 1, NULL, '', '1000001', '1000001', '2019-11-03 00:13:45', '2019-10-24 20:56:24');
/*!40000 ALTER TABLE `expenses` ENABLE KEYS */;

-- Dumping structure for table burritobrothers_db.expense_categories
CREATE TABLE IF NOT EXISTS `expense_categories` (
  `id` int(11) NOT NULL AUTO_INCREMENT,
  `expense_cat_name` varchar(200) NOT NULL,
  `parent_id` int(11) DEFAULT NULL,
  `status` tinyint(1) NOT NULL DEFAULT 1 COMMENT '1:active,0:inactive',
  PRIMARY KEY (`id`),
  KEY `FK_expense_categories_expense_categories` (`parent_id`),
  CONSTRAINT `FK_expense_categories_expense_categories` FOREIGN KEY (`parent_id`) REFERENCES `expense_categories` (`id`)
) ENGINE=InnoDB AUTO_INCREMENT=7 DEFAULT CHARSET=utf8;

-- Dumping data for table burritobrothers_db.expense_categories: ~6 rows (approximately)
/*!40000 ALTER TABLE `expense_categories` DISABLE KEYS */;
INSERT INTO `expense_categories` (`id`, `expense_cat_name`, `parent_id`, `status`) VALUES
	(1, 'Bills', NULL, 1),
	(2, 'Electric  Bills', 1, 1),
	(3, 'Gas Bills', 1, 1),
	(4, 'Palli Electric Bills', 2, 1),
	(5, 'PDB Electric Bills', 2, 1),
	(6, 'gg', 2, 1);
/*!40000 ALTER TABLE `expense_categories` ENABLE KEYS */;

-- Dumping structure for table burritobrothers_db.expense_details
CREATE TABLE IF NOT EXISTS `expense_details` (
  `id` int(11) NOT NULL AUTO_INCREMENT,
  `expense_id` int(11) NOT NULL,
  `expense_head_id` int(11) NOT NULL,
  `amount` varchar(200) COLLATE utf8_unicode_ci DEFAULT NULL,
  `description` text COLLATE utf8_unicode_ci DEFAULT NULL,
  PRIMARY KEY (`id`),
  KEY `FK_expense_details_expenses` (`expense_id`),
  KEY `FK_expense_details_expense_heads` (`expense_head_id`),
  CONSTRAINT `FK_expense_details_expense_heads` FOREIGN KEY (`expense_head_id`) REFERENCES `expense_heads` (`id`),
  CONSTRAINT `FK_expense_details_expenses` FOREIGN KEY (`expense_id`) REFERENCES `expenses` (`id`)
) ENGINE=InnoDB AUTO_INCREMENT=12 DEFAULT CHARSET=utf8 COLLATE=utf8_unicode_ci;

-- Dumping data for table burritobrothers_db.expense_details: ~2 rows (approximately)
/*!40000 ALTER TABLE `expense_details` DISABLE KEYS */;
INSERT INTO `expense_details` (`id`, `expense_id`, `expense_head_id`, `amount`, `description`) VALUES
	(10, 1, 1, '200.00', ''),
	(11, 1, 2, '100.00', '');
/*!40000 ALTER TABLE `expense_details` ENABLE KEYS */;

-- Dumping structure for table burritobrothers_db.expense_heads
CREATE TABLE IF NOT EXISTS `expense_heads` (
  `id` int(11) NOT NULL AUTO_INCREMENT,
  `expense_category_id` int(11) NOT NULL,
  `expense_head_name` varchar(200) DEFAULT NULL,
  `note` text DEFAULT NULL,
  `status` tinyint(1) DEFAULT 1 COMMENT '1:active, 2:inactive',
  PRIMARY KEY (`id`),
  KEY `FK_expense_heads_expense_categories` (`expense_category_id`),
  CONSTRAINT `FK_expense_heads_expense_categories` FOREIGN KEY (`expense_category_id`) REFERENCES `expense_categories` (`id`)
) ENGINE=InnoDB AUTO_INCREMENT=3 DEFAULT CHARSET=utf8;

-- Dumping data for table burritobrothers_db.expense_heads: ~2 rows (approximately)
/*!40000 ALTER TABLE `expense_heads` DISABLE KEYS */;
INSERT INTO `expense_heads` (`id`, `expense_category_id`, `expense_head_name`, `note`, `status`) VALUES
	(1, 5, 'Mollabrick PDB electric billl', 'sdfg sfsfsd fsdfsdfdzfdsa fdasfasd', 1),
	(2, 4, 'Mollabrick Palli  electric billl', 'sdfg sfsfsd fsdfsdfdzfdsa fdasfasd', 1);
/*!40000 ALTER TABLE `expense_heads` ENABLE KEYS */;

-- Dumping structure for table burritobrothers_db.external_contact
CREATE TABLE IF NOT EXISTS `external_contact` (
  `id` int(11) NOT NULL AUTO_INCREMENT,
  `name` varchar(50) NOT NULL DEFAULT '0',
  `organization` varchar(50) NOT NULL DEFAULT '0',
  `designation` varchar(50) NOT NULL DEFAULT '0',
  `email` varchar(50) NOT NULL DEFAULT '0',
  `mobile_no` varchar(50) NOT NULL DEFAULT '0',
  `created_by` varchar(50) NOT NULL,
  PRIMARY KEY (`id`)
) ENGINE=InnoDB AUTO_INCREMENT=4 DEFAULT CHARSET=utf8;

-- Dumping data for table burritobrothers_db.external_contact: ~2 rows (approximately)
/*!40000 ALTER TABLE `external_contact` DISABLE KEYS */;
INSERT INTO `external_contact` (`id`, `name`, `organization`, `designation`, `email`, `mobile_no`, `created_by`) VALUES
	(2, 'Rony Talukdar', 'ABC', 'ABC', 'fdsgsdfg', '454235345', '1000001'),
	(3, 'ABC', 'ewgvsdagdf', 'btgfewft', 'wrewtgfvdv', '32424', '1000001');
/*!40000 ALTER TABLE `external_contact` ENABLE KEYS */;

-- Dumping structure for table burritobrothers_db.gallary_images
CREATE TABLE IF NOT EXISTS `gallary_images` (
  `id` int(11) NOT NULL AUTO_INCREMENT,
  `title` varchar(50) NOT NULL,
  `album_id` int(11) NOT NULL DEFAULT 0,
  `attachment` varchar(200) DEFAULT NULL,
  PRIMARY KEY (`id`),
  KEY `FK_gallary_images_image_group` (`album_id`),
  CONSTRAINT `FK_gallary_images_image_album` FOREIGN KEY (`album_id`) REFERENCES `image_album` (`id`)
) ENGINE=InnoDB AUTO_INCREMENT=60 DEFAULT CHARSET=utf8;

-- Dumping data for table burritobrothers_db.gallary_images: ~7 rows (approximately)
/*!40000 ALTER TABLE `gallary_images` DISABLE KEYS */;
INSERT INTO `gallary_images` (`id`, `title`, `album_id`, `attachment`) VALUES
	(52, 'cake', 23, '36.jpg'),
	(53, 'cake', 23, '32.jpg'),
	(54, 'Pizza Bun', 21, '2.jpg'),
	(55, 'Mini Chicken Burger', 21, '8.jpg'),
	(56, 'Sausage Delight', 21, '3.jpg'),
	(58, 'cake', 23, '38.jpg'),
	(59, 'sdfas', 21, 'moumit.jpg');
/*!40000 ALTER TABLE `gallary_images` ENABLE KEYS */;

-- Dumping structure for table burritobrothers_db.general_settings
CREATE TABLE IF NOT EXISTS `general_settings` (
  `id` int(11) DEFAULT NULL,
  `company_name` varchar(100) COLLATE utf8_unicode_ci DEFAULT NULL,
  `website_title` varchar(100) COLLATE utf8_unicode_ci DEFAULT NULL,
  `website_url` varchar(100) COLLATE utf8_unicode_ci DEFAULT NULL,
  `web_admin_email` varchar(100) COLLATE utf8_unicode_ci DEFAULT NULL,
  `web_admin_contact` varchar(15) COLLATE utf8_unicode_ci DEFAULT NULL,
  `store_name` varchar(100) COLLATE utf8_unicode_ci DEFAULT NULL,
  `store_address` varchar(200) COLLATE utf8_unicode_ci DEFAULT NULL,
  `store_longitude` varchar(100) COLLATE utf8_unicode_ci NOT NULL,
  `store_latitude` varchar(100) COLLATE utf8_unicode_ci NOT NULL,
  `store_contact` varchar(100) COLLATE utf8_unicode_ci DEFAULT NULL,
  `store_incharge_name` varchar(100) COLLATE utf8_unicode_ci NOT NULL,
  `company_logo` varchar(100) COLLATE utf8_unicode_ci NOT NULL,
  `yelp_url` varchar(300) COLLATE utf8_unicode_ci NOT NULL,
  `fb_url` varchar(300) COLLATE utf8_unicode_ci NOT NULL,
  `tweeter_url` varchar(300) COLLATE utf8_unicode_ci NOT NULL,
  `instagram_url` varchar(300) COLLATE utf8_unicode_ci NOT NULL,
  `meta_description` text COLLATE utf8_unicode_ci DEFAULT NULL,
  `meta_keywards` text COLLATE utf8_unicode_ci DEFAULT NULL,
  `currency` varchar(50) COLLATE utf8_unicode_ci DEFAULT NULL,
  `currency_symbol` varchar(50) COLLATE utf8_unicode_ci DEFAULT NULL,
  `decimal_placement` tinyint(1) DEFAULT 2 COMMENT '2decimal',
  `tax_enable` tinyint(1) DEFAULT 0 COMMENT '1:enabled, 0:disable',
  `minimum_order_amount` double(10,2) DEFAULT NULL,
  `item_image_display` tinyint(1) NOT NULL DEFAULT 1 COMMENT '1:enabled, 0:disable',
  `ingredient_image_display` tinyint(4) NOT NULL DEFAULT 1 COMMENT '0=no; 1=yes',
  `takeout` tinyint(1) NOT NULL DEFAULT 1 COMMENT '1:enabled, 0:disable',
  `delivery` tinyint(1) NOT NULL DEFAULT 1 COMMENT '1:enabled, 0:disable',
  `dinein` tinyint(1) NOT NULL DEFAULT 1 COMMENT '1:enabled, 0:disable',
  `card_payment` tinyint(1) NOT NULL DEFAULT 1 COMMENT '1:enabled, 0:disable',
  `cash_payment` tinyint(1) NOT NULL DEFAULT 1 COMMENT '1:enabled, 0:disable',
  `loyelty_payment` tinyint(1) NOT NULL DEFAULT 1 COMMENT '1:enabled, 0:disable',
  `payment_card_visa` tinyint(1) NOT NULL DEFAULT 1 COMMENT '1:enabled, 0:disable',
  `payment_card_master` tinyint(1) NOT NULL DEFAULT 1 COMMENT '1:enabled, 0:disable',
  `payment_card_amex` tinyint(1) NOT NULL DEFAULT 1 COMMENT '1:enabled, 0:disable',
  `payment_card_discover` tinyint(1) NOT NULL DEFAULT 1 COMMENT '1:enabled, 0:disable',
  `point_reserve_value` int(11) NOT NULL COMMENT 'point reserve value(_$=1point)',
  `redeem_value` int(11) NOT NULL COMMENT 'point financial value(_point=1$)',
  `tax_type` tinyint(1) NOT NULL DEFAULT 0 COMMENT '1:flat, 0:percentage',
  `tax_amount` int(11) NOT NULL DEFAULT 0
) ENGINE=InnoDB DEFAULT CHARSET=utf8 COLLATE=utf8_unicode_ci;

-- Dumping data for table burritobrothers_db.general_settings: ~1 rows (approximately)
/*!40000 ALTER TABLE `general_settings` DISABLE KEYS */;
INSERT INTO `general_settings` (`id`, `company_name`, `website_title`, `website_url`, `web_admin_email`, `web_admin_contact`, `store_name`, `store_address`, `store_longitude`, `store_latitude`, `store_contact`, `store_incharge_name`, `company_logo`, `yelp_url`, `fb_url`, `tweeter_url`, `instagram_url`, `meta_description`, `meta_keywards`, `currency`, `currency_symbol`, `decimal_placement`, `tax_enable`, `minimum_order_amount`, `item_image_display`, `ingredient_image_display`, `takeout`, `delivery`, `dinein`, `card_payment`, `cash_payment`, `loyelty_payment`, `payment_card_visa`, `payment_card_master`, `payment_card_amex`, `payment_card_discover`, `point_reserve_value`, `redeem_value`, `tax_type`, `tax_amount`) VALUES
	(1, 'Burrito Brothers', 'Burrito Brothers', 'http://burritobrothers.test/', 'info@ourburritobrothers.com', '+1 (202) 543683', 'Burrito Brothers', '205 PENNSYLVANIA AVENUE S.E. , WASHINGTON D.C. , UNITED STATES', '12.23', '13.123', '+1 (202) 5436835', 'kajol', 'images/banner/burritoLogo.png', 'http://burritobrothers.test/', 'https://www.facebook.com/Burrito-Brothers-113494652017378', 'https://twitter.com/dcburritobros', 'http://burritobrothers.test/', 'You can use a standard JS for..in loop - you don\'t need jQuery, though it has you covered too with its $.each() method. Either way gives you access to the property names and their corresponding values. Given you\'ve got nested objects you will probably want nested for..in or $.each() loops.\r\nYou don\'t make it at all clear what format your output should be, but here\'s a simple example that at least shows how to get the pieces you need:', 'food, pizza, takeout, group', 'USD', '$', 3, 0, 1.00, 1, 1, 0, 0, 1, 1, 0, 1, 1, 1, 1, 0, 10, 10, 0, 0);
/*!40000 ALTER TABLE `general_settings` ENABLE KEYS */;

-- Dumping structure for table burritobrothers_db.groups_info
CREATE TABLE IF NOT EXISTS `groups_info` (
  `id` int(11) NOT NULL AUTO_INCREMENT,
  `user_id` int(11) NOT NULL COMMENT 'creators id',
  `name` varchar(255) COLLATE utf8_unicode_ci NOT NULL,
  `members` int(11) NOT NULL COMMENT 'number of members',
  PRIMARY KEY (`id`)
) ENGINE=InnoDB AUTO_INCREMENT=15 DEFAULT CHARSET=utf8 COLLATE=utf8_unicode_ci;

-- Dumping data for table burritobrothers_db.groups_info: ~14 rows (approximately)
/*!40000 ALTER TABLE `groups_info` DISABLE KEYS */;
INSERT INTO `groups_info` (`id`, `user_id`, `name`, `members`) VALUES
	(1, 1, 'Office It', 3),
	(2, 1, 'HR', 3),
	(3, 18, 'General Meeting', 3),
	(4, 21, 'new', 2),
	(5, 21, 'Office It', 2),
	(6, 21, 'HR', 2),
	(7, 21, 'HTR', 3),
	(8, 21, 'new group', 4),
	(9, 21, 'zXC', 2),
	(10, 21, 'AAA', 3),
	(11, 21, 'zXCsdf', 2),
	(12, 21, 'asdas', 2),
	(13, 1, 'HRD', 3),
	(14, 18, 'new order', 3);
/*!40000 ALTER TABLE `groups_info` ENABLE KEYS */;

-- Dumping structure for table burritobrothers_db.group_members
CREATE TABLE IF NOT EXISTS `group_members` (
  `id` int(11) NOT NULL AUTO_INCREMENT,
  `group_id` int(11) NOT NULL,
  `name` varchar(255) COLLATE utf8_unicode_ci NOT NULL,
  `email` varchar(255) COLLATE utf8_unicode_ci NOT NULL,
  PRIMARY KEY (`id`)
) ENGINE=InnoDB AUTO_INCREMENT=38 DEFAULT CHARSET=utf8 COLLATE=utf8_unicode_ci;

-- Dumping data for table burritobrothers_db.group_members: ~37 rows (approximately)
/*!40000 ALTER TABLE `group_members` DISABLE KEYS */;
INSERT INTO `group_members` (`id`, `group_id`, `name`, `email`) VALUES
	(1, 1, 'Moynul Hasan Momit', 'momit.litu@gmail.com'),
	(2, 1, 'chaki', 'chaki@gmail.com'),
	(3, 1, 'sieam', 'sdf@asd.sdfd'),
	(4, 2, 'Moynul Hasan Momit', 'momit.litu@gmail.com'),
	(5, 2, 'Chanchal', 'sdf@asd.sdfd'),
	(6, 2, 'Jahed', 'sdf@asd.sdfd'),
	(7, 3, 'chaki', 'chaki@gmail.com'),
	(8, 3, 'Biplob', 'sdf@asd.sdfd'),
	(9, 3, 'Anto', 'sdf@asd.sdfsdd'),
	(10, 4, 'jahed', 'jony@gmail.com'),
	(11, 4, 'sdf', 'chaki@gmail.com'),
	(12, 5, 'jahed', 'jony@gmail.com'),
	(13, 5, 'xzcv', 'chaki@gmail.com'),
	(14, 6, 'jahed', 'jony@gmail.com'),
	(15, 6, 'sdf', 'sdf@asd.sdfd'),
	(16, 7, 'jahed', 'jony@gmail.com'),
	(17, 7, 'momit', 'momit@gmail.com'),
	(18, 7, 'siam', 'siam@gmail.com'),
	(19, 8, 'jahed', 'jony@gmail.com'),
	(20, 8, 'sadf', 'chaki@gmail.com'),
	(21, 8, 'sfsdf', 'sdf@asd.sdfd'),
	(22, 8, 'safdsdag', 'sdf@asd.sdf'),
	(23, 9, 'jahed', 'jony@gmail.com'),
	(24, 9, 'zcxv', 'chaki@gmail.com'),
	(25, 10, 'jahed', 'jony@gmail.com'),
	(26, 10, 'sadf', 'sdf@asd.sdfd'),
	(27, 10, 'sadfdsaf', 'sdf@asd.sdf'),
	(28, 11, 'jahed', 'jony@gmail.com'),
	(29, 11, 'sadf', 'sdf@asd.sdfd'),
	(30, 12, 'jahed', 'jony@gmail.com'),
	(31, 12, 'ASD', 'sdf@asd.sdfd'),
	(32, 13, 'Moynul Hasan Momit', 'momit.litu@gmail.com'),
	(33, 13, 'borhan', 'sdf@asd.sdf'),
	(34, 13, 'Saju', 'chaki@gmail.com'),
	(35, 14, 'chaki', 'chaki@gmail.com'),
	(36, 14, 'sadf', 'chaki@gmail.com'),
	(37, 14, 'sadfd', 'sdf@asd.sdfd');
/*!40000 ALTER TABLE `group_members` ENABLE KEYS */;

-- Dumping structure for table burritobrothers_db.group_order
CREATE TABLE IF NOT EXISTS `group_order` (
  `order_id` int(11) NOT NULL AUTO_INCREMENT,
  `customer_id` int(11) DEFAULT NULL,
  `group_id` int(11) DEFAULT NULL,
  `order_date` datetime DEFAULT current_timestamp(),
  `delivery_date` datetime DEFAULT NULL,
  `cupon_id` int(11) DEFAULT NULL,
  `discount_amount` float(12,2) DEFAULT 0.00,
  `total_order_amt` float(12,2) DEFAULT 0.00,
  `total_paid_amount` float(12,2) DEFAULT 0.00,
  `tax_amount` float(12,2) DEFAULT 0.00,
  `remarks` text DEFAULT NULL,
  `order_status` int(1) DEFAULT 1 COMMENT '1:order_initiate, 2:invitation_sent, 3:menu_selected, 4: order_panding ,  5: order_received, 4: ready ,  5: delivered',
  `order_noticed` tinyint(1) DEFAULT 1 COMMENT '1:not seen, 2:seen',
  `order_noticed_time` timestamp NULL DEFAULT NULL,
  `payment_time` timestamp NULL DEFAULT NULL,
  `payment_status` tinyint(1) DEFAULT 1 COMMENT '1:not paid,  2: paid ',
  `payment_method` tinyint(1) NOT NULL DEFAULT 0 COMMENT '1:cash,  2: loyalty_point, 3:card, 4:gift card ',
  `payment_reference_no` varchar(20) DEFAULT NULL,
  `invoice_no` varchar(20) DEFAULT NULL,
  `loyalty_point` int(11) NOT NULL DEFAULT 0,
  `notification_time` datetime NOT NULL,
  `tips` float NOT NULL DEFAULT 0,
  PRIMARY KEY (`order_id`)
) ENGINE=InnoDB AUTO_INCREMENT=16 DEFAULT CHARSET=utf8;

-- Dumping data for table burritobrothers_db.group_order: ~15 rows (approximately)
/*!40000 ALTER TABLE `group_order` DISABLE KEYS */;
INSERT INTO `group_order` (`order_id`, `customer_id`, `group_id`, `order_date`, `delivery_date`, `cupon_id`, `discount_amount`, `total_order_amt`, `total_paid_amount`, `tax_amount`, `remarks`, `order_status`, `order_noticed`, `order_noticed_time`, `payment_time`, `payment_status`, `payment_method`, `payment_reference_no`, `invoice_no`, `loyalty_point`, `notification_time`, `tips`) VALUES
	(1, 1, 1, '2020-01-30 15:32:38', '2020-01-07 12:00:00', NULL, 0.00, 0.00, 0.00, 0.00, NULL, 1, 1, NULL, NULL, 1, 0, NULL, NULL, 0, '2020-01-07 12:00:00', 0),
	(2, 1, 2, '2020-01-30 15:41:03', '2020-01-07 12:00:00', NULL, 0.00, 0.00, 0.00, 0.00, NULL, 1, 1, NULL, NULL, 1, 0, NULL, NULL, 0, '2020-01-07 12:00:00', 0),
	(3, 18, 3, '2020-01-30 15:45:00', '2020-01-07 12:00:00', 11, 0.00, 86.10, 86.10, 0.00, NULL, 4, 1, NULL, NULL, 2, 3, NULL, 'BBGO012000002', 8, '2020-01-07 12:00:00', 0),
	(4, 18, 3, '2020-01-30 17:06:17', '2020-01-07 12:00:00', 7, 10.47, 34.89, 24.42, 0.00, NULL, 4, 1, NULL, NULL, 2, 3, NULL, 'BBGO012000001', 2, '2020-01-07 12:00:00', 0),
	(5, 21, 4, '2020-02-02 17:06:56', '2020-01-07 12:00:00', 7, 14.38, 47.94, 33.56, 0.00, NULL, 4, 1, NULL, NULL, 2, 3, NULL, 'BBGO022000003', 3, '2020-01-07 12:00:00', 1),
	(6, 21, 5, '2020-02-02 18:46:13', '2020-01-07 12:00:00', 11, 0.87, 29.09, 0.00, 0.00, NULL, 1, 1, NULL, NULL, 1, 0, NULL, NULL, 0, '2020-01-07 12:00:00', 3),
	(7, 21, 6, '2020-02-02 19:05:12', '2020-01-07 12:00:00', 7, 12.94, 43.14, 30.20, 0.00, NULL, 4, 1, NULL, NULL, 2, 3, NULL, 'BBGO022000014', 3, '2020-01-07 12:00:00', 5),
	(8, 21, 7, '2020-02-03 11:47:20', '2020-01-07 12:00:00', 11, 0.44, 14.55, 14.11, 0.00, NULL, 4, 1, NULL, NULL, 2, 3, NULL, 'BBGO022000004', 1, '2020-01-07 12:00:00', 2),
	(9, 21, 8, '2020-02-03 13:07:24', '2020-01-07 12:00:00', 7, 39.02, 130.07, 91.04, 0.00, NULL, 4, 1, NULL, NULL, 2, 3, NULL, 'BBGO022000013', 9, '2020-01-07 12:00:00', 5),
	(10, 21, 9, '2020-02-03 15:21:02', '2020-01-07 12:00:00', NULL, 0.00, 19.80, 19.80, 0.00, NULL, 4, 1, NULL, NULL, 2, 3, NULL, 'BBGO022000011', 1, '2020-01-07 12:00:00', 0),
	(11, 21, 10, '2020-02-03 16:06:31', '2020-01-07 12:00:00', 7, 20.80, 69.32, 48.51, 0.00, NULL, 4, 1, NULL, NULL, 2, 3, NULL, 'BBGO022000015', 4, '2020-01-07 12:00:00', 5),
	(12, 21, 11, '2020-02-03 16:13:56', '2020-01-07 12:00:00', 7, 16.68, 55.60, 43.92, 0.00, NULL, 4, 1, NULL, NULL, 2, 3, NULL, 'BBGO022000016', 4, '2020-01-07 12:00:00', 5),
	(13, 21, 12, '2020-02-03 17:02:39', '2020-01-07 12:00:00', NULL, 0.00, 0.00, 0.00, 0.00, NULL, 1, 1, NULL, NULL, 1, 0, NULL, NULL, 0, '2020-01-07 12:00:00', 0),
	(14, 1, 13, '2020-02-03 22:46:26', '2020-01-07 12:00:00', NULL, 0.00, 0.00, 0.00, 0.00, NULL, 1, 1, NULL, NULL, 1, 0, NULL, NULL, 0, '2020-01-07 12:00:00', 0),
	(15, 18, 14, '2020-02-04 16:01:17', '2020-01-07 12:00:00', 7, 17.83, 59.44, 45.61, 0.00, NULL, 4, 1, NULL, NULL, 2, 3, NULL, 'BBGO022000017', 4, '2020-01-07 12:00:00', 4);
/*!40000 ALTER TABLE `group_order` ENABLE KEYS */;

-- Dumping structure for table burritobrothers_db.group_order_details
CREATE TABLE IF NOT EXISTS `group_order_details` (
  `id` int(11) NOT NULL AUTO_INCREMENT,
  `group_member_id` int(11) NOT NULL,
  `order_master_id` int(11) DEFAULT 0,
  `order_key` text COLLATE utf8_unicode_ci DEFAULT NULL,
  `ingredient_list` text COLLATE utf8_unicode_ci DEFAULT NULL,
  `status` tinyint(4) NOT NULL DEFAULT 0 COMMENT '0:panding, 1:submitted',
  `group_order_id` int(11) NOT NULL,
  PRIMARY KEY (`id`)
) ENGINE=InnoDB AUTO_INCREMENT=41 DEFAULT CHARSET=utf8 COLLATE=utf8_unicode_ci;

-- Dumping data for table burritobrothers_db.group_order_details: ~40 rows (approximately)
/*!40000 ALTER TABLE `group_order_details` DISABLE KEYS */;
INSERT INTO `group_order_details` (`id`, `group_member_id`, `order_master_id`, `order_key`, `ingredient_list`, `status`, `group_order_id`) VALUES
	(1, 1, 5, 'KjOYM7hk42dv56aZGeWS', NULL, 1, 1),
	(2, 2, 0, 'OailYCNgGI25bfVwUXvL', NULL, 0, 1),
	(3, 3, 0, 'CMNPfpJZjtA8o6ird2mE', NULL, 0, 1),
	(4, 4, 0, 'SDjM5Cdxzf2bL6QqvIrW', NULL, 0, 2),
	(5, 5, 0, 'geVXwEHADzt91ypfFaJx', NULL, 0, 2),
	(6, 6, 0, 'jIBXi7WUGexmbJn3KP9O', NULL, 0, 2),
	(7, 7, 15, 'IqbpoLS4hMFNetfzQ9aw', NULL, 1, 3),
	(8, 8, 16, '0aC2OJHKd1QMzoscUvmA', NULL, 1, 3),
	(9, 9, 17, '4yHmtk8jbsNC2EJWz6iS', NULL, 1, 3),
	(10, 7, 9, 'NHPVXqi95epRMdT324ty', NULL, 1, 4),
	(11, 8, 10, 'Yrav9mFX8e35knPd0cRK', NULL, 1, 4),
	(12, 9, 0, 'mydBVc6FDPqCWRsXk7UK', NULL, 0, 4),
	(13, 10, 19, 'HJpmOwzMcULoVA9W6Gq3', NULL, 1, 5),
	(14, 11, 20, 'IiW1QsYJZ7pN5vhV9b2K', NULL, 1, 5),
	(15, 12, 21, 'I6zVM3iuPFxQgWJU4TOt', NULL, 1, 6),
	(16, 13, 23, 'JVbFASCuZr0k6RxM7j4W', NULL, 1, 6),
	(17, 14, 24, 'AY4ZlnT3KPcpmbUduo97', NULL, 1, 7),
	(18, 15, 25, 'Ug27I8BpAtPL4F5wXOTu', NULL, 1, 7),
	(19, 16, 22, '9cJ0kXgb3DnvSVOYLlHK', NULL, 1, 8),
	(20, 17, 0, 'qAUbepPd6QWKws8OSDMF', NULL, 0, 8),
	(21, 18, 0, 'Yg0vuwATorI4ZzhM8CO5', NULL, 0, 8),
	(22, 19, 26, 'vCcl1iox80mySPVjbBfA', NULL, 1, 9),
	(23, 20, 27, 'i9Rc35FtnAuOGXQfE8TV', NULL, 1, 9),
	(24, 21, 0, 'tcHf3bJQ6982Mj47UW5i', NULL, 0, 9),
	(25, 22, 0, '2MRUc4pd5PnCtBJSkIVm', NULL, 0, 9),
	(26, 23, 28, 'XuiKg7lRBGaJFqf4rvon', NULL, 1, 10),
	(27, 24, 29, 'o4N2ZJDbv1qkmKyFda7A', NULL, 1, 10),
	(28, 25, 32, 'dW7HAycGDUVJnsYIzM4P', NULL, 1, 11),
	(29, 26, 33, 'FgaVMLCX6RBiZIwhTfr1', NULL, 1, 11),
	(30, 27, 34, 'xvPdw6tJAY0emyhlDXRr', NULL, 1, 11),
	(31, 28, 36, 'KRAShYW8vOXpjfLJZ4sG', NULL, 1, 12),
	(32, 29, 37, 'uS4gT70yqdDZ8vwGOKaL', NULL, 1, 12),
	(33, 30, 0, '2hJEY0cj1zxBZ9WwO8RI', NULL, 0, 13),
	(34, 31, 0, 'Ton9lOWXigbJ4Iqc2rGP', NULL, 0, 13),
	(35, 32, 0, 'ZASGcIuyPfgD8edMjhbw', NULL, 0, 14),
	(36, 33, 0, '2CxjBXwsV7lHRAmKrh6k', NULL, 0, 14),
	(37, 34, 0, 'MNVlJbjPKFXBznfZHAUG', NULL, 0, 14),
	(38, 35, 54, 'SNwGpzJkeu0DZHiAYaKm', NULL, 1, 15),
	(39, 36, 55, '3qsQKWtUGl6SpxmPfuyd', NULL, 1, 15),
	(40, 37, 56, 'sdlwaqpPiQSZN4K5tx1E', NULL, 1, 15);
/*!40000 ALTER TABLE `group_order_details` ENABLE KEYS */;

-- Dumping structure for table burritobrothers_db.image_album
CREATE TABLE IF NOT EXISTS `image_album` (
  `id` int(11) NOT NULL AUTO_INCREMENT,
  `album_name` varchar(100) NOT NULL,
  PRIMARY KEY (`id`)
) ENGINE=InnoDB AUTO_INCREMENT=24 DEFAULT CHARSET=utf8;

-- Dumping data for table burritobrothers_db.image_album: ~3 rows (approximately)
/*!40000 ALTER TABLE `image_album` DISABLE KEYS */;
INSERT INTO `image_album` (`id`, `album_name`) VALUES
	(21, 'Food'),
	(22, 'Outlet'),
	(23, 'Decorated Cake');
/*!40000 ALTER TABLE `image_album` ENABLE KEYS */;

-- Dumping structure for table burritobrothers_db.ingredient
CREATE TABLE IF NOT EXISTS `ingredient` (
  `id` int(11) NOT NULL AUTO_INCREMENT,
  `code` varchar(55) DEFAULT NULL,
  `name` varchar(55) NOT NULL,
  `size_id` int(11) DEFAULT NULL,
  `price` float DEFAULT NULL,
  `photo` varchar(200) DEFAULT NULL,
  PRIMARY KEY (`id`)
) ENGINE=InnoDB AUTO_INCREMENT=657 DEFAULT CHARSET=utf8;

-- Dumping data for table burritobrothers_db.ingredient: ~635 rows (approximately)
/*!40000 ALTER TABLE `ingredient` DISABLE KEYS */;
INSERT INTO `ingredient` (`id`, `code`, `name`, `size_id`, `price`, `photo`) VALUES
	(21, NULL, 'shredded cheese', NULL, 0, NULL),
	(22, NULL, 'cheese sauce', NULL, 0, NULL),
	(23, NULL, 'veggie', NULL, 0, NULL),
	(24, NULL, 'chicken', NULL, 0, NULL),
	(25, NULL, 'steak', NULL, 0, NULL),
	(26, NULL, 'pork', NULL, 0, NULL),
	(27, NULL, 'ground beef', NULL, 0, NULL),
	(28, NULL, 'no salsa', NULL, 0, NULL),
	(29, NULL, 'no beans', NULL, 0, NULL),
	(30, NULL, 'pinto', NULL, 0, NULL),
	(31, NULL, 'black', NULL, 0, NULL),
	(32, NULL, 'refried', NULL, 0, NULL),
	(33, NULL, 'cheese', NULL, 0.8, NULL),
	(34, NULL, 'sour cream', NULL, 0.8, NULL),
	(35, NULL, 'guacamole', NULL, 1.1, NULL),
	(36, NULL, 'corn', NULL, 0.85, NULL),
	(37, NULL, 'spinach', NULL, 1.25, NULL),
	(38, NULL, 'extra salsa', NULL, 0.5, NULL),
	(39, NULL, 'cheddar cheese', NULL, 0.8, NULL),
	(40, NULL, 'sliced avocado', NULL, 1.1, NULL),
	(41, NULL, 'mexican rice', NULL, 0, NULL),
	(42, NULL, 'brown rice', NULL, 0, NULL),
	(43, NULL, 'more rice', NULL, 0, NULL),
	(44, NULL, 'less rice', NULL, 0, NULL),
	(45, NULL, 'no rice', NULL, 0, NULL),
	(46, NULL, 'lettuce', NULL, 0, NULL),
	(47, NULL, 'plain tomatoes', NULL, 0, NULL),
	(48, NULL, 'salsa', NULL, 0, NULL),
	(49, NULL, 'corn salsa', NULL, 0, NULL),
	(50, NULL, 'corn', NULL, 0, NULL),
	(51, NULL, 'cilantro', NULL, 0, NULL),
	(52, NULL, 'peppers', NULL, 0, NULL),
	(53, NULL, 'onions', NULL, 0, NULL),
	(54, NULL, 'verde', NULL, 0, NULL),
	(55, NULL, 'roast tomatoes', NULL, 0, NULL),
	(56, NULL, 'olives', NULL, 0, NULL),
	(57, NULL, 'red onions', NULL, 0, NULL),
	(59, NULL, 'sour cream', NULL, 0, NULL),
	(60, NULL, 'cheese', NULL, 0, NULL),
	(61, NULL, 'vegetarian', NULL, 0, NULL),
	(62, NULL, 'chicken', NULL, 1.25, NULL),
	(63, NULL, 'steak', NULL, 1.25, NULL),
	(64, NULL, 'pork', NULL, 1.25, NULL),
	(65, NULL, 'ground beef', NULL, 1.25, NULL),
	(66, NULL, 'fish', NULL, 1.25, NULL),
	(67, NULL, 'yes', NULL, 0, NULL),
	(68, NULL, 'no', NULL, 0, NULL),
	(69, NULL, 'more beans', NULL, 0, NULL),
	(70, NULL, 'less beans', NULL, 0, NULL),
	(71, NULL, 'corn tortillas', NULL, 0, NULL),
	(72, NULL, 'chips', NULL, 0, NULL),
	(73, NULL, 'none', NULL, 0, NULL),
	(74, NULL, 'french fries', NULL, 0, NULL),
	(75, NULL, 'home fries', NULL, 0, NULL),
	(76, NULL, 'plantain', NULL, 0, NULL),
	(77, NULL, 'home fries', NULL, 0.5, NULL),
	(78, NULL, 'plantain', NULL, 0.65, NULL),
	(79, NULL, 'spinach', NULL, 0.5, NULL),
	(80, NULL, 'mushroom', NULL, 0.5, NULL),
	(81, NULL, 'sausage', NULL, 0.65, NULL),
	(82, NULL, 'bacon', NULL, 0.65, NULL),
	(83, NULL, 'guacamole', NULL, 0.5, NULL),
	(84, NULL, 'sour cream', NULL, 0.5, NULL),
	(85, NULL, 'cheese', NULL, 0.5, NULL),
	(86, NULL, 'corn tortillas', NULL, 0.2, NULL),
	(87, NULL, 'floured tortillas', NULL, 0.2, NULL),
	(88, NULL, 'sweet potatoes', NULL, 0, NULL),
	(89, NULL, 'whole wheat tortilla', NULL, 0.3, NULL),
	(90, NULL, 'no cheese', NULL, 0, NULL),
	(91, NULL, 'chorizo', NULL, 1, NULL),
	(92, NULL, 'scrambled eggs', NULL, 0, NULL),
	(93, NULL, 'veggie omelet', NULL, 0, NULL),
	(94, NULL, 'no green pepper', NULL, 0, NULL),
	(95, NULL, 'no onions', NULL, 0, NULL),
	(96, NULL, 'no guacamole', NULL, 0, NULL),
	(97, NULL, 'no sour cream', NULL, 0, NULL),
	(98, NULL, 'green peppers', NULL, 0, NULL),
	(99, NULL, 'tomatoes', NULL, 0, NULL),
	(100, NULL, 'cheddar cheese', NULL, 0.5, NULL),
	(101, NULL, 'jack cheese', NULL, 0.5, NULL),
	(102, NULL, 'bacon', NULL, 0, NULL),
	(103, NULL, 'sausage', NULL, 0, NULL),
	(104, NULL, 'ham', NULL, 0, NULL),
	(105, NULL, '2 eggs', NULL, 0, NULL),
	(106, NULL, 'sausage', NULL, 1, NULL),
	(107, NULL, 'ham', NULL, 1, NULL),
	(108, NULL, '2 eggs', NULL, 1, NULL),
	(109, NULL, 'syrup', NULL, 0, NULL),
	(110, NULL, 'no bacon', NULL, 0, NULL),
	(111, NULL, 'no sausage', NULL, 0, NULL),
	(112, NULL, 'no butter', NULL, 0, NULL),
	(113, NULL, 'regular', NULL, 0, NULL),
	(114, NULL, 'chips', NULL, 0.5, NULL),
	(115, NULL, 'beans & rice', NULL, 0, NULL),
	(116, NULL, 'spinach', NULL, 0, NULL),
	(117, NULL, 'carnitas', NULL, 0, NULL),
	(118, NULL, 'pollo asada', NULL, 1, NULL),
	(119, NULL, 'carne asada', NULL, 1, NULL),
	(120, NULL, 'hot', NULL, 0, NULL),
	(121, NULL, 'jalapenos', NULL, 0, NULL),
	(122, NULL, 'cut in half', NULL, 0, NULL),
	(123, NULL, 'jack', NULL, 0.8, NULL),
	(124, NULL, 'corn', NULL, 0.4, NULL),
	(125, NULL, 'whole wheat', NULL, 0.5, NULL),
	(126, NULL, 'spinach tortilla', NULL, 0.5, NULL),
	(127, NULL, 'tomato tortilla', NULL, 0.5, NULL),
	(128, NULL, 'jalapeno tortilla', NULL, 0.5, NULL),
	(129, NULL, 'multigrain tortilla', NULL, 0.5, NULL),
	(130, NULL, 'hard', NULL, 0, NULL),
	(131, NULL, 'soft', NULL, 0, NULL),
	(132, NULL, 'carne asada', NULL, 0.75, NULL),
	(133, NULL, 'pollo asada', NULL, 0.75, NULL),
	(134, NULL, 'fish taco', NULL, 0.75, NULL),
	(135, NULL, 'black beans taco', NULL, 0, NULL),
	(136, NULL, 'pinto beans taco', NULL, 0, NULL),
	(137, NULL, 'refried beans taco', NULL, 0, NULL),
	(138, NULL, 'no lettuce', NULL, 0, NULL),
	(139, NULL, 'soft flour tortillas', NULL, 0, NULL),
	(140, NULL, 'regular toppings', NULL, 0, NULL),
	(141, NULL, 'no chips', NULL, 0, NULL),
	(142, NULL, 'no shelle', NULL, 0, NULL),
	(143, NULL, 'chicken', NULL, 2.5, NULL),
	(144, NULL, 'steak', NULL, 2.5, NULL),
	(145, NULL, 'ground beef', NULL, 2.5, NULL),
	(146, NULL, 'carnitas', NULL, 2.5, NULL),
	(147, NULL, 'fish', NULL, 2.5, NULL),
	(148, NULL, 'hot jalapenos', NULL, 0, NULL),
	(149, NULL, 'salsa verde', NULL, 0, NULL),
	(150, NULL, 'extra meat', NULL, 2.5, NULL),
	(151, NULL, 'no olives', NULL, 0, NULL),
	(152, NULL, 'no corn', NULL, 0, NULL),
	(153, NULL, 'ranch', NULL, 0, NULL),
	(154, NULL, 'italian', NULL, 0, NULL),
	(155, NULL, 'romaine lettuce', NULL, 0, NULL),
	(156, NULL, 'pico de gallo', NULL, 0, NULL),
	(157, NULL, 'mushrooms', NULL, 0.75, NULL),
	(158, NULL, 'sour cream', NULL, 0.88, NULL),
	(159, NULL, 'black beans', NULL, 0, NULL),
	(160, NULL, 'pinto beans', NULL, 0, NULL),
	(161, NULL, 'refried beans', NULL, 0, NULL),
	(162, NULL, 'black beans', NULL, 0.5, NULL),
	(163, NULL, 'pinto beans', NULL, 0.5, NULL),
	(164, NULL, 'refriend beans', NULL, 0.5, NULL),
	(165, NULL, 'jack cheese', NULL, 0.8, NULL),
	(166, NULL, 'flour tortillas', NULL, 0, NULL),
	(167, NULL, 'no cilantro', NULL, 0, NULL),
	(168, NULL, 'grilled chicken', NULL, 0, NULL),
	(169, NULL, 'grilled steak', NULL, 0, NULL),
	(170, NULL, 'fish', NULL, 0, NULL),
	(171, NULL, 'guacamole', NULL, 0, NULL),
	(172, NULL, 'slice avocado', NULL, 0, NULL),
	(173, NULL, 'carne asada', NULL, 0, NULL),
	(174, NULL, 'pollo asada', NULL, 0, NULL),
	(175, NULL, 'french fries', NULL, 2, NULL),
	(176, NULL, 'no tortillas', NULL, 0, NULL),
	(177, NULL, 'sliced avocado', NULL, 0, NULL),
	(178, NULL, 'jack cheese', NULL, 0, NULL),
	(179, NULL, 'cheddar cheese', NULL, 0, NULL),
	(180, NULL, 'mix of chicken and steak', NULL, 0, NULL),
	(181, NULL, 'no green peppers', NULL, 0, NULL),
	(182, NULL, 'no lime wedge', NULL, 0, NULL),
	(183, NULL, 'sweet potato fries', NULL, 2, NULL),
	(184, NULL, 'normal', NULL, 0, NULL),
	(185, NULL, 'chips with salsa', NULL, 0.3, NULL),
	(186, NULL, 'chips with guacamole', NULL, 0.85, NULL),
	(187, NULL, '4oz', NULL, 0, NULL),
	(188, NULL, '8oz', NULL, 4, NULL),
	(189, NULL, '12oz', NULL, 12, NULL),
	(190, NULL, '8oz', NULL, 2, NULL),
	(191, NULL, '12oz', NULL, 8, NULL),
	(192, NULL, '8oz', NULL, 3, NULL),
	(193, NULL, 'nacho cheese sauce', NULL, 0, NULL),
	(194, NULL, 'mushrooms', NULL, 0.5, NULL),
	(195, NULL, 'bacon', NULL, 0.5, NULL),
	(196, NULL, 'ham', NULL, 0.5, NULL),
	(197, NULL, 'no peppers', NULL, 0, NULL),
	(198, NULL, 'no tomatoes', NULL, 0, NULL),
	(199, NULL, 'tomatoes', NULL, 0.5, NULL),
	(200, NULL, 'sub chips', NULL, 0, NULL),
	(201, NULL, 'extra home fries', NULL, 0.5, NULL),
	(202, NULL, 'extra f. fries', NULL, 0.5, NULL),
	(203, NULL, 'extra plantain', NULL, 0.5, NULL),
	(204, NULL, 'sweet potato fries', NULL, 0, NULL),
	(205, NULL, 'queso fresco', NULL, 0, NULL),
	(206, NULL, 'no sauce', NULL, 0, NULL),
	(207, NULL, 'extra salsa', NULL, 0, NULL),
	(208, NULL, 'extra mushroom', NULL, 0.5, NULL),
	(209, NULL, 'extra sausage', NULL, 0.65, NULL),
	(210, NULL, 'whole wheat', NULL, 0.3, NULL),
	(211, NULL, 'all flavored tortillas', NULL, 0.3, NULL),
	(212, NULL, 'refried beans', NULL, 0.5, NULL),
	(213, NULL, 'plantain', NULL, 0.5, NULL),
	(214, NULL, 'xxx', NULL, 0, NULL),
	(215, NULL, 'power c', NULL, 0, NULL),
	(216, NULL, 'coke', NULL, 0, NULL),
	(217, NULL, 'diet coke', NULL, 0, NULL),
	(218, NULL, 'sprite', NULL, 0, NULL),
	(219, NULL, 'minute maid lemonade', NULL, 0, NULL),
	(220, NULL, 'tamarindo', NULL, 0, NULL),
	(221, NULL, 'mandarina', NULL, 0, NULL),
	(222, NULL, '20 oz.', NULL, 1.65, NULL),
	(223, NULL, '32 oz.', NULL, 2.5, NULL),
	(224, NULL, '20 oz.', NULL, 2, NULL),
	(225, NULL, '32 oz', NULL, 3, NULL),
	(226, NULL, '20 oz.', NULL, 2.25, NULL),
	(227, NULL, '32 oz.', NULL, 3.2, NULL),
	(228, NULL, 'mango', NULL, 0, NULL),
	(229, NULL, 'strawberry', NULL, 0, NULL),
	(230, NULL, 'banana', NULL, 0, NULL),
	(231, NULL, 'peach', NULL, 0, NULL),
	(232, NULL, 'wild berry', NULL, 0, NULL),
	(233, NULL, 'raspberry', NULL, 0, NULL),
	(234, NULL, 'passion fruit', NULL, 0, NULL),
	(235, NULL, 'pina collada', NULL, 0, NULL),
	(236, NULL, 'vanilla', NULL, 0, NULL),
	(237, NULL, 'chocolate', NULL, 0, NULL),
	(238, NULL, 'monterey jack', NULL, 0, NULL),
	(239, NULL, 'add sausage', NULL, 0.75, NULL),
	(240, NULL, 'add bacon', NULL, 0.75, NULL),
	(241, NULL, 'add chicken', NULL, 0.75, NULL),
	(242, NULL, 'add steak', NULL, 0.75, NULL),
	(243, NULL, 'add chorizo', NULL, 0.75, NULL),
	(244, NULL, 'add ham', NULL, 0.75, NULL),
	(245, NULL, 'add chorizo', NULL, 1, NULL),
	(246, NULL, 'add turkey bacon', NULL, 0.75, NULL),
	(247, NULL, 'add mushrooms', NULL, 0.75, NULL),
	(248, NULL, 'add spinach', NULL, 0.5, NULL),
	(249, NULL, 'add onions', NULL, 1, NULL),
	(250, NULL, 'add green peppers', NULL, 1, NULL),
	(251, NULL, 'add sour cream', NULL, 0.5, NULL),
	(252, NULL, 'add guacamole', NULL, 0.5, NULL),
	(253, NULL, 'add cheddar cheese', NULL, 0.5, NULL),
	(254, NULL, 'add monterey jack cheese', NULL, 0.5, NULL),
	(255, NULL, 'extra pinto beans', NULL, 0.5, NULL),
	(256, NULL, 'extra black beans', NULL, 0.5, NULL),
	(257, NULL, 'extra refried beans', NULL, 0.5, NULL),
	(258, NULL, 'extra rice', NULL, 0.5, NULL),
	(259, NULL, 'extra scrambled egg', NULL, 0.75, NULL),
	(260, NULL, 'extra fried egg', NULL, 0.75, NULL),
	(261, NULL, 'extra over easy egg', NULL, 0.75, NULL),
	(262, NULL, 'extra sunny side up egg', NULL, 0.75, NULL),
	(263, NULL, 'add pancake', NULL, 2, NULL),
	(264, NULL, 'extra home fries', NULL, 0.75, NULL),
	(265, NULL, 'extra plantain', NULL, 0.75, NULL),
	(266, NULL, 'fried eggs', NULL, 0, NULL),
	(267, NULL, 'over easy eggs', NULL, 0, NULL),
	(268, NULL, 'sunny side up eggs', NULL, 0, NULL),
	(269, NULL, 'corn chips', NULL, 0, NULL),
	(270, NULL, '3 corn tortillas', NULL, 0, NULL),
	(271, NULL, 'mexican chorizo', NULL, 0, NULL),
	(272, NULL, 'grilled steak', NULL, 7.75, NULL),
	(273, NULL, 'shredded chicken', NULL, 7.75, NULL),
	(274, NULL, 'grilled chicken', NULL, 7.75, NULL),
	(275, NULL, 'ground beef', NULL, 7.75, NULL),
	(276, NULL, 'carnitas', NULL, 7.75, NULL),
	(277, NULL, 'chorizo', NULL, 7.75, NULL),
	(278, NULL, 'tilapia fish filet', NULL, 7.75, NULL),
	(279, NULL, 'veggie', NULL, 6.5, NULL),
	(280, NULL, 'mushrooms', NULL, 0, NULL),
	(281, NULL, 'salsa picante', NULL, 0, NULL),
	(282, NULL, 'hot sauce', NULL, 0, NULL),
	(283, NULL, 'add extra salsa verde', NULL, 0.5, NULL),
	(284, NULL, 'add extra corn salsa', NULL, 0.5, NULL),
	(285, NULL, 'add extra black beans', NULL, 0.5, NULL),
	(286, NULL, 'add extra pinto beans', NULL, 0.5, NULL),
	(287, NULL, 'add extra refried beans', NULL, 0.5, NULL),
	(288, NULL, 'add extra mexican rice', NULL, 0.5, NULL),
	(289, NULL, 'add extra brown rice', NULL, 0.5, NULL),
	(290, NULL, 'add extra monterey jack cheese', NULL, 0.8, NULL),
	(291, NULL, 'add extra cheddar cheese', NULL, 0.8, NULL),
	(292, NULL, 'add extra sour cream', NULL, 0.8, NULL),
	(293, NULL, 'add extra guacamole', NULL, 1.1, NULL),
	(294, NULL, 'add extra spinach', NULL, 1.25, NULL),
	(295, NULL, 'add extra mushrooms', NULL, 0.75, NULL),
	(296, NULL, 'add sliced avocado', NULL, 1.1, NULL),
	(297, NULL, 'grilled steak', NULL, 8, NULL),
	(298, NULL, 'shredded chicken', NULL, 8, NULL),
	(299, NULL, 'grilled chicken', NULL, 8, NULL),
	(300, NULL, 'ground beef', NULL, 8, NULL),
	(301, NULL, 'carnitas', NULL, 8, NULL),
	(302, NULL, 'chorizo', NULL, 9, NULL),
	(303, NULL, 'tilapia fish filet', NULL, 9, NULL),
	(304, NULL, 'grilled steak', NULL, 6, NULL),
	(305, NULL, 'shredded chicken', NULL, 6, NULL),
	(306, NULL, 'grilled chicken', NULL, 6, NULL),
	(307, NULL, 'ground beef', NULL, 6, NULL),
	(308, NULL, 'carnitas', NULL, 6, NULL),
	(309, NULL, 'chorizo', NULL, 6, NULL),
	(310, NULL, 'tilapia fish filet', NULL, 6, NULL),
	(311, NULL, 'veggies', NULL, 5.5, NULL),
	(312, NULL, '14" big daddy with cheddar cheese', NULL, 7.5, NULL),
	(313, NULL, '14" big daddy with monterey jack cheese', NULL, 7.5, NULL),
	(314, NULL, '12" regular', NULL, 6.5, NULL),
	(315, NULL, 'little brother', NULL, 4.75, NULL),
	(316, NULL, 'regular tortilla', NULL, 0, NULL),
	(317, NULL, 'whole wheat tortilla', NULL, 0.5, NULL),
	(318, NULL, 'shredded chicken', NULL, 0, NULL),
	(319, NULL, 'tilapia fish filet', NULL, 1, NULL),
	(320, NULL, '14" bid daddy with cheddar cheese', NULL, 8.99, NULL),
	(321, NULL, '14" big daddy with monterey jack cheese', NULL, 8.99, NULL),
	(322, NULL, '12" regular', NULL, 7.99, NULL),
	(323, NULL, 'little brother', NULL, 6.99, NULL),
	(324, NULL, 'cut the burrito in 1/2', NULL, 0, NULL),
	(325, NULL, '14" beans and rice big daddy with cheddar cheese', NULL, 5.75, NULL),
	(326, NULL, '14" beans and rice big daddy with monterey jack cheese', NULL, 5.75, NULL),
	(327, NULL, '12" beans and rice regular', NULL, 4.75, NULL),
	(328, NULL, '12" beans and rice regular', NULL, 3.25, NULL),
	(329, NULL, '14" spinach big daddy with cheddar cheese', NULL, 6.5, NULL),
	(330, NULL, '14" spinach big daddy with monterey jack cheese', NULL, 6.5, NULL),
	(331, NULL, '12" spinach regular', NULL, 5.5, NULL),
	(332, NULL, 'spinach little brother', NULL, 3.75, NULL),
	(333, NULL, 'black olives', NULL, 0, NULL),
	(334, NULL, '14" big daddy with cheddar cheese', NULL, 6.99, NULL),
	(335, NULL, '14" big daddy with monterey jack cheese', NULL, 6.99, NULL),
	(336, NULL, '12" regular', NULL, 5.99, NULL),
	(337, NULL, 'little brother', NULL, 4.99, NULL),
	(338, NULL, 'hard taco', NULL, 0, NULL),
	(339, NULL, 'soft flour taco', NULL, 0, NULL),
	(340, NULL, 'corn tortilla', NULL, 0, NULL),
	(341, NULL, 'ground beef', NULL, 2, NULL),
	(342, NULL, 'carnitas', NULL, 2, NULL),
	(343, NULL, 'shredded chicken', NULL, 2, NULL),
	(344, NULL, 'carne asada', NULL, 2.75, NULL),
	(345, NULL, 'chorizo', NULL, 2.75, NULL),
	(346, NULL, 'tilapia fish', NULL, 2.75, NULL),
	(347, NULL, 'cheddar cheese', NULL, 2.75, NULL),
	(348, NULL, 'monterey jack cheese', NULL, 2.75, NULL),
	(349, NULL, 'bean and cheddar cheese', NULL, 2.75, NULL),
	(350, NULL, 'bean and monterrey jack cheese', NULL, 2.75, NULL),
	(351, NULL, 'with carnitas', NULL, 3, NULL),
	(352, NULL, 'add guacamole', NULL, 0.8, NULL),
	(353, NULL, 'add salsa verde', NULL, 0.25, NULL),
	(354, NULL, 'add corn salsa', NULL, 0.25, NULL),
	(355, NULL, 'add pico de gallo', NULL, 0.25, NULL),
	(356, NULL, '4 oz.', NULL, 2, NULL),
	(357, NULL, '8 oz.', NULL, 4, NULL),
	(358, NULL, '12 oz.', NULL, 9, NULL),
	(359, NULL, '4 oz.', NULL, 3, NULL),
	(360, NULL, '8 oz.', NULL, 6, NULL),
	(361, NULL, '12 oz.', NULL, 10, NULL),
	(362, NULL, '2 oz.', NULL, 1.25, NULL),
	(363, NULL, '4 oz.', NULL, 4, NULL),
	(364, NULL, '8 oz.', NULL, 8, NULL),
	(365, NULL, '12 oz.', NULL, 16, NULL),
	(366, NULL, 'beans and rice burrito', NULL, 0, NULL),
	(367, NULL, 'spinach burrito', NULL, 0, NULL),
	(368, NULL, 'chicken burrito', NULL, 0, NULL),
	(369, NULL, 'steak burrito', NULL, 0, NULL),
	(370, NULL, 'ground beef burrito', NULL, 0, NULL),
	(371, NULL, 'carnitas burrito', NULL, 0, NULL),
	(372, NULL, 'fish burrito', NULL, 1, NULL),
	(373, NULL, 'chorizo burrito', NULL, 1, NULL),
	(374, NULL, 'with chips', NULL, 0.5, NULL),
	(375, NULL, 'tofu', NULL, 0, NULL),
	(376, NULL, 'bacon', NULL, 0.75, NULL),
	(377, NULL, 'egg white', NULL, 0, NULL),
	(378, NULL, 'salmon', NULL, 9.75, NULL),
	(379, NULL, 'salmon', NULL, 2, NULL),
	(380, NULL, 'pollo asada', NULL, 2.75, NULL),
	(381, NULL, 'cheese', NULL, 2.75, NULL),
	(382, NULL, 'bean and cheese', NULL, 2.75, NULL),
	(383, NULL, 'bean and cheese', NULL, 0, NULL),
	(384, NULL, 'extra queso fresco', NULL, 0.75, NULL),
	(385, NULL, 'tilapia fillet', NULL, 0, NULL),
	(386, NULL, 'salmon filet', NULL, 0, NULL),
	(387, NULL, 'grilled steak', NULL, 8.75, NULL),
	(388, NULL, 'grilled chicken', NULL, 8.75, NULL),
	(389, NULL, 'ground beef', NULL, 8.75, NULL),
	(390, NULL, 'carnitas', NULL, 8.75, NULL),
	(391, NULL, 'tilapia', NULL, 9.75, NULL),
	(392, NULL, 'salmon', NULL, 10, NULL),
	(393, NULL, 'schredded chicken', NULL, 8.75, NULL),
	(394, NULL, 'veggie', NULL, 7.25, NULL),
	(395, NULL, 'wrap', NULL, 0, NULL),
	(396, NULL, 'salad', NULL, 0, NULL),
	(397, NULL, '22 oz', NULL, 1.85, NULL),
	(398, NULL, '32 oz', NULL, 2.85, NULL),
	(399, NULL, '12" regular', NULL, 7, NULL),
	(400, NULL, '22 oz', NULL, 1.95, NULL),
	(401, NULL, '22 oz', NULL, 2.35, NULL),
	(402, NULL, '32 oz', NULL, 3.5, NULL),
	(403, NULL, '22 oz', NULL, 2.55, NULL),
	(404, NULL, '32 oz', NULL, 3.99, NULL),
	(405, NULL, '14" big daddy with cheese', NULL, 8, NULL),
	(406, NULL, '14" big daddy with cheese', NULL, 6, NULL),
	(407, NULL, 'barbacoa', NULL, 0, NULL),
	(408, NULL, 'barbacoa', NULL, 7.75, NULL),
	(409, NULL, 'a la pastor', NULL, 0, NULL),
	(410, NULL, 'lengua', NULL, 0, NULL),
	(411, NULL, '14: big daddy', NULL, 8.99, NULL),
	(412, NULL, 'monterey jack cheese', NULL, 0, NULL),
	(413, NULL, 'little brother', NULL, 5, NULL),
	(414, NULL, 'big daddy', NULL, 0, NULL),
	(415, NULL, 'big daddy $7.00', NULL, 0, NULL),
	(416, NULL, 'big daddy', NULL, 7, NULL),
	(417, NULL, 'regular burrito', NULL, 6, NULL),
	(418, NULL, 'mayo', NULL, 0, NULL),
	(419, NULL, 'a la pastor', NULL, 2.75, NULL),
	(420, NULL, 'lengua', NULL, 3, NULL),
	(421, NULL, 'carnitas', NULL, 2.65, NULL),
	(422, NULL, 'ground beef', NULL, 2.65, NULL),
	(423, NULL, 'schredded chicken', NULL, 2.65, NULL),
	(424, NULL, 'salmon', NULL, 3, NULL),
	(425, NULL, 'shrimp', NULL, 3.25, NULL),
	(426, NULL, 'barbacoa', NULL, 2.75, NULL),
	(427, NULL, 'guacamole', NULL, 0.6, NULL),
	(428, NULL, 'schredded chicken', NULL, 0, NULL),
	(429, NULL, 'ground beef', NULL, 2.55, NULL),
	(430, NULL, 'schredded chicken', NULL, 2.55, NULL),
	(431, NULL, 'carnitas', NULL, 2.55, NULL),
	(432, NULL, 'shrimp', NULL, 3.39, NULL),
	(433, NULL, 'schrimp', NULL, 3, NULL),
	(434, NULL, 'schrimp', NULL, 11.75, NULL),
	(435, NULL, 'chorizo', NULL, 1.5, NULL),
	(436, NULL, 'barbecue sauce', NULL, 0, NULL),
	(437, NULL, 'fresh jalopenos', NULL, 0, NULL),
	(438, NULL, 'monterey jack', NULL, 0.8, NULL),
	(439, NULL, 'extra beans', NULL, 0.5, NULL),
	(440, NULL, 'homefries', NULL, 0.85, NULL),
	(441, NULL, 'white rice', NULL, 0, NULL),
	(442, NULL, 'schrimp', NULL, 14, NULL),
	(443, NULL, 'cheese', NULL, 12, NULL),
	(444, NULL, 'chicken', NULL, 12, NULL),
	(445, NULL, 'scrimp', NULL, 14, NULL),
	(446, NULL, 'salmon', NULL, 13, NULL),
	(447, NULL, 'shrimp', NULL, 6.25, NULL),
	(448, NULL, 'grilled steak', NULL, 9.75, NULL),
	(449, NULL, 'italian dressing', NULL, 0, NULL),
	(450, NULL, 'balsamic vinnaigrette', NULL, 0, NULL),
	(451, NULL, 'salmon', NULL, 14, NULL),
	(452, NULL, 'shrimp', NULL, 0, NULL),
	(453, NULL, 'no mayo', NULL, 0, NULL),
	(454, NULL, 'plantain', NULL, 0.85, NULL),
	(455, NULL, 'flavoured tortillas', NULL, 0.5, NULL),
	(456, NULL, 'bacon', NULL, 0.85, NULL),
	(457, NULL, 'turkey bacon', NULL, 0.85, NULL),
	(458, NULL, 'turkey bacon', NULL, 0, NULL),
	(459, NULL, 'no shell', NULL, 0, NULL),
	(460, NULL, 'sausage', NULL, 0.85, NULL),
	(461, NULL, 'upgrade to big daddy', NULL, 2.5, NULL),
	(462, NULL, 'no eggs', NULL, 0, NULL),
	(463, NULL, 'tofu', NULL, 1, NULL),
	(464, NULL, 'guacamole', NULL, 1.65, NULL),
	(465, NULL, 'sliced avocado', NULL, 1.65, NULL),
	(466, NULL, 'guacamole', NULL, 1.5, NULL),
	(467, NULL, 'pico de gallo', NULL, 0.65, NULL),
	(468, NULL, 'queso dip', NULL, 1.5, NULL),
	(469, NULL, 'extra egg', NULL, 0.85, NULL),
	(470, NULL, 'tofu', NULL, 2, NULL),
	(471, NULL, 'with chips', NULL, 1.25, NULL),
	(472, NULL, 'grilled chicken', NULL, 9.95, NULL),
	(473, NULL, 'shredded chicken', NULL, 9.95, NULL),
	(474, NULL, 'carnitas', NULL, 9.95, NULL),
	(475, NULL, 'salmon', NULL, 15, NULL),
	(476, NULL, 'tilapia', NULL, 12, NULL),
	(477, NULL, 'ground beef', NULL, 9.95, NULL),
	(478, NULL, 'grilled steak', NULL, 9.95, NULL),
	(479, NULL, '2 oz', NULL, 1.65, NULL),
	(480, NULL, '14" big daddy', NULL, 7.75, NULL),
	(481, NULL, '12" regular', NULL, 6.75, NULL),
	(482, NULL, '8" little brother', NULL, 5.5, NULL),
	(483, NULL, 'loroco', NULL, 3, NULL),
	(484, NULL, 'loroco', NULL, 0.5, NULL),
	(485, NULL, 'shrimp', NULL, 4, NULL),
	(486, NULL, 'in a bowl', NULL, 0, NULL),
	(487, NULL, 'wheat', NULL, 0, NULL),
	(488, NULL, 'white', NULL, 0, NULL),
	(489, NULL, 'english muffin', NULL, 0, NULL),
	(490, NULL, 'croissant', NULL, 0.65, NULL),
	(491, NULL, 'turkey bacon', NULL, 4.65, NULL),
	(492, NULL, 'bacon', NULL, 4.65, NULL),
	(493, NULL, 'ham', NULL, 4.65, NULL),
	(494, NULL, 'steak', NULL, 6.75, NULL),
	(495, NULL, 'cheese', NULL, 3.65, NULL),
	(496, NULL, 'bacon', NULL, 1, NULL),
	(497, NULL, 'turkey bacon', NULL, 1, NULL),
	(498, NULL, 'steak', NULL, 1, NULL),
	(499, NULL, 'cheddar', NULL, 1, NULL),
	(500, NULL, 'monterey jack', NULL, 1, NULL),
	(501, NULL, 'american cheese', NULL, 1, NULL),
	(502, NULL, 'jelly', NULL, 0, NULL),
	(503, NULL, 'butter', NULL, 0, NULL),
	(504, NULL, 'swiss cheese', NULL, 0, NULL),
	(505, NULL, 'american cheese', NULL, 0, NULL),
	(506, NULL, 'extra egg', NULL, 1, NULL),
	(507, NULL, 'extra egg white', NULL, 1, NULL),
	(508, NULL, 'extra toast', NULL, 0.5, NULL),
	(509, NULL, 'extra  cheese', NULL, 1, NULL),
	(510, NULL, 'extra cheese', NULL, 1, NULL),
	(511, NULL, 'choice of bacon', NULL, 0, NULL),
	(512, NULL, 'upgrade to 12" tortilla', NULL, 2, NULL),
	(513, NULL, 'upgrade to 14" tortilla', NULL, 3, NULL),
	(514, NULL, 'extra meat', NULL, 3, NULL),
	(515, NULL, 'lengua', NULL, 4, NULL),
	(516, NULL, 'extra meat', NULL, 4, NULL),
	(517, NULL, 'on a 14" tortilla', NULL, 2.25, NULL),
	(518, NULL, 'chicken', NULL, 14, NULL),
	(519, NULL, 'shrimp', NULL, 16.75, NULL),
	(520, NULL, 'grilled steak', NULL, 1, NULL),
	(521, NULL, 'tilapia', NULL, 2, NULL),
	(522, NULL, 'extra beans', NULL, 1, NULL),
	(523, NULL, 'extra rice', NULL, 1, NULL),
	(524, NULL, '20 oz', NULL, 2.95, NULL),
	(525, NULL, '32 oz', NULL, 4.5, NULL),
	(526, NULL, 'tofu', NULL, 3.25, NULL),
	(527, NULL, 'extra black beans', NULL, 1, NULL),
	(528, NULL, 'extra pinto beans', NULL, 1, NULL),
	(529, NULL, 'extra refried beans', NULL, 1, NULL),
	(530, NULL, 'exra rice', NULL, 1, NULL),
	(531, NULL, 'homefries', NULL, 1, NULL),
	(532, NULL, 'extra mushrooms', NULL, 0.85, NULL),
	(533, NULL, 'a la pastor', NULL, 8.75, NULL),
	(534, NULL, 'barbacoa', NULL, 8.75, NULL),
	(535, NULL, 'barbacoa', NULL, 1, NULL),
	(536, NULL, 'a la pastor', NULL, 1, NULL),
	(537, NULL, 'cheese', NULL, 14, NULL),
	(538, NULL, 'shrimp', NULL, 18.75, NULL),
	(539, NULL, '8 oz', NULL, 7, NULL),
	(540, NULL, '12 oz', NULL, 10.5, NULL),
	(541, NULL, 'tilapia fish fillet', NULL, 3, NULL),
	(542, NULL, 'salmon fillet', NULL, 4, NULL),
	(543, NULL, 'shrimp', NULL, 5.05, NULL),
	(544, NULL, 'extra cheese sauce', NULL, 1.95, NULL),
	(545, NULL, 'extra nacho cheese sauce', NULL, 1.95, NULL),
	(546, NULL, '20 oz fountain soda', NULL, 1.95, NULL),
	(547, NULL, 'bacon', NULL, 1.95, NULL),
	(548, NULL, 'turkey bacon', NULL, 1.95, NULL),
	(549, NULL, 'mushrooms', NULL, 0.95, NULL),
	(550, NULL, 'extra rice', NULL, 1.85, NULL),
	(551, NULL, 'extra salsa', NULL, 0.75, NULL),
	(552, NULL, 'extra beans', NULL, 1.85, NULL),
	(553, NULL, 'shrimp', NULL, 15, NULL),
	(554, NULL, 'salmon', NULL, 14.75, NULL),
	(555, NULL, 'avocado', NULL, 1.65, NULL),
	(556, NULL, 'extra beans', NULL, 1.95, NULL),
	(557, NULL, 'extra rice', NULL, 1.95, NULL),
	(558, NULL, 'shrimp', NULL, 14.75, NULL),
	(559, NULL, 'lengua', NULL, 7, NULL),
	(560, NULL, 'add toffu', NULL, 3, NULL),
	(561, NULL, 'add tilapia', NULL, 3, NULL),
	(562, NULL, 'add salmon', NULL, 4.5, NULL),
	(563, NULL, 'add shrimp', NULL, 4, NULL),
	(564, NULL, 'salmon', NULL, 4, NULL),
	(565, NULL, 'extra pinto beans', NULL, 1.85, NULL),
	(566, NULL, 'extra black beans', NULL, 1.85, NULL),
	(567, NULL, 'extra refried beans', NULL, 1.85, NULL),
	(568, NULL, 'vegiterian / vegan : type in choice of beans', NULL, 0, NULL),
	(569, NULL, 'shredded chicken', NULL, 7.9, NULL),
	(570, NULL, 'grilled chicken', NULL, 7.9, NULL),
	(571, NULL, '12" tortilla', NULL, 8, NULL),
	(572, NULL, '14 tortilla', NULL, 9, NULL),
	(573, NULL, '14" tortilla', NULL, 9, NULL),
	(574, NULL, 'little brother', NULL, 6, NULL),
	(575, NULL, 'jalopeno tortilla', NULL, 0.75, NULL),
	(576, NULL, 'whole wheat tortilla', NULL, 0.75, NULL),
	(577, NULL, 'tomato tortilla', NULL, 0.75, NULL),
	(578, NULL, 'spinach tortilla', NULL, 0.75, NULL),
	(579, NULL, 'guacamole', NULL, 2.4, NULL),
	(580, NULL, 'fresh avocado', NULL, 2.4, NULL),
	(581, NULL, 'mushrooms', NULL, 1, NULL),
	(582, NULL, '12" tortilla', NULL, 10, NULL),
	(583, NULL, '14" tortilla', NULL, 11.75, NULL),
	(584, NULL, 'little brother', NULL, 7.99, NULL),
	(585, NULL, 'on a 14"', NULL, 2.45, NULL),
	(586, NULL, '8" tortilla', NULL, 6, NULL),
	(587, NULL, '12" tortilla', NULL, 9, NULL),
	(588, NULL, 'carnitas', NULL, 7.9, NULL),
	(589, NULL, 'chorizo', NULL, 8.9, NULL),
	(590, NULL, 'tilapia', NULL, 9.9, NULL),
	(591, NULL, 'barbacoa', NULL, 8.9, NULL),
	(592, NULL, 'a la pastor', NULL, 8.9, NULL),
	(593, NULL, 'veggie', NULL, 7.9, NULL),
	(594, NULL, 'grilled steak', NULL, 8.9, NULL),
	(595, NULL, 'flour tortilla', NULL, 0.75, NULL),
	(596, NULL, 'tilapia', NULL, 12.75, NULL),
	(597, NULL, 'ground beef', NULL, 7.9, NULL),
	(598, NULL, 'scrambled egg', NULL, 1, NULL),
	(599, NULL, 'grilled tofu', NULL, 2, NULL),
	(600, NULL, 'egg and cheese sandwich', NULL, 4.95, NULL),
	(601, NULL, 'egg and bacon sandwich', NULL, 5.5, NULL),
	(602, NULL, 'egg and sausage sandwich', NULL, 5.5, NULL),
	(603, NULL, 'egg and steak sandwich', NULL, 6.95, NULL),
	(604, NULL, 'blt', NULL, 5.5, NULL),
	(605, NULL, 'egg and turkey bacon sandwich', NULL, 5.5, NULL),
	(606, NULL, 'egg and ham sandwich', NULL, 5.5, NULL),
	(607, NULL, 'turkey sausage', NULL, 1, NULL),
	(608, NULL, 'extra pico de gallo', NULL, 0.75, NULL),
	(609, NULL, 'carne asada', NULL, 3.25, NULL),
	(610, NULL, 'chorizo', NULL, 3.25, NULL),
	(611, NULL, 'tlapia', NULL, 3.25, NULL),
	(612, NULL, 'shrimp', NULL, 3.75, NULL),
	(613, NULL, 'a la pastor', NULL, 3.25, NULL),
	(614, NULL, 'pollo asada', NULL, 2.9, NULL),
	(615, NULL, 'carnitas', NULL, 2.9, NULL),
	(616, NULL, 'ground beef', NULL, 2.9, NULL),
	(617, NULL, 'schredded chicken', NULL, 2.9, NULL),
	(618, NULL, 'barbacoa', NULL, 3.25, NULL),
	(619, NULL, 'tilapia', NULL, 3.25, NULL),
	(620, NULL, 'grilled tofu', NULL, 3.5, NULL),
	(621, NULL, 'veggie', NULL, 12.75, NULL),
	(622, NULL, 'tilapia', NULL, 15, NULL),
	(623, NULL, 'salmon', NULL, 16, NULL),
	(624, NULL, 'grilled chicken', NULL, 14.5, NULL),
	(625, NULL, 'carnitas', NULL, 14.5, NULL),
	(626, NULL, 'ground beef', NULL, 14.5, NULL),
	(627, NULL, 'shrimp', NULL, 16, NULL),
	(628, NULL, 'grilled steak', NULL, 15, NULL),
	(629, NULL, 'shredded chicken', NULL, 14.5, NULL),
	(630, NULL, 'with chips', NULL, 2, NULL),
	(631, NULL, 'extra plantain', NULL, 1.85, NULL),
	(632, NULL, 'extra home fries', NULL, 1.85, NULL),
	(633, NULL, 'extra chorizo', NULL, 2, NULL),
	(634, NULL, 'upgrade to 14" tortilla', NULL, 3.5, NULL),
	(635, NULL, 'upgrade to 12" tortilla', NULL, 2.5, NULL),
	(636, NULL, 'turkey sausage', NULL, 0, NULL),
	(637, NULL, '20 oz', NULL, 3.75, NULL),
	(638, NULL, '32 oz', NULL, 4.99, NULL),
	(639, NULL, 'fresh tomatoes', NULL, 0, NULL),
	(640, NULL, 'with carnitas', NULL, 3.5, NULL),
	(641, NULL, 'cheese', NULL, 3.5, NULL),
	(642, NULL, 'bean and cheese', NULL, 3.5, NULL),
	(643, NULL, 'fresh avocado', NULL, 0, NULL),
	(644, NULL, 'large', NULL, 0.55, NULL),
	(645, NULL, 'grilled tofu', NULL, 0, NULL),
	(646, NULL, 'queso dip', NULL, 2.75, NULL),
	(647, NULL, 'guacamole', NULL, 2.75, NULL),
	(648, NULL, 'pico de gallo', NULL, 1.5, NULL),
	(649, NULL, 'perrier', NULL, 0.55, NULL),
	(650, NULL, 'deer park', NULL, 0.3, NULL),
	(651, NULL, 'extra chorizo', NULL, 2.75, NULL),
	(652, NULL, 'shrimp', NULL, 6, NULL),
	(653, NULL, 'mix chicken and shrimp', NULL, 6, NULL),
	(654, NULL, 'salmon fillet', NULL, 6, NULL),
	(655, NULL, 'corn', NULL, 1, NULL),
	(656, NULL, 'teeeeeest', NULL, 0.11, NULL);
/*!40000 ALTER TABLE `ingredient` ENABLE KEYS */;

-- Dumping structure for table burritobrothers_db.items
CREATE TABLE IF NOT EXISTS `items` (
  `item_id` int(11) NOT NULL AUTO_INCREMENT,
  `name` varchar(200) NOT NULL,
  `price` double(20,2) NOT NULL DEFAULT 0.00,
  `tags` varchar(200) DEFAULT NULL,
  `details` text DEFAULT NULL,
  `short_description` text DEFAULT NULL,
  `category_id` int(11) NOT NULL,
  `brand_name` varchar(50) DEFAULT NULL,
  `availability` tinyint(1) NOT NULL DEFAULT 1 COMMENT '1: available, 0: not avalable',
  `sell_from_stock` tinyint(1) NOT NULL DEFAULT 1 COMMENT '1: Yes, 0: No',
  `feature_image` varchar(50) DEFAULT NULL,
  PRIMARY KEY (`item_id`)
) ENGINE=InnoDB AUTO_INCREMENT=99 DEFAULT CHARSET=utf8;

-- Dumping data for table burritobrothers_db.items: ~98 rows (approximately)
/*!40000 ALTER TABLE `items` DISABLE KEYS */;
INSERT INTO `items` (`item_id`, `name`, `price`, `tags`, `details`, `short_description`, `category_id`, `brand_name`, `availability`, `sell_from_stock`, `feature_image`) VALUES
	(1, 'coca cola in can', 1.10, NULL, '', NULL, 6, NULL, 1, 1, 'images/category/noFood.png'),
	(2, 'smoothies / proteins', 6.00, NULL, 'Single flavor or choice to mix', NULL, 6, NULL, 1, 1, 'images/category/noFood.png'),
	(3, 'protein shake', 6.00, NULL, '', NULL, 6, NULL, 1, 1, 'images/category/noFood.png'),
	(4, 'bottled water', 1.65, NULL, '', NULL, 6, NULL, 1, 1, 'images/category/noFood.png'),
	(5, 'coffee', 2.50, NULL, '', NULL, 6, NULL, 1, 1, 'images/category/noFood.png'),
	(6, 'fountain beverages', 0.00, NULL, '', NULL, 6, NULL, 1, 1, 'images/category/noFood.png'),
	(7, 'hot chocolate', 2.65, NULL, '', NULL, 6, NULL, 1, 1, 'images/category/noFood.png'),
	(8, 'nantucket bottle drinks', 3.20, NULL, '', NULL, 6, NULL, 1, 1, 'images/category/noFood.png'),
	(9, 'vitamin water', 3.75, NULL, '', NULL, 6, NULL, 1, 1, 'images/category/noFood.png'),
	(10, 'coca cola 20oz bottle', 2.20, NULL, '', NULL, 6, NULL, 1, 1, 'images/category/noFood.png'),
	(11, 'horchata', 0.00, NULL, '', NULL, 6, NULL, 1, 1, 'images/category/noFood.png'),
	(12, 'egg and cheese breakfast burrito', 5.50, NULL, 'Two eggs and cheese served with pico de gallo.', NULL, 32, NULL, 1, 1, 'images/category/noFood.png'),
	(13, 'egg and sausage breakfast burrito', 6.50, NULL, 'Two eggs, sausage  with pico de gallo.', NULL, 32, NULL, 1, 1, 'images/category/noFood.png'),
	(14, 'cheesy bacon breakfast burrito', 6.50, NULL, 'Crispy bacon, cheese and two eggs with pico de gallo. Served with your choice of home fries or plantain.', NULL, 32, NULL, 1, 1, 'images/category/noFood.png'),
	(15, 'egg and chorizo breakfast burrito', 6.50, NULL, 'Two eggs, Mexican chorizo, cheese and pico de gallo.', NULL, 32, NULL, 1, 1, 'images/category/noFood.png'),
	(16, 'egg, ham and cheese breakfast burrito', 6.50, NULL, 'Two eggs, ham, cheese and pico de gallo.', NULL, 32, NULL, 1, 1, 'images/category/noFood.png'),
	(17, 'egg, steak and cheese breakfast burrito', 6.50, NULL, 'Two eggs, steak, cheese and pico de gallo.', NULL, 32, NULL, 1, 1, 'images/category/noFood.png'),
	(18, 'egg, chicken and cheese breakfast burrito', 6.50, NULL, 'Two eggs, chicken, cheese and pico de gallo.', NULL, 32, NULL, 1, 1, 'images/category/noFood.png'),
	(19, 'super breakfast burrito', 8.85, NULL, 'Two eggs, cheese bacon, sausage and salsa. Served with your choice of home fries or plantain . All wrapped in a 8" flour tortilla', NULL, 32, NULL, 1, 1, 'images/category/noFood.png'),
	(20, 'huevos rancheros burrito', 6.50, NULL, 'Two over easy eggs and cheese on a flour tortilla with your choice of beans. Topped with our home made Ranchero Sauce', NULL, 32, NULL, 1, 1, 'images/category/noFood.png'),
	(21, 'breakfast tacos', 3.50, NULL, 'Create it....', NULL, 32, NULL, 1, 1, 'images/category/noFood.png'),
	(22, 'breakfast sandwich', 0.00, NULL, 'Breakfast Sandwich made on you choice of bread.\r\n\r\n', NULL, 32, NULL, 1, 1, 'images/category/noFood.png'),
	(23, 'egg and bacon burrito', 4.50, NULL, '', NULL, 32, NULL, 1, 1, 'images/category/noFood.png'),
	(24, '3 breakfast taco platter', 9.75, NULL, '', NULL, 32, NULL, 1, 1, 'images/category/noFood.png'),
	(25, 'breakfast filet platter', 8.95, NULL, 'Two eggs, carne or pollo asada, home fries or plantain and salsa. Served with 3 corn tortillas', NULL, 33, NULL, 1, 1, 'images/category/noFood.png'),
	(26, 'plato tipico platter', 8.95, NULL, 'Two eggs, plantain, refried beans, sour cream and three corn tortillas.', NULL, 33, NULL, 1, 1, 'images/category/noFood.png'),
	(27, '3 pancakes platter', 8.95, NULL, 'With meat and two eggs.', NULL, 33, NULL, 1, 1, 'images/category/noFood.png'),
	(28, 'huevos rancheros platter', 8.95, NULL, 'Two eggs over easy smothered with our our home made Ranchero Sauce, cheese and choice of beans and served with three soft corn tortillas or chips.', NULL, 33, NULL, 1, 1, 'images/category/noFood.png'),
	(29, 'make your own breakfast bowl or platter', 9.95, NULL, '1 Bacon ,1 Sausage, 2 eggs, home-fries,corn tortillas, chips or Toast.', NULL, 33, NULL, 1, 1, 'images/category/noFood.png'),
	(30, 'cheese omelet', 8.95, NULL, 'Two eggs, onions, green peppers and sausage Comes with your choice of home fries or plantain.', NULL, 34, NULL, 1, 1, 'images/category/noFood.png'),
	(31, 'chicken omelet', 8.95, NULL, 'Two eggs, onions, green peppers, chicken and your choice of cheese. Served with your home fries or plantain.', NULL, 34, NULL, 1, 1, 'images/category/noFood.png'),
	(32, 'turkey bacon omelet', 8.95, NULL, 'Two eggs, turkey bacon, onions, green peppers and your choice of cheese. Served with home fries or plantain', NULL, 34, NULL, 1, 1, 'images/category/noFood.png'),
	(33, 'ham and cheese omelet', 8.95, NULL, 'Two eggs, ham and cheese. Served with your choice of home fries or plantain', NULL, 34, NULL, 1, 1, 'images/category/noFood.png'),
	(34, 'veggie omelet', 8.95, NULL, 'Green peppers, tomatoes, onions and your choice of cheese. Served with your choice of home fries or plantain', NULL, 34, NULL, 1, 1, 'images/category/noFood.png'),
	(35, 'ham, green peppers, onions and cheese omelet', 8.95, NULL, 'Two eggs ,ham ,cheese, green peppers and onions.With your choice of home fries or plantain.', NULL, 34, NULL, 1, 1, 'images/category/noFood.png'),
	(36, 'the bowl                                    ', 0.00, NULL, 'Served with your choice of toppings.\r\nGuacamole or Sliced Avocado is additionall', NULL, 34, NULL, 1, 1, 'images/category/noFood.png'),
	(37, 'plantain', 5.50, NULL, '', NULL, 36, NULL, 1, 1, 'images/category/noFood.png'),
	(38, 'home fries', 5.00, NULL, '', NULL, 36, NULL, 1, 1, 'images/category/noFood.png'),
	(39, 'pancake', 2.00, NULL, '', NULL, 36, NULL, 1, 1, 'images/category/noFood.png'),
	(40, 'the bowl                                    ', 0.00, NULL, 'Served with your choice of toppings.\r\nGuacamole or Sliced Avocado is additionall', NULL, 37, NULL, 1, 1, 'images/category/noFood.png'),
	(41, 'taco salad', 0.00, NULL, 'Served in an edible shell with lettuce, corn chips, guacamole, sour cream, pico de gallo, cheese blend and with your choice of toppings.', NULL, 37, NULL, 1, 1, 'images/category/noFood.png'),
	(42, 'fajita salad', 12.95, NULL, 'Romaine lettuce, pico de gallo, red onions, green peppers, corn, cheddar and Monterey Jack cheese blend and black olives. Served with your choice of guacamole or sliced avocado.', NULL, 37, NULL, 1, 1, 'images/category/noFood.png'),
	(43, 'veggie bowl', 7.90, NULL, '', NULL, 37, NULL, 1, 1, 'images/category/noFood.png'),
	(44, 'burrito', 0.00, NULL, 'Served with your choice of protein, beans, rice and pico de gallo.', NULL, 38, NULL, 1, 1, 'images/category/noFood.png'),
	(45, 'burrito with the works', 0.00, NULL, 'Pick your toppings ', NULL, 38, NULL, 1, 1, 'images/category/noFood.png'),
	(46, 'veggie burrito with the works', 0.00, NULL, '', NULL, 38, NULL, 1, 1, 'images/category/noFood.png'),
	(47, 'cali burrito', 10.50, NULL, 'One size; Made on a  flour tortilla with your choice of meat, french fries, fresh homemade salsa and a blend of cheddar and jack cheeses and topped with guacamole.', NULL, 38, NULL, 1, 1, 'images/category/noFood.png'),
	(48, 'tacos', 0.00, NULL, 'Served with your choice of cheese, pico de gallo and lettuce.', NULL, 39, NULL, 1, 1, 'images/category/noFood.png'),
	(49, 'veggie tacos', 2.90, NULL, 'Your choice of beans, veggies and cheese with pico de gallo.', NULL, 39, NULL, 1, 1, 'images/category/noFood.png'),
	(50, 'taco platter', 11.95, NULL, '3 Tacos', NULL, 39, NULL, 1, 1, 'images/category/noFood.png'),
	(51, '3 salmon tacos', 13.75, NULL, '3 Salmon Tacos', NULL, 39, NULL, 1, 1, 'images/category/noFood.png'),
	(52, 'flour quesadilla', 7.95, NULL, 'Monterey Jack cheese with pico de gallo.', NULL, 40, NULL, 1, 1, 'images/category/noFood.png'),
	(53, 'flour spinach quesadilla', 8.50, NULL, 'Monterey Jack cheese and spinach with pico de gallo.', NULL, 40, NULL, 1, 1, 'images/category/noFood.png'),
	(54, 'corn quesadilla', 5.25, NULL, 'Two corn tortillas topped with Monterey jack cheese and pico de gallo.', NULL, 40, NULL, 1, 1, 'images/category/noFood.png'),
	(55, 'corn and spinach quesadilla', 6.50, NULL, 'Two corn tortillas topped with spinach and pico de gallo.', NULL, 40, NULL, 1, 1, 'images/category/noFood.png'),
	(56, 'meat quesadilla', 9.95, NULL, 'Your choice of protein with monterey jack cheese and pico de gallo.', NULL, 40, NULL, 1, 1, 'images/category/noFood.png'),
	(57, 'mexican torta', 9.95, NULL, 'Sub-bread sandwich stuffed with your choice of meat, cheese, lettuce, mayo,tomatoes, sliced avocado and refried beans', NULL, 40, NULL, 1, 1, 'images/category/noFood.png'),
	(58, 'steak & cheese', 9.95, NULL, 'Steak and cheese sandwich: create it...', NULL, 40, NULL, 1, 1, 'images/category/noFood.png'),
	(59, 'tamal platter', 9.50, NULL, 'Made of baby sweet corn and served with sour cream and refried beans. Tamale platter: two tamales, refried beans and sour cream.', NULL, 41, NULL, 1, 1, 'images/category/noFood.png'),
	(60, 'pupusa', 0.00, NULL, '', NULL, 42, NULL, 1, 1, 'images/category/noFood.png'),
	(61, 'pupusa platter', 10.00, NULL, 'Three Pupusas served with veggies and sauce', NULL, 42, NULL, 1, 1, 'images/category/noFood.png'),
	(62, 'beans and rice plate', 9.50, NULL, 'Comes with beans, rice, pico de gallo, guacamole, sour cream and three corn tortillas or corn chips.', NULL, 43, NULL, 1, 1, 'images/category/noFood.png'),
	(63, 'meat platter', 9.25, NULL, 'With beans and rice and pico de gallo and three tortillas or chips.', NULL, 43, NULL, 1, 1, 'images/category/noFood.png'),
	(64, 'asada platter', 14.50, NULL, 'With beans, rice and pico de gallo, lettuce, guacamole and three tortillas or chips.', NULL, 43, NULL, 1, 1, 'images/category/noFood.png'),
	(65, 'fish fillet platter', 15.00, NULL, 'With beans, rice and pico de gallo, lettuce, guacamole and three tortillas or chips.', NULL, 43, NULL, 1, 1, 'images/category/noFood.png'),
	(66, 'mixed fajita platter', 14.75, NULL, 'Chicken, steak and Shrimp, grilled with onions and green peppers, served with lettuce, pico de gallo, guacamole and three corn tortillas or chips.', NULL, 43, NULL, 1, 1, 'images/category/noFood.png'),
	(67, 'enchilada platter', 0.00, NULL, 'Three chicken or cheese only enchiladas, home made red salsa, choice of beans, rice and guacamole.', NULL, 43, NULL, 1, 1, 'images/category/noFood.png'),
	(68, 'taco asada platter', 11.95, NULL, 'Three tacos on corn tortillas. Served with cilantro, diced onions choice of beans and rice', NULL, 43, NULL, 1, 1, 'images/category/noFood.png'),
	(69, 'carne asada fries', 17.00, NULL, 'Your choice of meat, french fries, fresh homemade salsa, a blend of cheddar and jack cheeses, topped with guacamole and sour cream.', NULL, 43, NULL, 1, 1, 'images/category/noFood.png'),
	(70, 'cheese nachos', 10.00, NULL, 'Corn chips topped with shredded cheddar or cheese sauce, beans, pico de gallo.', NULL, 44, NULL, 1, 1, 'images/category/noFood.png'),
	(71, 'nachos with meat', 11.00, NULL, 'Corn chips topped with shredded cheddar or cheese sauce, beans, pico de gallo and your choice of meat.', NULL, 44, NULL, 1, 1, 'images/category/noFood.png'),
	(72, 'black beans', 3.00, NULL, '', NULL, 45, NULL, 1, 1, 'images/category/noFood.png'),
	(73, 'pinto beans', 3.00, NULL, '', NULL, 45, NULL, 1, 1, 'images/category/noFood.png'),
	(74, 'refried beans', 3.00, NULL, '', NULL, 45, NULL, 1, 1, 'images/category/noFood.png'),
	(75, 'mexican rice', 3.00, NULL, '', NULL, 45, NULL, 1, 1, 'images/category/noFood.png'),
	(76, 'brown rice', 2.50, NULL, '', NULL, 45, NULL, 1, 1, 'images/category/noFood.png'),
	(77, 'chips', 2.25, NULL, '', NULL, 45, NULL, 1, 1, 'images/category/noFood.png'),
	(78, 'salsa', 0.00, NULL, '', NULL, 45, NULL, 1, 1, 'images/category/noFood.png'),
	(79, 'sour cream', 0.00, NULL, '', NULL, 45, NULL, 1, 1, 'images/category/noFood.png'),
	(80, 'guacamole', 0.00, NULL, '', NULL, 45, NULL, 1, 1, 'images/category/noFood.png'),
	(81, 'french fries', 5.00, NULL, '', NULL, 45, NULL, 1, 1, 'images/category/noFood.png'),
	(82, 'plantain', 5.50, NULL, '', NULL, 45, NULL, 1, 1, 'images/category/noFood.png'),
	(83, 'yuca', 6.50, NULL, '', NULL, 45, NULL, 1, 1, 'images/category/noFood.png'),
	(84, 'chips and queso dip', 4.25, NULL, '', NULL, 45, NULL, 1, 1, 'images/category/noFood.png'),
	(85, 'yellow banana', 0.75, NULL, '', NULL, 45, NULL, 1, 1, 'images/category/noFood.png'),
	(86, 'queso dip 4oz', 2.35, NULL, '', NULL, 45, NULL, 1, 1, 'images/category/noFood.png'),
	(87, 'homefries', 5.00, NULL, 'HOME FRIES', NULL, 45, NULL, 1, 1, 'images/category/noFood.png'),
	(88, '1 regular burrito lunch combo', 9.09, NULL, 'Includes a 20 oz. fountain drink.', NULL, 46, NULL, 1, 1, 'images/category/noFood.png'),
	(89, '2 taco lunch combo', 9.09, NULL, 'Includes a 20 oz. fountain drink.', NULL, 46, NULL, 1, 1, 'images/category/noFood.png'),
	(90, '3 taco salad lunch combo', 15.50, NULL, 'Includes a 20 oz. fountain drink.', NULL, 46, NULL, 1, 1, 'images/category/noFood.png'),
	(91, '4 nachos lunch combo', 12.25, NULL, 'Includes a 20 oz. fountain drink.', NULL, 46, NULL, 1, 1, 'images/category/noFood.png'),
	(92, '5 quesadilla lunch combo', 11.25, NULL, 'Includes a 20 oz. fountain drink.', NULL, 46, NULL, 1, 1, 'images/category/noFood.png'),
	(93, '6 fajita salad lunch combo', 13.75, NULL, 'Romaine lettuce, onions, green peppers, pico de gallo, blend of cheddar and jack cheese, black olive. Served with guacamole or sliced avocado Includes a 20 oz. fountain drink.', NULL, 46, NULL, 1, 1, 'images/category/noFood.png'),
	(94, '7 taco asada platter lunch combo', 13.50, NULL, 'Includes a 20 oz. fountain drink.', NULL, 46, NULL, 1, 1, 'images/category/noFood.png'),
	(95, '8 asada platter lunch combo', 16.00, NULL, 'Includes a 20 oz. fountain drink.', NULL, 46, NULL, 1, 1, 'images/category/noFood.png'),
	(96, '9 mixed fajita platter lunch combo', 16.00, NULL, 'Bean and rice, grilled chicken and steak, green pepper, onions, lettuce, pico de gallo. Served with guacamole or slice avocados. Includes a 20 oz. fountain drink.', NULL, 46, NULL, 1, 1, 'images/category/noFood.png'),
	(97, '10 fish platter lunch combo', 17.00, NULL, 'Beans, rice, lettuce. pico de gallo, guacamole or sliced avocadoIncludes a 20 oz. fountain drink.', NULL, 46, NULL, 1, 1, 'images/category/noFood.png'),
	(98, '11 fajita and taco lunch combo', 8.95, NULL, ' One Fajita and a taco .Includes a 20 oz. fountain drink.', NULL, 46, NULL, 1, 1, 'images/category/noFood.png');
/*!40000 ALTER TABLE `items` ENABLE KEYS */;

-- Dumping structure for table burritobrothers_db.item_image
CREATE TABLE IF NOT EXISTS `item_image` (
  `id` int(11) NOT NULL AUTO_INCREMENT,
  `item_id` int(11) NOT NULL,
  `item_image` varchar(55) NOT NULL,
  `is_featured` tinyint(1) DEFAULT 0 COMMENT '1:featured, 0 not ',
  PRIMARY KEY (`id`)
) ENGINE=InnoDB AUTO_INCREMENT=22 DEFAULT CHARSET=utf8;

-- Dumping data for table burritobrothers_db.item_image: ~14 rows (approximately)
/*!40000 ALTER TABLE `item_image` DISABLE KEYS */;
INSERT INTO `item_image` (`id`, `item_id`, `item_image`, `is_featured`) VALUES
	(4, 3, 'vegetable.jpeg', 0),
	(8, 5, 'chicken.jpeg', 0),
	(9, 1, 'img63.png', 0),
	(10, 2, 'gallery5.png', 0),
	(11, 4, 'gallery30.jpg', 0),
	(12, 6, '1576556840gallery30.jpg', 0),
	(13, 7, '1576557060gallery30.jpg', 0),
	(14, 8, '1576557272gallery30.jpg', 0),
	(16, 16, 'gallery15.jpg', 0),
	(17, 15, 'gallery22.jpg', 0),
	(18, 17, '1576659587gallery30.jpg', 0),
	(19, 14, 'gallery31.jpg', 0),
	(20, 13, '1576659735gallery31.jpg', 0),
	(21, 12, 'mesonary6.jpg', 0);
/*!40000 ALTER TABLE `item_image` ENABLE KEYS */;

-- Dumping structure for table burritobrothers_db.item_ingredient
CREATE TABLE IF NOT EXISTS `item_ingredient` (
  `id` int(11) NOT NULL AUTO_INCREMENT,
  `item_id` int(11) NOT NULL,
  `ingredient_id` int(11) NOT NULL,
  PRIMARY KEY (`id`)
) ENGINE=InnoDB AUTO_INCREMENT=141 DEFAULT CHARSET=utf8;

-- Dumping data for table burritobrothers_db.item_ingredient: ~30 rows (approximately)
/*!40000 ALTER TABLE `item_ingredient` DISABLE KEYS */;
INSERT INTO `item_ingredient` (`id`, `item_id`, `ingredient_id`) VALUES
	(79, 5, 16),
	(80, 5, 29),
	(81, 5, 39),
	(82, 1, 16),
	(83, 1, 39),
	(84, 2, 39),
	(87, 4, 7),
	(88, 4, 16),
	(89, 3, 11),
	(90, 3, 40),
	(95, 11, 4),
	(114, 6, 7),
	(115, 6, 39),
	(116, 7, 16),
	(117, 8, 16),
	(126, 16, 16),
	(127, 15, 16),
	(128, 15, 17),
	(129, 15, 29),
	(130, 17, 4),
	(131, 17, 29),
	(132, 14, 16),
	(133, 14, 29),
	(134, 14, 39),
	(135, 13, 16),
	(136, 13, 29),
	(137, 13, 39),
	(138, 12, 16),
	(139, 12, 29),
	(140, 12, 39);
/*!40000 ALTER TABLE `item_ingredient` ENABLE KEYS */;

-- Dumping structure for table burritobrothers_db.item_options
CREATE TABLE IF NOT EXISTS `item_options` (
  `id` int(11) NOT NULL AUTO_INCREMENT,
  `item_id` int(11) NOT NULL,
  `name` varchar(255) COLLATE utf8_unicode_ci NOT NULL,
  `is_required` tinyint(4) NOT NULL DEFAULT 0 COMMENT '0=no; 1=yes',
  `minimum_choice` int(11) NOT NULL DEFAULT 0,
  `maximum_choice` int(11) NOT NULL DEFAULT 1,
  `type` varchar(255) COLLATE utf8_unicode_ci NOT NULL,
  PRIMARY KEY (`id`)
) ENGINE=InnoDB AUTO_INCREMENT=373 DEFAULT CHARSET=utf8 COLLATE=utf8_unicode_ci;

-- Dumping data for table burritobrothers_db.item_options: ~372 rows (approximately)
/*!40000 ALTER TABLE `item_options` DISABLE KEYS */;
INSERT INTO `item_options` (`id`, `item_id`, `name`, `is_required`, `minimum_choice`, `maximum_choice`, `type`) VALUES
	(1, 1, 'choose flavor', 1, 0, 1, 'radio'),
	(2, 2, 'flavor 1', 1, 0, 1, 'select'),
	(3, 2, 'flavor 2', 0, 0, 0, 'select'),
	(4, 2, 'add a protein shake', 0, 0, 0, 'select'),
	(5, 3, 'flavor 1', 1, 0, 1, 'select'),
	(6, 3, 'flavor 2', 0, 0, 0, 'select'),
	(7, 3, 'add for free', 0, 0, 0, 'checkbox'),
	(8, 4, 'choose water', 1, 0, 1, 'radio'),
	(9, 5, 'size', 1, 0, 1, 'radio'),
	(10, 5, 'extras', 0, 0, 0, 'checkbox'),
	(11, 6, 'size', 1, 0, 1, 'radio'),
	(12, 7, 'size', 1, 0, 1, 'radio'),
	(13, 7, 'extras', 0, 0, 0, 'checkbox'),
	(14, 8, 'flavor', 1, 0, 1, 'radio'),
	(15, 9, 'flavor', 1, 0, 1, 'radio'),
	(16, 10, 'flavor', 1, 0, 1, 'radio'),
	(17, 10, 'test1', 0, 0, 1, 'radio'),
	(18, 11, 'choose a size', 1, 0, 1, 'radio'),
	(19, 12, 'choose a cheese', 1, 0, 1, 'radio'),
	(20, 12, 'add', 0, 0, 0, 'checkbox'),
	(21, 12, 'flavored tortillas', 1, 0, 1, 'select'),
	(22, 12, 'extra', 0, 0, 0, 'checkbox'),
	(23, 12, 'eggs and cheese', 1, 0, 2, 'checkbox'),
	(24, 12, 'upgrade tortilla size', 0, 0, 0, 'checkbox'),
	(25, 13, 'add', 0, 0, 0, 'checkbox'),
	(26, 13, 'flavored tortillas', 1, 0, 1, 'select'),
	(27, 13, 'extra', 0, 0, 0, 'checkbox'),
	(28, 13, 'upgrade tortilla size', 0, 0, 0, 'checkbox'),
	(29, 14, 'choose a cheese', 1, 0, 1, 'radio'),
	(30, 14, 'add', 0, 0, 0, 'checkbox'),
	(31, 14, 'options', 1, 0, 1, 'radio'),
	(32, 14, 'flavored tortillas', 1, 0, 1, 'select'),
	(33, 14, 'extra', 0, 0, 0, 'checkbox'),
	(34, 14, 'upgrade tortilla size', 0, 0, 0, 'checkbox'),
	(35, 15, 'add', 0, 0, 0, 'checkbox'),
	(36, 15, 'flavored tortillas', 1, 0, 1, 'select'),
	(37, 15, 'extra', 0, 0, 0, 'checkbox'),
	(38, 15, 'upgrade tortilla size', 0, 0, 0, 'checkbox'),
	(39, 16, 'choose a cheese', 1, 0, 1, 'radio'),
	(40, 16, 'add', 0, 0, 0, 'checkbox'),
	(41, 16, 'flavored tortillas', 1, 0, 1, 'select'),
	(42, 16, 'extra', 0, 0, 0, 'checkbox'),
	(43, 16, 'upgrade tortilla size', 0, 0, 0, 'checkbox'),
	(44, 17, 'choose a cheese', 1, 0, 1, 'radio'),
	(45, 17, 'add', 0, 0, 0, 'checkbox'),
	(46, 17, 'flavored tortillas', 1, 0, 1, 'select'),
	(47, 17, 'extra', 0, 0, 0, 'checkbox'),
	(48, 17, 'meat', 1, 0, 1, 'radio'),
	(49, 17, 'upgrade tortilla size', 0, 0, 0, 'checkbox'),
	(50, 18, 'choose a cheese', 1, 0, 1, 'radio'),
	(51, 18, 'add', 0, 0, 0, 'checkbox'),
	(52, 18, 'flavored tortillas', 1, 0, 1, 'select'),
	(53, 18, 'meat', 0, 0, 1, 'select'),
	(54, 18, 'extra', 0, 0, 0, 'checkbox'),
	(55, 18, 'upgrade tortilla size', 0, 0, 0, 'checkbox'),
	(56, 19, 'choose a cheese', 1, 0, 1, 'radio'),
	(57, 19, 'add', 0, 0, 0, 'checkbox'),
	(58, 19, 'flavored tortillas', 1, 0, 1, 'select'),
	(59, 19, 'options', 1, 0, 1, 'radio'),
	(60, 19, 'extra', 0, 0, 0, 'checkbox'),
	(61, 19, 'upgrade tortilla size', 0, 0, 0, 'checkbox'),
	(62, 20, 'choose a cheese', 1, 0, 1, 'radio'),
	(63, 20, 'beans', 1, 0, 1, 'checkbox'),
	(64, 20, 'add', 0, 0, 0, 'checkbox'),
	(65, 20, 'flavored tortillas', 1, 0, 1, 'select'),
	(66, 20, 'extra', 0, 0, 0, 'checkbox'),
	(67, 20, 'upgrade tortilla size', 0, 0, 0, 'checkbox'),
	(68, 21, 'tortilla option', 1, 0, 1, 'radio'),
	(69, 21, 'cheese', 1, 0, 1, 'radio'),
	(70, 21, 'add', 0, 0, 0, 'checkbox'),
	(71, 21, 'protein', 1, 0, 1, 'checkbox'),
	(72, 21, 'choose an egg preparation ', 1, 0, 1, 'radio'),
	(73, 21, 'extra', 0, 0, 0, 'checkbox'),
	(74, 22, 'sandwich bread', 1, 0, 1, 'checkbox'),
	(75, 22, 'sandwich toppings', 1, 0, 1, 'checkbox'),
	(76, 22, 'eggs and cheese', 1, 0, 2, 'checkbox'),
	(77, 22, 'sandwich exras', 0, 0, 0, 'checkbox'),
	(78, 22, 'sand options', 0, 0, 0, 'checkbox'),
	(79, 23, 'flavored tortillas', 1, 0, 1, 'select'),
	(80, 23, 'choice of bacon', 0, 0, 1, 'checkbox'),
	(81, 23, 'eggs and cheese', 1, 0, 2, 'checkbox'),
	(82, 23, 'breakfast extras', 0, 0, 0, 'checkbox'),
	(83, 23, 'add', 0, 0, 0, 'checkbox'),
	(84, 23, 'upgrade tortilla size', 0, 0, 0, 'checkbox'),
	(85, 24, 'choose', 1, 0, 3, 'select'),
	(86, 24, 'cheese', 0, 0, 1, 'radio'),
	(87, 24, 'breakfast meat', 0, 0, 1, 'checkbox'),
	(88, 24, 'options', 0, 0, 0, 'checkbox'),
	(89, 24, 'extras', 0, 0, 0, 'checkbox'),
	(90, 25, 'choose a side', 1, 0, 1, 'radio'),
	(91, 25, 'choose an egg preparation ', 1, 0, 1, 'radio'),
	(92, 25, 'choose a meat', 1, 0, 1, 'radio'),
	(93, 25, 'extra', 0, 0, 0, 'checkbox'),
	(94, 26, 'choose an egg preparation ', 1, 0, 1, 'radio'),
	(95, 26, 'add beans or rice', 0, 0, 1, 'radio'),
	(96, 26, 'choose', 0, 0, 1, 'radio'),
	(97, 26, 'extra toppings', 0, 0, 0, 'checkbox'),
	(98, 26, 'veggies', 0, 0, 0, 'checkbox'),
	(99, 26, 'extra', 0, 0, 0, 'checkbox'),
	(100, 27, 'choose an egg preparation ', 1, 0, 1, 'radio'),
	(101, 27, 'choose a meat', 1, 0, 1, 'radio'),
	(102, 27, 'extra', 0, 0, 0, 'checkbox'),
	(103, 27, 'options', 0, 0, 1, 'radio'),
	(104, 28, 'choose a cheese', 1, 0, 1, 'radio'),
	(105, 28, 'choose a side', 1, 0, 1, 'radio'),
	(106, 28, 'beans', 1, 0, 1, 'radio'),
	(107, 28, 'choose', 0, 0, 1, 'radio'),
	(108, 28, 'extras', 0, 0, 0, 'checkbox'),
	(109, 28, 'option', 0, 0, 0, 'checkbox'),
	(110, 29, 'breakfast meat', 0, 0, 1, 'checkbox'),
	(111, 29, 'eggs and cheese', 1, 0, 2, 'checkbox'),
	(112, 29, 'breakfast extras', 0, 0, 0, 'checkbox'),
	(113, 29, 'toast', 0, 0, 2, 'checkbox'),
	(114, 30, 'choose a cheese', 1, 0, 1, 'radio'),
	(115, 30, 'add', 0, 0, 0, 'checkbox'),
	(116, 30, 'choose', 0, 0, 1, 'radio'),
	(117, 30, 'extra', 0, 0, 0, 'checkbox'),
	(118, 31, 'choose a cheese', 1, 0, 1, 'radio'),
	(119, 31, 'add', 0, 0, 0, 'checkbox'),
	(120, 31, 'choose', 0, 0, 1, 'radio'),
	(121, 31, 'extra', 0, 0, 0, 'checkbox'),
	(122, 32, 'choose a cheese', 1, 0, 1, 'radio'),
	(123, 32, 'add', 0, 0, 0, 'checkbox'),
	(124, 32, 'choose', 0, 0, 1, 'radio'),
	(125, 32, 'extra', 0, 0, 0, 'checkbox'),
	(126, 33, 'choose a cheese', 1, 0, 1, 'radio'),
	(127, 33, 'choose a side', 1, 0, 1, 'radio'),
	(128, 33, 'add', 0, 0, 0, 'checkbox'),
	(129, 33, 'extra', 0, 0, 0, 'checkbox'),
	(130, 34, 'choose a cheese', 1, 0, 1, 'radio'),
	(131, 34, 'add', 0, 0, 0, 'checkbox'),
	(132, 34, 'choose', 0, 0, 1, 'radio'),
	(133, 34, 'options', 0, 0, 0, 'checkbox'),
	(134, 34, 'extra', 0, 0, 0, 'checkbox'),
	(135, 35, 'choose a cheese', 1, 0, 1, 'radio'),
	(136, 35, 'add', 0, 0, 0, 'checkbox'),
	(137, 35, 'choose', 0, 0, 1, 'radio'),
	(138, 35, 'extra', 0, 0, 0, 'checkbox'),
	(139, 35, 'options', 0, 0, 0, 'checkbox'),
	(140, 36, 'choose a protein', 1, 0, 1, 'radio'),
	(141, 36, 'beans', 1, 0, 1, 'checkbox'),
	(142, 36, 'choose a rice style', 1, 0, 1, 'radio'),
	(143, 36, 'would you like toppings?', 0, 0, 0, 'checkbox'),
	(144, 36, 'options', 0, 0, 0, 'checkbox'),
	(145, 36, 'extras', 0, 0, 0, 'checkbox'),
	(146, 40, 'choose a protein', 1, 0, 1, 'radio'),
	(147, 40, 'beans', 1, 0, 1, 'checkbox'),
	(148, 40, 'choose a rice style', 1, 0, 1, 'radio'),
	(149, 40, 'would you like toppings?', 0, 0, 0, 'checkbox'),
	(150, 40, 'options', 0, 0, 0, 'checkbox'),
	(151, 40, 'extras', 0, 0, 0, 'checkbox'),
	(152, 41, 'choose a protein', 1, 0, 1, 'radio'),
	(153, 41, 'beans', 1, 0, 1, 'checkbox'),
	(154, 41, 'choose a rice style', 1, 0, 1, 'radio'),
	(155, 41, 'extras', 0, 0, 0, 'checkbox'),
	(156, 41, 'would you like toppings?', 0, 0, 0, 'checkbox'),
	(157, 41, 'choose a style', 0, 0, 1, 'checkbox'),
	(158, 42, 'choose a protein', 1, 0, 1, 'radio'),
	(159, 42, 'choose a style', 0, 0, 1, 'checkbox'),
	(160, 42, 'extras', 0, 0, 0, 'checkbox'),
	(161, 42, 'wrap it', 1, 0, 1, 'radio'),
	(162, 42, 'options', 0, 0, 0, 'checkbox'),
	(163, 43, 'beans', 1, 0, 1, 'select'),
	(164, 43, 'rice', 1, 0, 1, 'select'),
	(165, 43, 'veggies', 0, 0, 0, 'checkbox'),
	(166, 43, 'add', 0, 0, 1, 'radio'),
	(167, 43, 'add', 0, 0, 0, 'checkbox'),
	(168, 43, 'extra', 0, 0, 0, 'checkbox'),
	(169, 44, 'choose a size', 1, 0, 1, 'radio'),
	(170, 44, 'choose a tortilla', 1, 0, 1, 'radio'),
	(171, 44, 'choose a protein', 1, 0, 1, 'radio'),
	(172, 44, 'beans', 1, 0, 1, 'checkbox'),
	(173, 44, 'choose a rice style', 1, 0, 1, 'radio'),
	(174, 44, 'options', 0, 0, 0, 'checkbox'),
	(175, 44, 'extras', 0, 0, 0, 'checkbox'),
	(176, 45, 'choose a size', 1, 0, 1, 'radio'),
	(177, 45, 'choose a tortilla', 1, 0, 1, 'radio'),
	(178, 45, 'choose a protein', 1, 0, 1, 'radio'),
	(179, 45, 'beans', 1, 0, 1, 'checkbox'),
	(180, 45, 'choose a rice style', 1, 0, 1, 'radio'),
	(181, 45, 'would you like toppings?', 0, 0, 0, 'checkbox'),
	(182, 45, 'extras', 0, 0, 0, 'checkbox'),
	(183, 45, 'would you like the burrito cut in 1/2?', 0, 0, 1, 'checkbox'),
	(184, 46, 'choose a size', 1, 0, 1, 'radio'),
	(185, 46, 'choose a tortilla', 1, 0, 1, 'radio'),
	(186, 46, 'choose vegetables', 0, 0, 0, 'checkbox'),
	(187, 46, 'beans', 1, 0, 1, 'checkbox'),
	(188, 46, 'choose a rice style', 1, 0, 1, 'radio'),
	(189, 46, 'options', 0, 0, 0, 'checkbox'),
	(190, 46, 'extras', 0, 0, 0, 'checkbox'),
	(191, 46, 'would you like the burrito cut in 1/2?', 0, 0, 1, 'checkbox'),
	(192, 46, 'add', 0, 0, 1, 'radio'),
	(193, 47, 'choose a tortilla', 1, 0, 1, 'radio'),
	(194, 47, 'choose a protien', 1, 0, 1, 'radio'),
	(195, 47, 'would you like toppings?', 0, 0, 0, 'checkbox'),
	(196, 47, 'extra', 0, 0, 0, 'checkbox'),
	(197, 48, 'choose a style', 1, 0, 1, 'radio'),
	(198, 48, 'choose a protein', 1, 0, 1, 'radio'),
	(199, 48, 'choose a cheese', 1, 0, 1, 'radio'),
	(200, 48, 'extras', 0, 0, 0, 'checkbox'),
	(201, 48, 'would you like beans?', 0, 0, 1, 'radio'),
	(202, 48, 'would you like toppings?', 0, 0, 0, 'checkbox'),
	(203, 49, 'choose a style', 1, 0, 1, 'radio'),
	(204, 49, 'choose a cheese', 1, 0, 1, 'radio'),
	(205, 49, 'beans', 1, 0, 1, 'checkbox'),
	(206, 49, 'extras', 0, 0, 0, 'checkbox'),
	(207, 49, 'options', 0, 0, 0, 'checkbox'),
	(208, 50, 'choose a style', 1, 0, 1, 'radio'),
	(209, 50, 'choose a protein', 1, 0, 3, 'checkbox'),
	(210, 50, 'add', 0, 0, 1, 'radio'),
	(211, 50, 'options', 0, 0, 0, 'checkbox'),
	(212, 50, 'extras', 0, 0, 0, 'checkbox'),
	(213, 50, 'beans', 1, 0, 1, 'checkbox'),
	(214, 51, 'choose', 1, 0, 3, 'select'),
	(215, 51, 'add', 0, 0, 0, 'checkbox'),
	(216, 51, 'beans', 1, 0, 1, 'radio'),
	(217, 51, 'extra', 0, 0, 0, 'checkbox'),
	(218, 52, 'choose a tortilla', 1, 0, 1, 'radio'),
	(219, 52, 'extras', 0, 0, 0, 'checkbox'),
	(220, 52, 'would you like toppings?', 0, 0, 0, 'checkbox'),
	(221, 53, 'choose a tortilla', 1, 0, 1, 'radio'),
	(222, 53, 'extras', 0, 0, 0, 'checkbox'),
	(223, 53, 'would you like toppings?', 0, 0, 0, 'checkbox'),
	(224, 54, 'extras', 0, 0, 0, 'checkbox'),
	(225, 54, 'would you like toppings?', 0, 0, 0, 'checkbox'),
	(226, 55, 'extras', 0, 0, 0, 'checkbox'),
	(227, 55, 'would you like toppings?', 0, 0, 0, 'checkbox'),
	(228, 56, 'choose a tortilla', 1, 0, 1, 'radio'),
	(229, 56, 'choose a protein', 1, 0, 1, 'radio'),
	(230, 56, 'extras', 0, 0, 0, 'checkbox'),
	(231, 56, 'would you like toppings?', 0, 0, 0, 'checkbox'),
	(232, 57, 'choose a protein', 1, 0, 1, 'radio'),
	(233, 57, 'add', 0, 0, 1, 'radio'),
	(234, 57, 'options', 0, 0, 0, 'checkbox'),
	(235, 57, 'beans', 1, 0, 1, 'radio'),
	(236, 58, 'options', 0, 0, 0, 'checkbox'),
	(237, 58, 'extra toppings', 0, 0, 0, 'checkbox'),
	(238, 60, 'choose a style', 1, 0, 1, 'radio'),
	(239, 61, 'carnitas', 1, 0, 3, 'checkbox'),
	(240, 62, 'beans', 1, 0, 1, 'checkbox'),
	(241, 62, 'choose a rice style', 1, 0, 1, 'radio'),
	(242, 62, 'choose a side', 1, 0, 1, 'radio'),
	(243, 62, 'would you like toppings?', 0, 0, 0, 'checkbox'),
	(244, 62, 'extra', 0, 0, 0, 'checkbox'),
	(245, 63, 'choose a meat', 1, 0, 1, 'radio'),
	(246, 63, 'beans', 1, 0, 1, 'checkbox'),
	(247, 63, 'choose a rice style', 1, 0, 1, 'radio'),
	(248, 63, 'choose a side', 1, 0, 1, 'radio'),
	(249, 63, 'would you like toppings?', 0, 0, 0, 'checkbox'),
	(250, 63, 'extras', 0, 0, 0, 'checkbox'),
	(251, 64, 'choose a style', 1, 0, 1, 'radio'),
	(252, 64, 'beans', 1, 0, 1, 'checkbox'),
	(253, 64, 'choose a rice style', 1, 0, 1, 'radio'),
	(254, 64, 'choose a side', 1, 0, 1, 'radio'),
	(255, 64, 'would you like toppings?', 0, 0, 0, 'checkbox'),
	(256, 64, 'extras', 0, 0, 0, 'checkbox'),
	(257, 65, 'beans', 1, 0, 1, 'checkbox'),
	(258, 65, 'choose a rice style', 1, 0, 1, 'radio'),
	(259, 65, 'choose a side', 1, 0, 1, 'radio'),
	(260, 65, 'choose', 1, 0, 1, 'radio'),
	(261, 65, 'add', 0, 0, 0, 'checkbox'),
	(262, 65, 'add', 0, 0, 1, 'radio'),
	(263, 66, 'choose a side', 1, 0, 1, 'radio'),
	(264, 66, 'beans', 1, 0, 1, 'checkbox'),
	(265, 66, 'add', 1, 0, 1, 'radio'),
	(266, 66, 'would you like toppings?', 0, 0, 0, 'checkbox'),
	(267, 66, 'extras', 0, 0, 0, 'checkbox'),
	(268, 66, 'choice', 1, 0, 0, 'checkbox'),
	(269, 66, 'rice choice', 1, 0, 1, 'radio'),
	(270, 67, 'choose a style', 1, 0, 1, 'radio'),
	(271, 67, 'beans', 1, 0, 1, 'checkbox'),
	(272, 67, 'choose a rice style', 1, 0, 1, 'radio'),
	(273, 67, 'would you like toppings?', 0, 0, 0, 'checkbox'),
	(274, 67, 'extras', 0, 0, 0, 'checkbox'),
	(275, 67, 'add', 0, 0, 1, 'radio'),
	(276, 68, 'choose a protein', 1, 0, 3, 'checkbox'),
	(277, 68, 'options', 0, 0, 1, 'radio'),
	(278, 68, 'would you like toppings?', 0, 0, 0, 'checkbox'),
	(279, 68, 'extras', 0, 0, 0, 'checkbox'),
	(280, 69, 'choose a meat', 1, 0, 1, 'radio'),
	(281, 69, 'extras', 0, 0, 0, 'checkbox'),
	(282, 69, 'would you like toppings?', 0, 0, 0, 'checkbox'),
	(283, 69, 'add', 0, 0, 1, 'radio'),
	(284, 70, 'choose a cheese style', 1, 0, 1, 'radio'),
	(285, 70, 'beans', 1, 0, 1, 'checkbox'),
	(286, 70, 'extra', 0, 0, 0, 'checkbox'),
	(287, 70, 'would you like toppings?', 0, 0, 0, 'checkbox'),
	(288, 71, 'choose a cheese style', 1, 0, 1, 'radio'),
	(289, 71, 'choose a meat', 1, 0, 1, 'radio'),
	(290, 71, 'would you like toppings?', 0, 0, 0, 'checkbox'),
	(291, 71, 'extras', 0, 0, 0, 'checkbox'),
	(292, 71, 'beans', 1, 0, 1, 'select'),
	(293, 77, 'would you like to add a dip?', 0, 0, 1, 'radio'),
	(294, 78, 'choose a size', 1, 0, 1, 'radio'),
	(295, 78, 'choose a salsa', 1, 0, 1, 'radio'),
	(296, 79, 'choose a size', 1, 0, 1, 'radio'),
	(297, 80, 'choose a size', 1, 0, 1, 'radio'),
	(298, 88, 'choose a soda', 1, 0, 1, 'radio'),
	(299, 88, 'choose a style', 1, 0, 1, 'radio'),
	(300, 88, 'would you like chips?', 0, 0, 1, 'checkbox'),
	(301, 88, 'extra', 0, 0, 0, 'checkbox'),
	(302, 88, 'would you like toppings?', 0, 0, 0, 'checkbox'),
	(303, 88, 'add beans or rice', 0, 0, 1, 'radio'),
	(304, 88, 'rice', 1, 0, 1, 'radio'),
	(305, 89, 'choose a style', 1, 0, 1, 'radio'),
	(306, 89, 'choose a soda', 1, 0, 1, 'radio'),
	(307, 89, 'protein', 1, 0, 1, 'radio'),
	(308, 89, 'extra', 0, 0, 0, 'checkbox'),
	(309, 89, 'add beans or rice', 0, 0, 1, 'radio'),
	(310, 89, 'would you like toppings?', 0, 0, 0, 'checkbox'),
	(311, 90, 'choose a soda', 1, 0, 1, 'radio'),
	(312, 90, 'protein', 1, 0, 1, 'radio'),
	(313, 90, 'add beans or rice', 0, 0, 1, 'radio'),
	(314, 90, 'rice', 1, 0, 1, 'radio'),
	(315, 90, 'add', 0, 0, 0, 'checkbox'),
	(316, 90, 'add', 0, 0, 1, 'radio'),
	(317, 90, 'extra', 0, 0, 0, 'checkbox'),
	(318, 91, 'choose a soda', 1, 0, 1, 'radio'),
	(319, 91, 'protein', 1, 0, 1, 'radio'),
	(320, 91, 'add beans or rice', 0, 0, 1, 'radio'),
	(321, 91, 'cheese', 1, 0, 1, 'select'),
	(322, 91, 'extra', 0, 0, 0, 'checkbox'),
	(323, 91, 'options', 0, 0, 0, 'checkbox'),
	(324, 92, 'choose a soda', 1, 0, 1, 'radio'),
	(325, 92, 'protein', 1, 0, 1, 'radio'),
	(326, 92, 'extra', 0, 0, 0, 'checkbox'),
	(327, 92, 'add', 0, 0, 0, 'checkbox'),
	(328, 92, 'options', 0, 0, 0, 'checkbox'),
	(329, 92, 'flavored tortillas', 1, 0, 1, 'select'),
	(330, 93, 'choose a soda', 1, 0, 1, 'radio'),
	(331, 93, 'protein', 1, 0, 1, 'radio'),
	(332, 93, 'would you like toppings?', 0, 0, 0, 'checkbox'),
	(333, 93, 'extra', 0, 0, 0, 'checkbox'),
	(334, 93, 'options', 0, 0, 0, 'checkbox'),
	(335, 93, 'add', 0, 0, 1, 'radio'),
	(336, 93, 'choose', 1, 0, 1, 'checkbox'),
	(337, 94, 'choose a soda', 1, 0, 1, 'radio'),
	(338, 94, 'choose a protein', 1, 0, 0, 'checkbox'),
	(339, 94, 'choose a style', 1, 0, 1, 'radio'),
	(340, 94, 'would you like toppings?', 0, 0, 0, 'checkbox'),
	(341, 94, 'extra', 0, 0, 0, 'checkbox'),
	(342, 94, 'add', 1, 0, 1, 'radio'),
	(343, 95, 'choose a style', 1, 0, 1, 'radio'),
	(344, 95, 'choose a soda', 1, 0, 1, 'radio'),
	(345, 95, 'beans', 1, 0, 1, 'radio'),
	(346, 95, 'rice choice', 1, 0, 1, 'radio'),
	(347, 95, 'add', 0, 0, 1, 'radio'),
	(348, 95, 'extra toppings', 0, 0, 0, 'checkbox'),
	(349, 95, 'options', 0, 0, 0, 'checkbox'),
	(350, 95, 'choose', 1, 0, 3, 'select'),
	(351, 96, 'choose a soda', 1, 0, 1, 'radio'),
	(352, 96, 'add beans or rice', 0, 0, 1, 'radio'),
	(353, 96, 'choose a protein', 1, 0, 0, 'checkbox'),
	(354, 96, 'extra', 0, 0, 0, 'checkbox'),
	(355, 96, 'add', 0, 0, 1, 'radio'),
	(356, 96, 'options', 0, 0, 0, 'checkbox'),
	(357, 96, 'rice choice', 1, 0, 1, 'radio'),
	(358, 96, 'tortilla option', 1, 0, 1, 'radio'),
	(359, 97, 'choose a soda', 1, 0, 1, 'radio'),
	(360, 97, 'add beans or rice', 0, 0, 1, 'radio'),
	(361, 97, 'choose a protein', 1, 0, 0, 'checkbox'),
	(362, 97, 'tortilla option', 1, 0, 1, 'radio'),
	(363, 97, 'rice', 1, 0, 1, 'select'),
	(364, 97, 'options', 0, 0, 1, 'checkbox'),
	(365, 97, 'extras', 0, 0, 0, 'checkbox'),
	(366, 97, 'add', 0, 0, 0, 'checkbox'),
	(367, 98, 'choose a soda', 1, 0, 1, 'radio'),
	(368, 98, 'protein', 1, 0, 1, 'radio'),
	(369, 98, 'tortilla option', 1, 0, 1, 'radio'),
	(370, 98, 'fajita type', 1, 0, 1, 'radio'),
	(371, 98, 'fajita options', 0, 0, 0, 'checkbox'),
	(372, 98, 'extra toppings', 0, 0, 0, 'checkbox');
/*!40000 ALTER TABLE `item_options` ENABLE KEYS */;

-- Dumping structure for table burritobrothers_db.item_rate
CREATE TABLE IF NOT EXISTS `item_rate` (
  `id` int(11) NOT NULL AUTO_INCREMENT,
  `item_id` int(11) NOT NULL,
  `size_id` int(11) NOT NULL,
  `unit_id` int(11) NOT NULL,
  `stock_quantity` int(11) NOT NULL DEFAULT 0,
  `production_rate` float(10,2) NOT NULL,
  `rate` float(10,2) NOT NULL,
  `discount_type` tinyint(1) NOT NULL DEFAULT 1 COMMENT '1: flat_rate; 2:percentage_rate',
  `discount_amount` float(10,2) NOT NULL,
  `discounted_rate` float(10,2) NOT NULL,
  PRIMARY KEY (`id`)
) ENGINE=InnoDB AUTO_INCREMENT=121 DEFAULT CHARSET=utf8;

-- Dumping data for table burritobrothers_db.item_rate: ~19 rows (approximately)
/*!40000 ALTER TABLE `item_rate` DISABLE KEYS */;
INSERT INTO `item_rate` (`id`, `item_id`, `size_id`, `unit_id`, `stock_quantity`, `production_rate`, `rate`, `discount_type`, `discount_amount`, `discounted_rate`) VALUES
	(86, 5, 1, 3, 2, 120.00, 150.00, 1, 0.00, 150.00),
	(87, 1, 7, 3, 2, 1510.00, 1720.00, 1, 0.00, 1720.00),
	(88, 2, 1, 3, 5, 120.00, 150.00, 1, 0.00, 150.00),
	(91, 4, 1, 3, 6, 875.00, 950.00, 1, 5.00, 875.00),
	(92, 3, 1, 3, 8, 0.00, 100.00, 1, 50.00, 50.00),
	(93, 3, 14, 3, 9, 0.00, 100.00, 2, 10.00, 10.00),
	(94, 3, 3, 3, 0, 70.00, 80.00, 1, 0.00, 80.00),
	(102, 6, 1, 3, 0, 30.00, 50.00, 1, 0.00, 50.00),
	(103, 6, 3, 3, 0, 20.00, 35.00, 1, 0.00, 35.00),
	(104, 7, 14, 3, 0, 60.00, 80.00, 1, 0.00, 80.00),
	(105, 8, 1, 3, 0, 33.00, 50.00, 1, 0.00, 50.00),
	(113, 16, 3, 3, 0, 33.00, 330.00, 1, 0.00, 33.00),
	(114, 15, 14, 3, 0, 33.00, 330.00, 1, 0.00, 33.00),
	(115, 15, 3, 3, 0, 33.00, 330.00, 1, 0.00, 33.00),
	(116, 17, 8, 5, 0, 33.00, 320.00, 1, 0.00, 33.00),
	(117, 17, 5, 2, 0, 33.00, 330.00, 1, 0.00, 33.00),
	(118, 14, 14, 3, 0, 4.00, 4.00, 1, 0.00, 4.00),
	(119, 13, 5, 2, 0, 150.00, 200.00, 1, 0.00, 200.00),
	(120, 12, 24, 2, 0, 50.00, 70.00, 1, 0.00, 70.00);
/*!40000 ALTER TABLE `item_rate` ENABLE KEYS */;

-- Dumping structure for table burritobrothers_db.item_review
CREATE TABLE IF NOT EXISTS `item_review` (
  `id` int(11) NOT NULL AUTO_INCREMENT,
  `item_id` int(11) NOT NULL,
  `review_details` text DEFAULT NULL,
  `review_point` int(1) NOT NULL,
  `review_by_name` varchar(200) NOT NULL,
  `review_by_email` varchar(200) NOT NULL,
  `review_date` datetime NOT NULL DEFAULT current_timestamp(),
  PRIMARY KEY (`id`)
) ENGINE=InnoDB DEFAULT CHARSET=utf8;

-- Dumping data for table burritobrothers_db.item_review: ~0 rows (approximately)
/*!40000 ALTER TABLE `item_review` DISABLE KEYS */;
/*!40000 ALTER TABLE `item_review` ENABLE KEYS */;

-- Dumping structure for table burritobrothers_db.item_stock
CREATE TABLE IF NOT EXISTS `item_stock` (
  `id` int(11) NOT NULL AUTO_INCREMENT,
  `item_rate_id` int(11) NOT NULL,
  `date` date DEFAULT NULL,
  `quantity` int(11) DEFAULT NULL,
  `note` varchar(45) DEFAULT NULL,
  PRIMARY KEY (`id`)
) ENGINE=InnoDB AUTO_INCREMENT=32 DEFAULT CHARSET=utf8;

-- Dumping data for table burritobrothers_db.item_stock: ~17 rows (approximately)
/*!40000 ALTER TABLE `item_stock` DISABLE KEYS */;
INSERT INTO `item_stock` (`id`, `item_rate_id`, `date`, `quantity`, `note`) VALUES
	(1, 8, '2019-11-20', 5, 'item added'),
	(2, 7, '2019-11-21', 33, 'item added'),
	(3, 8, '2019-11-13', 6, 'item added'),
	(4, 7, '2019-11-20', 33, 'item added'),
	(5, 8, '2019-11-13', 6, 'item added'),
	(6, 7, '2019-11-20', 33, 'item added'),
	(7, 8, '2019-11-13', -6, 'item damaged'),
	(8, 7, '2019-11-20', 33, 'item added'),
	(9, 9, '2019-11-13', 3, 'item added'),
	(10, 9, '2019-11-12', 22, 'item added'),
	(25, 8, '2019-11-14', 33, 'sdf'),
	(26, 7, '2019-11-22', 2, 'update'),
	(27, 9, '2019-11-21', 10, 'item receive from shopno'),
	(28, 12, '2019-11-21', -12, 'item receive from shopno'),
	(29, 16, '2019-11-21', 2, 'add item'),
	(30, 13, '2019-11-21', 2, 'add item'),
	(31, 12, '2019-11-21', 3, 'add item');
/*!40000 ALTER TABLE `item_stock` ENABLE KEYS */;

-- Dumping structure for table burritobrothers_db.notification
CREATE TABLE IF NOT EXISTS `notification` (
  `id` int(11) NOT NULL AUTO_INCREMENT,
  `order_id` int(11) NOT NULL,
  `details` text DEFAULT NULL,
  `status` tinyint(1) NOT NULL DEFAULT 0 COMMENT '1.read, 0:unread',
  `date_time` timestamp NOT NULL DEFAULT current_timestamp(),
  `view_time` timestamp NULL DEFAULT NULL,
  `target_user` text NOT NULL COMMENT 'customer; admin',
  `user_id` int(11) NOT NULL,
  PRIMARY KEY (`id`)
) ENGINE=InnoDB AUTO_INCREMENT=63 DEFAULT CHARSET=utf8;

-- Dumping data for table burritobrothers_db.notification: ~62 rows (approximately)
/*!40000 ALTER TABLE `notification` DISABLE KEYS */;
INSERT INTO `notification` (`id`, `order_id`, `details`, `status`, `date_time`, `view_time`, `target_user`, `user_id`) VALUES
	(1, 5, 'Order placed', 0, '2020-01-13 19:58:41', NULL, 'admin', 1),
	(2, 6, 'Order placed', 0, '2020-01-14 12:03:57', NULL, 'admin', 1),
	(3, 7, 'Order placed', 0, '2020-01-17 13:16:42', NULL, 'admin', 18),
	(4, 8, 'Order placed', 0, '2020-01-17 13:26:38', NULL, 'admin', 18),
	(5, 9, 'Order placed', 0, '2020-01-17 13:29:16', NULL, 'admin', 18),
	(6, 10, 'Order placed', 0, '2020-01-17 13:31:27', NULL, 'admin', 18),
	(7, 11, 'Order placed', 0, '2020-01-17 13:32:32', NULL, 'admin', 18),
	(8, 12, 'Order placed', 0, '2020-01-17 13:33:23', NULL, 'admin', 18),
	(9, 13, 'Order placed', 0, '2020-01-17 13:34:43', NULL, 'admin', 18),
	(10, 14, 'Order placed', 0, '2020-01-17 13:35:12', NULL, 'admin', 18),
	(11, 15, 'Order placed', 0, '2020-01-17 13:40:04', NULL, 'admin', 18),
	(12, 16, 'Order placed', 0, '2020-01-17 13:41:39', NULL, 'admin', 18),
	(13, 17, 'Order placed', 0, '2020-01-17 13:42:38', NULL, 'admin', 18),
	(14, 18, 'Order placed', 0, '2020-01-17 13:43:22', NULL, 'admin', 18),
	(15, 19, 'Order placed', 0, '2020-01-17 14:17:28', NULL, 'admin', 18),
	(16, 20, 'Order placed', 0, '2020-01-17 15:20:41', NULL, 'admin', 18),
	(17, 21, 'Order placed', 0, '2020-01-21 20:47:28', NULL, 'admin', 18),
	(18, 24, 'Order placed', 0, '2020-01-22 20:12:55', NULL, 'admin', 18),
	(19, 25, 'Order placed', 0, '2020-01-22 20:14:03', NULL, 'admin', 18),
	(20, 26, 'Order placed', 0, '2020-01-22 20:14:57', NULL, 'admin', 18),
	(21, 27, 'Order placed', 0, '2020-01-22 20:15:34', NULL, 'admin', 18),
	(22, 28, 'Order placed', 0, '2020-01-22 20:17:48', NULL, 'admin', 18),
	(23, 29, 'Order placed', 0, '2020-01-22 20:19:30', NULL, 'admin', 18),
	(24, 30, 'Order placed', 0, '2020-01-22 20:20:27', NULL, 'admin', 18),
	(25, 31, 'Order placed', 0, '2020-01-22 20:21:26', NULL, 'admin', 18),
	(26, 35, 'Order placed', 0, '2020-01-23 11:43:44', NULL, 'admin', 18),
	(27, 36, 'Order placed', 0, '2020-01-23 11:48:48', NULL, 'admin', 18),
	(28, 37, 'Order placed', 0, '2020-01-23 11:54:03', NULL, 'admin', 18),
	(29, 42, 'Order placed', 0, '2020-01-27 12:08:25', NULL, 'admin', 1),
	(30, 6, 'Order placed', 0, '2020-01-27 17:17:51', NULL, 'admin', 18),
	(31, 7, 'Order placed', 0, '2020-01-29 11:23:10', NULL, 'admin', 18),
	(32, 14, 'Order placed', 0, '2020-01-30 12:37:27', NULL, 'admin', 18),
	(33, 1, 'Order placed', 0, '2020-01-30 13:14:25', NULL, 'admin', 1),
	(34, 2, 'Order placed', 0, '2020-01-30 13:24:11', NULL, 'admin', 1),
	(35, 3, 'Order placed', 0, '2020-01-30 13:26:50', NULL, 'admin', 1),
	(36, 4, 'Order placed', 0, '2020-01-30 13:31:58', NULL, 'admin', 1),
	(37, 6, 'Order placed', 0, '2020-01-30 13:45:58', NULL, 'admin', 18),
	(38, 7, 'Order placed', 0, '2020-01-30 13:49:03', NULL, 'admin', 18),
	(39, 8, 'Order placed', 0, '2020-01-30 16:49:06', NULL, 'admin', 18),
	(40, 11, 'Order placed', 0, '2020-01-31 17:35:42', NULL, 'admin', 18),
	(41, 12, 'Order placed', 0, '2020-01-31 17:40:06', NULL, 'admin', 18),
	(42, 13, 'Order placed', 0, '2020-01-31 18:18:18', NULL, 'admin', 18),
	(43, 14, 'Order placed', 0, '2020-01-31 18:54:29', NULL, 'admin', 18),
	(44, 18, 'Order placed', 0, '2020-02-02 16:53:58', NULL, 'admin', 21),
	(45, 39, 'Order placed', 0, '2020-02-03 17:36:45', NULL, 'admin', 21),
	(46, 40, 'Order placed', 0, '2020-02-03 17:40:24', NULL, 'admin', 21),
	(47, 41, 'Order placed', 0, '2020-02-03 17:43:42', NULL, 'admin', 21),
	(48, 42, 'Order placed', 0, '2020-02-03 17:49:51', NULL, 'admin', 21),
	(49, 43, 'Order placed', 0, '2020-02-03 18:01:49', NULL, 'admin', 21),
	(50, 44, 'Order placed', 0, '2020-02-03 18:06:04', NULL, 'admin', 21),
	(51, 45, 'Order placed', 0, '2020-02-03 19:40:54', NULL, 'admin', 1),
	(52, 46, 'Order placed', 0, '2020-02-03 19:46:07', NULL, 'admin', 1),
	(53, 47, 'Order placed', 0, '2020-02-03 19:47:16', NULL, 'admin', 1),
	(54, 48, 'Order placed', 0, '2020-02-03 19:49:05', NULL, 'admin', 1),
	(55, 49, 'Order placed', 0, '2020-02-03 19:50:55', NULL, 'admin', 1),
	(56, 50, 'Order placed', 0, '2020-02-03 19:54:36', NULL, 'admin', 1),
	(57, 51, 'Order placed', 0, '2020-02-03 19:57:32', NULL, 'admin', 1),
	(58, 52, 'Order placed', 0, '2020-02-03 20:00:17', NULL, 'admin', 1),
	(59, 53, 'Order placed', 0, '2020-02-03 22:45:01', NULL, 'admin', 1),
	(60, 58, 'Order placed', 0, '2020-02-06 19:03:20', NULL, 'admin', 1),
	(61, 59, 'Order placed', 0, '2020-02-07 18:22:29', NULL, 'admin', 1),
	(62, 60, 'Order placed', 0, '2020-02-07 18:43:02', NULL, 'admin', 1);
/*!40000 ALTER TABLE `notification` ENABLE KEYS */;

-- Dumping structure for table burritobrothers_db.options_items
CREATE TABLE IF NOT EXISTS `options_items` (
  `id` int(11) NOT NULL AUTO_INCREMENT,
  `option_id` int(11) NOT NULL,
  `ingredient_id` int(11) NOT NULL DEFAULT 0,
  `name` varchar(255) COLLATE utf8_unicode_ci NOT NULL,
  `price` float NOT NULL DEFAULT 0,
  PRIMARY KEY (`id`)
) ENGINE=InnoDB AUTO_INCREMENT=2326 DEFAULT CHARSET=utf8 COLLATE=utf8_unicode_ci;

-- Dumping data for table burritobrothers_db.options_items: ~2,325 rows (approximately)
/*!40000 ALTER TABLE `options_items` DISABLE KEYS */;
INSERT INTO `options_items` (`id`, `option_id`, `ingredient_id`, `name`, `price`) VALUES
	(1, 1, 0, 'classic', 0),
	(2, 1, 0, 'sprite', 0),
	(3, 1, 0, 'diet coke', 0),
	(4, 2, 0, 'strawberry', 0),
	(5, 2, 0, 'banana', 0),
	(6, 2, 0, 'raspberry', 0),
	(7, 2, 0, 'pina colada', 0),
	(8, 2, 0, 'peach', 0),
	(9, 2, 0, 'mango', 0),
	(10, 2, 0, 'passion fruit', 0),
	(11, 2, 0, 'wild berry', 0),
	(12, 3, 0, 'strawberry', 0),
	(13, 3, 0, 'banan', 0),
	(14, 3, 0, 'banana', 0),
	(15, 3, 0, 'raspberry', 0),
	(16, 3, 0, 'pina colada', 0),
	(17, 3, 0, 'peach', 0),
	(18, 3, 0, 'mango', 0),
	(19, 3, 0, 'passion fruit', 0),
	(20, 3, 0, 'cappuccino ', 0),
	(21, 3, 0, 'wild berry', 0),
	(22, 4, 0, 'vanilla protein', 2.75),
	(23, 4, 0, 'chocolate protein', 2.75),
	(24, 4, 0, 'strawberry protein', 2.75),
	(25, 5, 0, 'vanilla protein', 0),
	(26, 5, 0, 'strawberry protein', 0),
	(27, 5, 0, 'chocolate protein', 0),
	(28, 6, 0, 'vanilla protein', 0),
	(29, 6, 0, 'strawberry protein', 0),
	(30, 6, 0, 'chocolate protein', 0),
	(31, 7, 0, 'ice cream', 0),
	(32, 7, 0, 'low fat yogurt', 0),
	(33, 8, 650, 'deer park', 0.3),
	(34, 8, 649, 'perrier', 0.55),
	(35, 9, 0, 'small', 0),
	(36, 9, 644, 'large', 0.55),
	(37, 10, 0, 'brownie', 1.5),
	(38, 10, 0, 'cookie', 1.5),
	(39, 11, 546, '20 oz fountain soda', 1.95),
	(40, 11, 225, '32 oz', 3),
	(41, 12, 0, 'small', 0),
	(42, 12, 644, 'large', 0.55),
	(43, 13, 0, 'brownie', 1.5),
	(44, 13, 0, 'cookie', 1.5),
	(45, 14, 0, 'orange juice', 0),
	(46, 14, 0, 'apple juice', 0),
	(47, 14, 0, 'cranberry', 0),
	(48, 14, 0, 'plum', 0),
	(49, 14, 0, 'half & half', 0),
	(50, 14, 0, 'orange mango', 0),
	(51, 14, 0, 'pomegranate pear', 0),
	(52, 15, 214, 'xxx', 0),
	(53, 15, 215, 'power c', 0),
	(54, 16, 0, 'classic', 0),
	(55, 16, 0, 'diet coke', 0),
	(56, 16, 0, 'sprite', 0),
	(57, 16, 0, 'minute maid lemonade', 0),
	(58, 18, 637, '20 oz', 3.75),
	(59, 18, 638, '32 oz', 4.99),
	(60, 19, 405, '14 inch big daddy with cheese', 8),
	(61, 19, 179, 'cheddar cheese', 0),
	(62, 19, 238, 'monterey jack', 0),
	(63, 19, 90, 'no cheese', 0),
	(64, 20, 156, 'pico de gallo', 0),
	(65, 20, 46, 'lettuce', 0),
	(66, 20, 121, 'jalapenos', 0),
	(67, 20, 437, 'fresh jalopenos', 0),
	(68, 20, 179, 'cheddar cheese', 0),
	(69, 20, 282, 'hot sauce', 0),
	(70, 20, 51, 'cilantro', 0),
	(71, 20, 53, 'onions', 0),
	(72, 20, 238, 'monterey jack', 0),
	(73, 20, 639, 'fresh tomatoes', 0),
	(74, 21, 0, 'regular flour', 0),
	(75, 21, 576, 'whole wheat tortilla', 0.75),
	(76, 21, 575, 'jalopeno tortilla', 0.75),
	(77, 21, 577, 'tomato tortilla', 0.75),
	(78, 21, 578, 'spinach tortilla', 0.75),
	(79, 22, 579, 'guacamole', 2.4),
	(80, 22, 580, 'fresh avocado', 2.4),
	(81, 22, 438, 'monterey jack', 0.8),
	(82, 22, 632, 'extra home fries', 1.85),
	(83, 22, 39, 'cheddar cheese', 0.8),
	(84, 22, 608, 'extra pico de gallo', 0.75),
	(85, 22, 34, 'sour cream', 0.8),
	(86, 22, 631, 'extra plantain', 1.85),
	(87, 22, 566, 'extra black beans', 1.85),
	(88, 22, 506, 'extra egg', 1),
	(89, 22, 37, 'spinach', 1.25),
	(90, 22, 581, 'mushrooms', 1),
	(91, 23, 377, 'egg white', 0),
	(92, 23, 266, 'fried eggs', 0),
	(93, 23, 92, 'scrambled eggs', 0),
	(94, 23, 462, 'no eggs', 0),
	(95, 23, 179, 'cheddar cheese', 0),
	(96, 23, 238, 'monterey jack', 0),
	(97, 23, 90, 'no cheese', 0),
	(98, 24, 635, 'upgrade to 12 inch tortilla', 2.5),
	(99, 24, 634, 'upgrade to 14 inch tortilla', 3.5),
	(100, 25, 156, 'pico de gallo', 0),
	(101, 25, 46, 'lettuce', 0),
	(102, 25, 121, 'jalapenos', 0),
	(103, 25, 437, 'fresh jalopenos', 0),
	(104, 25, 179, 'cheddar cheese', 0),
	(105, 25, 282, 'hot sauce', 0),
	(106, 25, 51, 'cilantro', 0),
	(107, 25, 53, 'onions', 0),
	(108, 25, 238, 'monterey jack', 0),
	(109, 25, 639, 'fresh tomatoes', 0),
	(110, 26, 0, 'regular flour', 0),
	(111, 26, 576, 'whole wheat tortilla', 0.75),
	(112, 26, 575, 'jalopeno tortilla', 0.75),
	(113, 26, 577, 'tomato tortilla', 0.75),
	(114, 26, 578, 'spinach tortilla', 0.75),
	(115, 27, 651, 'extra chorizo', 2.75),
	(116, 27, 438, 'monterey jack', 0.8),
	(117, 27, 34, 'sour cream', 0.8),
	(118, 27, 39, 'cheddar cheese', 0.8),
	(119, 27, 506, 'extra egg', 1),
	(120, 27, 496, 'bacon', 1),
	(121, 27, 580, 'fresh avocado', 2.4),
	(122, 27, 497, 'turkey bacon', 1),
	(123, 27, 579, 'guacamole', 2.4),
	(124, 27, 581, 'mushrooms', 1),
	(125, 27, 106, 'sausage', 1),
	(126, 27, 632, 'extra home fries', 1.85),
	(127, 27, 631, 'extra plantain', 1.85),
	(128, 28, 635, 'upgrade to 12 inch tortilla', 2.5),
	(129, 28, 634, 'upgrade to 14 inch tortilla', 3.5),
	(130, 29, 405, '14inch big daddy with cheese', 8),
	(131, 29, 179, 'cheddar cheese', 0),
	(132, 29, 238, 'monterey jack', 0),
	(133, 29, 90, 'no cheese', 0),
	(134, 30, 156, 'pico de gallo', 0),
	(135, 30, 46, 'lettuce', 0),
	(136, 30, 121, 'jalapenos', 0),
	(137, 30, 437, 'fresh jalopenos', 0),
	(138, 30, 179, 'cheddar cheese', 0),
	(139, 30, 282, 'hot sauce', 0),
	(140, 30, 51, 'cilantro', 0),
	(141, 30, 53, 'onions', 0),
	(142, 30, 238, 'monterey jack', 0),
	(143, 30, 639, 'fresh tomatoes', 0),
	(144, 31, 75, 'home fries', 0),
	(145, 31, 76, 'plantain', 0),
	(146, 32, 0, 'regular flour', 0),
	(147, 32, 576, 'whole wheat tortilla', 0.75),
	(148, 32, 575, 'jalopeno tortilla', 0.75),
	(149, 32, 577, 'tomato tortilla', 0.75),
	(150, 32, 578, 'spinach tortilla', 0.75),
	(151, 33, 651, 'extra chorizo', 2.75),
	(152, 33, 438, 'monterey jack', 0.8),
	(153, 33, 34, 'sour cream', 0.8),
	(154, 33, 39, 'cheddar cheese', 0.8),
	(155, 33, 506, 'extra egg', 1),
	(156, 33, 496, 'bacon', 1),
	(157, 33, 580, 'fresh avocado', 2.4),
	(158, 33, 497, 'turkey bacon', 1),
	(159, 33, 579, 'guacamole', 2.4),
	(160, 33, 581, 'mushrooms', 1),
	(161, 33, 106, 'sausage', 1),
	(162, 33, 632, 'extra home fries', 1.85),
	(163, 33, 631, 'extra plantain', 1.85),
	(164, 34, 635, 'upgrade to 12 inch tortilla', 2.5),
	(165, 34, 634, 'upgrade to 14 inch tortilla', 3.5),
	(166, 35, 156, 'pico de gallo', 0),
	(167, 35, 46, 'lettuce', 0),
	(168, 35, 121, 'jalapenos', 0),
	(169, 35, 437, 'fresh jalopenos', 0),
	(170, 35, 179, 'cheddar cheese', 0),
	(171, 35, 282, 'hot sauce', 0),
	(172, 35, 51, 'cilantro', 0),
	(173, 35, 53, 'onions', 0),
	(174, 35, 238, 'monterey jack', 0),
	(175, 35, 639, 'fresh tomatoes', 0),
	(176, 36, 0, 'regular flour', 0),
	(177, 36, 576, 'whole wheat tortilla', 0.75),
	(178, 36, 575, 'jalopeno tortilla', 0.75),
	(179, 36, 577, 'tomato tortilla', 0.75),
	(180, 36, 578, 'spinach tortilla', 0.75),
	(181, 37, 37, 'spinach', 1.25),
	(182, 37, 506, 'extra egg', 1),
	(183, 37, 548, 'turkey bacon', 1.95),
	(184, 37, 438, 'monterey jack', 0.8),
	(185, 37, 608, 'extra pico de gallo', 0.75),
	(186, 37, 39, 'cheddar cheese', 0.8),
	(187, 37, 547, 'bacon', 1.95),
	(188, 37, 579, 'guacamole', 2.4),
	(189, 37, 580, 'fresh avocado', 2.4),
	(190, 37, 545, 'extra nacho cheese sauce', 1.95),
	(191, 37, 292, 'add extra sour cream', 0.8),
	(192, 37, 581, 'mushrooms', 1),
	(193, 38, 635, 'upgrade to 12 inch tortilla', 2.5),
	(194, 38, 634, 'upgrade to 14 inch tortilla', 3.5),
	(195, 39, 405, '14 inch big daddy with cheese', 8),
	(196, 39, 179, 'cheddar cheese', 0),
	(197, 39, 238, 'monterey jack', 0),
	(198, 39, 90, 'no cheese', 0),
	(199, 40, 156, 'pico de gallo', 0),
	(200, 40, 46, 'lettuce', 0),
	(201, 40, 121, 'jalapenos', 0),
	(202, 40, 437, 'fresh jalopenos', 0),
	(203, 40, 179, 'cheddar cheese', 0),
	(204, 40, 282, 'hot sauce', 0),
	(205, 40, 51, 'cilantro', 0),
	(206, 40, 53, 'onions', 0),
	(207, 40, 238, 'monterey jack', 0),
	(208, 40, 639, 'fresh tomatoes', 0),
	(209, 41, 0, 'regular flour', 0),
	(210, 41, 576, 'whole wheat tortilla', 0.75),
	(211, 41, 575, 'jalopeno tortilla', 0.75),
	(212, 41, 577, 'tomato tortilla', 0.75),
	(213, 41, 578, 'spinach tortilla', 0.75),
	(214, 42, 651, 'extra chorizo', 2.75),
	(215, 42, 438, 'monterey jack', 0.8),
	(216, 42, 34, 'sour cream', 0.8),
	(217, 42, 39, 'cheddar cheese', 0.8),
	(218, 42, 506, 'extra egg', 1),
	(219, 42, 496, 'bacon', 1),
	(220, 42, 580, 'fresh avocado', 2.4),
	(221, 42, 497, 'turkey bacon', 1),
	(222, 42, 579, 'guacamole', 2.4),
	(223, 42, 581, 'mushrooms', 1),
	(224, 42, 106, 'sausage', 1),
	(225, 42, 632, 'extra home fries', 1.85),
	(226, 42, 631, 'extra plantain', 1.85),
	(227, 43, 635, 'upgrade to 12 inch tortilla', 2.5),
	(228, 43, 634, 'upgrade to 14 inch tortilla', 3.5),
	(229, 44, 405, '14 inch big daddy with cheese', 8),
	(230, 44, 179, 'cheddar cheese', 0),
	(231, 44, 238, 'monterey jack', 0),
	(232, 44, 90, 'no cheese', 0),
	(233, 45, 156, 'pico de gallo', 0),
	(234, 45, 46, 'lettuce', 0),
	(235, 45, 121, 'jalapenos', 0),
	(236, 45, 437, 'fresh jalopenos', 0),
	(237, 45, 179, 'cheddar cheese', 0),
	(238, 45, 282, 'hot sauce', 0),
	(239, 45, 51, 'cilantro', 0),
	(240, 45, 53, 'onions', 0),
	(241, 45, 238, 'monterey jack', 0),
	(242, 45, 639, 'fresh tomatoes', 0),
	(243, 46, 0, 'regular flour', 0),
	(244, 46, 576, 'whole wheat tortilla', 0.75),
	(245, 46, 575, 'jalopeno tortilla', 0.75),
	(246, 46, 577, 'tomato tortilla', 0.75),
	(247, 46, 578, 'spinach tortilla', 0.75),
	(248, 47, 651, 'extra chorizo', 2.75),
	(249, 47, 438, 'monterey jack', 0.8),
	(250, 47, 34, 'sour cream', 0.8),
	(251, 47, 39, 'cheddar cheese', 0.8),
	(252, 47, 506, 'extra egg', 1),
	(253, 47, 496, 'bacon', 1),
	(254, 47, 580, 'fresh avocado', 2.4),
	(255, 47, 497, 'turkey bacon', 1),
	(256, 47, 579, 'guacamole', 2.4),
	(257, 47, 581, 'mushrooms', 1),
	(258, 47, 106, 'sausage', 1),
	(259, 47, 632, 'extra home fries', 1.85),
	(260, 47, 631, 'extra plantain', 1.85),
	(261, 48, 24, 'chicken', 0),
	(262, 48, 0, 'steak', 0),
	(263, 48, 0, 'mix of chicken and steak', 0),
	(264, 49, 635, 'upgrade to 12 inch tortilla', 2.5),
	(265, 49, 634, 'upgrade to 14 inch tortilla', 3.5),
	(266, 50, 405, '14 inch big daddy with cheese', 8),
	(267, 50, 179, 'cheddar cheese', 0),
	(268, 50, 238, 'monterey jack', 0),
	(269, 50, 90, 'no cheese', 0),
	(270, 51, 156, 'pico de gallo', 0),
	(271, 51, 46, 'lettuce', 0),
	(272, 51, 121, 'jalapenos', 0),
	(273, 51, 437, 'fresh jalopenos', 0),
	(274, 51, 179, 'cheddar cheese', 0),
	(275, 51, 282, 'hot sauce', 0),
	(276, 51, 51, 'cilantro', 0),
	(277, 51, 53, 'onions', 0),
	(278, 51, 238, 'monterey jack', 0),
	(279, 51, 639, 'fresh tomatoes', 0),
	(280, 52, 0, 'regular flour', 0),
	(281, 52, 576, 'whole wheat tortilla', 0.75),
	(282, 52, 575, 'jalopeno tortilla', 0.75),
	(283, 52, 577, 'tomato tortilla', 0.75),
	(284, 52, 578, 'spinach tortilla', 0.75),
	(285, 53, 24, 'chicken', 0),
	(286, 53, 25, 'steak', 0),
	(287, 53, 180, 'mix of chicken and steak', 0),
	(288, 54, 651, 'extra chorizo', 2.75),
	(289, 54, 438, 'monterey jack', 0.8),
	(290, 54, 34, 'sour cream', 0.8),
	(291, 54, 39, 'cheddar cheese', 0.8),
	(292, 54, 506, 'extra egg', 1),
	(293, 54, 496, 'bacon', 1),
	(294, 54, 580, 'fresh avocado', 2.4),
	(295, 54, 497, 'turkey bacon', 1),
	(296, 54, 579, 'guacamole', 2.4),
	(297, 54, 581, 'mushrooms', 1),
	(298, 54, 106, 'sausage', 1),
	(299, 54, 632, 'extra home fries', 1.85),
	(300, 54, 631, 'extra plantain', 1.85),
	(301, 55, 635, 'upgrade to 12 inch tortilla', 2.5),
	(302, 55, 634, 'upgrade to 14 inch tortilla', 3.5),
	(303, 56, 405, '14 inch big daddy with cheese', 8),
	(304, 56, 179, 'cheddar cheese', 0),
	(305, 56, 238, 'monterey jack', 0),
	(306, 56, 90, 'no cheese', 0),
	(307, 57, 156, 'pico de gallo', 0),
	(308, 57, 46, 'lettuce', 0),
	(309, 57, 121, 'jalapenos', 0),
	(310, 57, 437, 'fresh jalopenos', 0),
	(311, 57, 179, 'cheddar cheese', 0),
	(312, 57, 282, 'hot sauce', 0),
	(313, 57, 51, 'cilantro', 0),
	(314, 57, 53, 'onions', 0),
	(315, 57, 238, 'monterey jack', 0),
	(316, 57, 639, 'fresh tomatoes', 0),
	(317, 58, 113, 'regular', 0),
	(318, 58, 125, 'whole wheat', 0.5),
	(319, 58, 79, 'spinach', 0.5),
	(320, 58, 128, 'jalapeno tortilla', 0.5),
	(321, 58, 127, 'tomato tortilla', 0.5),
	(322, 58, 340, 'corn tortilla', 0),
	(323, 59, 75, 'home fries', 0),
	(324, 59, 76, 'plantain', 0),
	(325, 60, 651, 'extra chorizo', 2.75),
	(326, 60, 438, 'monterey jack', 0.8),
	(327, 60, 34, 'sour cream', 0.8),
	(328, 60, 39, 'cheddar cheese', 0.8),
	(329, 60, 506, 'extra egg', 1),
	(330, 60, 496, 'bacon', 1),
	(331, 60, 580, 'fresh avocado', 2.4),
	(332, 60, 497, 'turkey bacon', 1),
	(333, 60, 579, 'guacamole', 2.4),
	(334, 60, 581, 'mushrooms', 1),
	(335, 60, 106, 'sausage', 1),
	(336, 60, 632, 'extra home fries', 1.85),
	(337, 60, 631, 'extra plantain', 1.85),
	(338, 61, 635, 'upgrade to 12 inch tortilla', 2.5),
	(339, 61, 634, 'upgrade to 14 inch tortilla', 3.5),
	(340, 62, 405, '14 inch big daddy with cheese', 8),
	(341, 62, 179, 'cheddar cheese', 0),
	(342, 62, 238, 'monterey jack', 0),
	(343, 62, 90, 'no cheese', 0),
	(344, 63, 29, 'no beans', 0),
	(345, 63, 159, 'black beans', 0),
	(346, 63, 160, 'pinto beans', 0),
	(347, 63, 161, 'refried beans', 0),
	(348, 64, 156, 'pico de gallo', 0),
	(349, 64, 46, 'lettuce', 0),
	(350, 64, 121, 'jalapenos', 0),
	(351, 64, 437, 'fresh jalopenos', 0),
	(352, 64, 179, 'cheddar cheese', 0),
	(353, 64, 282, 'hot sauce', 0),
	(354, 64, 51, 'cilantro', 0),
	(355, 64, 53, 'onions', 0),
	(356, 64, 238, 'monterey jack', 0),
	(357, 64, 639, 'fresh tomatoes', 0),
	(358, 65, 113, 'regular', 0),
	(359, 65, 125, 'whole wheat', 0.5),
	(360, 65, 79, 'spinach', 0.5),
	(361, 65, 128, 'jalapeno tortilla', 0.5),
	(362, 65, 127, 'tomato tortilla', 0.5),
	(363, 65, 340, 'corn tortilla', 0),
	(364, 66, 651, 'extra chorizo', 2.75),
	(365, 66, 438, 'monterey jack', 0.8),
	(366, 66, 34, 'sour cream', 0.8),
	(367, 66, 39, 'cheddar cheese', 0.8),
	(368, 66, 506, 'extra egg', 1),
	(369, 66, 496, 'bacon', 1),
	(370, 66, 580, 'fresh avocado', 2.4),
	(371, 66, 497, 'turkey bacon', 1),
	(372, 66, 579, 'guacamole', 2.4),
	(373, 66, 581, 'mushrooms', 1),
	(374, 66, 106, 'sausage', 1),
	(375, 66, 632, 'extra home fries', 1.85),
	(376, 66, 631, 'extra plantain', 1.85),
	(377, 67, 635, 'upgrade to 12 inch tortilla', 2.5),
	(378, 67, 634, 'upgrade to 14 inch tortilla', 3.5),
	(379, 68, 338, 'hard taco', 0),
	(380, 68, 166, 'flour tortillas', 0),
	(381, 68, 71, 'corn tortillas', 0),
	(382, 69, 179, 'cheddar cheese', 0),
	(383, 69, 178, 'jack cheese', 0),
	(384, 69, 90, 'no cheese', 0),
	(385, 70, 156, 'pico de gallo', 0),
	(386, 70, 46, 'lettuce', 0),
	(387, 70, 121, 'jalapenos', 0),
	(388, 70, 437, 'fresh jalopenos', 0),
	(389, 70, 179, 'cheddar cheese', 0),
	(390, 70, 282, 'hot sauce', 0),
	(391, 70, 51, 'cilantro', 0),
	(392, 70, 53, 'onions', 0),
	(393, 70, 238, 'monterey jack', 0),
	(394, 70, 639, 'fresh tomatoes', 0),
	(395, 71, 169, 'grilled steak', 0),
	(396, 71, 168, 'grilled chicken', 0),
	(397, 71, 104, 'ham', 0),
	(398, 71, 159, 'black beans', 0),
	(399, 71, 458, 'turkey bacon', 0),
	(400, 71, 103, 'sausage', 0),
	(401, 71, 271, 'mexican chorizo', 0),
	(402, 71, 102, 'bacon', 0),
	(403, 72, 92, 'scrambled eggs', 0),
	(404, 72, 266, 'fried eggs', 0),
	(405, 72, 267, 'over easy eggs', 0),
	(406, 72, 268, 'sunny side up eggs', 0),
	(407, 72, 377, 'egg white', 0),
	(408, 72, 462, 'no eggs', 0),
	(409, 73, 651, 'extra chorizo', 2.75),
	(410, 73, 438, 'monterey jack', 0.8),
	(411, 73, 34, 'sour cream', 0.8),
	(412, 73, 39, 'cheddar cheese', 0.8),
	(413, 73, 506, 'extra egg', 1),
	(414, 73, 496, 'bacon', 1),
	(415, 73, 580, 'fresh avocado', 2.4),
	(416, 73, 497, 'turkey bacon', 1),
	(417, 73, 579, 'guacamole', 2.4),
	(418, 73, 581, 'mushrooms', 1),
	(419, 73, 106, 'sausage', 1),
	(420, 73, 632, 'extra home fries', 1.85),
	(421, 73, 631, 'extra plantain', 1.85),
	(422, 74, 488, 'white', 0),
	(423, 74, 487, 'wheat', 0),
	(424, 74, 490, 'croissant', 0.65),
	(425, 75, 600, 'egg and cheese sandwich', 4.95),
	(426, 75, 605, 'egg and turkey bacon sandwich', 5.5),
	(427, 75, 603, 'egg and steak sandwich', 6.95),
	(428, 75, 602, 'egg and sausage sandwich', 5.5),
	(429, 75, 606, 'egg and ham sandwich', 5.5),
	(430, 75, 601, 'egg and bacon sandwich', 5.5),
	(431, 76, 377, 'egg white', 0),
	(432, 76, 266, 'fried eggs', 0),
	(433, 76, 92, 'scrambled eggs', 0),
	(434, 76, 462, 'no eggs', 0),
	(435, 76, 179, 'cheddar cheese', 0),
	(436, 76, 238, 'monterey jack', 0),
	(437, 76, 90, 'no cheese', 0),
	(438, 77, 496, 'bacon', 1),
	(439, 77, 497, 'turkey bacon', 1),
	(440, 77, 107, 'ham', 1),
	(441, 77, 501, 'american cheese', 1),
	(442, 77, 499, 'cheddar', 1),
	(443, 77, 500, 'monterey jack', 1),
	(444, 77, 580, 'fresh avocado', 2.4),
	(445, 78, 46, 'lettuce', 0),
	(446, 78, 99, 'tomatoes', 0),
	(447, 78, 53, 'onions', 0),
	(448, 78, 418, 'mayo', 0),
	(449, 79, 113, 'regular', 0),
	(450, 79, 125, 'whole wheat', 0.5),
	(451, 79, 79, 'spinach', 0.5),
	(452, 79, 128, 'jalapeno tortilla', 0.5),
	(453, 79, 127, 'tomato tortilla', 0.5),
	(454, 79, 340, 'corn tortilla', 0),
	(455, 80, 458, 'turkey bacon', 0),
	(456, 80, 102, 'bacon', 0),
	(457, 81, 377, 'egg white', 0),
	(458, 81, 266, 'fried eggs', 0),
	(459, 81, 92, 'scrambled eggs', 0),
	(460, 81, 462, 'no eggs', 0),
	(461, 81, 179, 'cheddar cheese', 0),
	(462, 81, 238, 'monterey jack', 0),
	(463, 81, 90, 'no cheese', 0),
	(464, 82, 579, 'guacamole', 2.4),
	(465, 82, 580, 'fresh avocado', 2.4),
	(466, 82, 294, 'add extra spinach', 1.25),
	(467, 82, 496, 'bacon', 1),
	(468, 82, 497, 'turkey bacon', 1),
	(469, 82, 107, 'ham', 1),
	(470, 82, 106, 'sausage', 1),
	(471, 82, 506, 'extra egg', 1),
	(472, 82, 507, 'extra egg white', 1),
	(473, 82, 510, 'extra cheese', 1),
	(474, 83, 156, 'pico de gallo', 0),
	(475, 83, 46, 'lettuce', 0),
	(476, 83, 121, 'jalapenos', 0),
	(477, 83, 437, 'fresh jalopenos', 0),
	(478, 83, 179, 'cheddar cheese', 0),
	(479, 83, 282, 'hot sauce', 0),
	(480, 83, 51, 'cilantro', 0),
	(481, 83, 53, 'onions', 0),
	(482, 83, 238, 'monterey jack', 0),
	(483, 83, 639, 'fresh tomatoes', 0),
	(484, 84, 635, 'upgrade to 12 inch tortilla', 2.5),
	(485, 84, 634, 'upgrade to 14 inch tortilla', 3.5),
	(486, 85, 71, 'corn tortillas', 0),
	(487, 85, 338, 'hard taco', 0),
	(488, 85, 166, 'flour tortillas', 0),
	(489, 86, 0, 'jack cheese', 0),
	(490, 86, 0, 'cheddar cheese', 0),
	(491, 86, 0, 'no cheese', 0),
	(492, 87, 271, 'mexican chorizo', 0),
	(493, 87, 24, 'chicken', 0),
	(494, 87, 636, 'turkey sausage', 0),
	(495, 87, 645, 'grilled tofu', 0),
	(496, 87, 159, 'black beans', 0),
	(497, 87, 102, 'bacon', 0),
	(498, 87, 103, 'sausage', 0),
	(499, 87, 104, 'ham', 0),
	(500, 87, 458, 'turkey bacon', 0),
	(501, 87, 375, 'tofu', 0),
	(502, 88, 0, 'lettuce', 0),
	(503, 88, 0, 'jalapenos', 0),
	(504, 88, 47, 'plain tomatoes', 0),
	(505, 88, 51, 'cilantro', 0),
	(506, 88, 59, 'sour cream', 0),
	(507, 88, 437, 'fresh jalopenos', 0),
	(508, 89, 34, 'sour cream', 0.8),
	(509, 89, 290, 'add extra monterey jack cheese', 0.8),
	(510, 89, 581, 'mushrooms', 1),
	(511, 89, 496, 'bacon', 1),
	(512, 89, 579, 'guacamole', 2.4),
	(513, 89, 98, 'green peppers', 0),
	(514, 89, 53, 'onions', 0),
	(515, 89, 580, 'fresh avocado', 2.4),
	(516, 90, 75, 'home fries', 0),
	(517, 90, 76, 'plantain', 0),
	(518, 91, 92, 'scrambled eggs', 0),
	(519, 91, 266, 'fried eggs', 0),
	(520, 91, 267, 'over easy eggs', 0),
	(521, 91, 268, 'sunny side up eggs', 0),
	(522, 91, 377, 'egg white', 0),
	(523, 91, 462, 'no eggs', 0),
	(524, 92, 169, 'grilled steak', 0),
	(525, 92, 168, 'grilled chicken', 0),
	(526, 93, 579, 'guacamole', 2.4),
	(527, 93, 580, 'fresh avocado', 2.4),
	(528, 93, 438, 'monterey jack', 0.8),
	(529, 93, 632, 'extra home fries', 1.85),
	(530, 93, 39, 'cheddar cheese', 0.8),
	(531, 93, 608, 'extra pico de gallo', 0.75),
	(532, 93, 34, 'sour cream', 0.8),
	(533, 93, 631, 'extra plantain', 1.85),
	(534, 93, 566, 'extra black beans', 1.85),
	(535, 93, 506, 'extra egg', 1),
	(536, 93, 37, 'spinach', 1.25),
	(537, 93, 581, 'mushrooms', 1),
	(538, 94, 92, 'scrambled eggs', 0),
	(539, 94, 266, 'fried eggs', 0),
	(540, 94, 267, 'over easy eggs', 0),
	(541, 94, 268, 'sunny side up eggs', 0),
	(542, 94, 377, 'egg white', 0),
	(543, 94, 462, 'no eggs', 0),
	(544, 95, 566, 'extra black beans', 1.85),
	(545, 95, 567, 'extra refried beans', 1.85),
	(546, 95, 557, 'extra rice', 1.95),
	(547, 95, 565, 'extra pinto beans', 1.85),
	(548, 96, 76, 'plantain', 0),
	(549, 96, 75, 'home fries', 0),
	(550, 97, 0, 'cheese', 0.8),
	(551, 97, 579, 'guacamole', 2.4),
	(552, 97, 580, 'fresh avocado', 2.4),
	(553, 97, 516, 'extra meat', 4),
	(554, 98, 0, 'no salsa', 0),
	(555, 98, 0, ' hot jalapenos', 0),
	(556, 98, 0, 'cilantro', 0),
	(557, 98, 0, 'salsa verde', 0),
	(558, 98, 0, 'onions', 0),
	(559, 98, 0, 'green peppers', 0),
	(560, 98, 639, 'fresh tomatoes', 0),
	(561, 99, 37, 'spinach', 1.25),
	(562, 99, 506, 'extra egg', 1),
	(563, 99, 548, 'turkey bacon', 1.95),
	(564, 99, 438, 'monterey jack', 0.8),
	(565, 99, 608, 'extra pico de gallo', 0.75),
	(566, 99, 39, 'cheddar cheese', 0.8),
	(567, 99, 547, 'bacon', 1.95),
	(568, 99, 579, 'guacamole', 2.4),
	(569, 99, 580, 'fresh avocado', 2.4),
	(570, 99, 545, 'extra nacho cheese sauce', 1.95),
	(571, 99, 292, 'add extra sour cream', 0.8),
	(572, 99, 581, 'mushrooms', 1),
	(573, 100, 92, 'scrambled eggs', 0),
	(574, 100, 266, 'fried eggs', 0),
	(575, 100, 267, 'over easy eggs', 0),
	(576, 100, 268, 'sunny side up eggs', 0),
	(577, 100, 377, 'egg white', 0),
	(578, 100, 462, 'no eggs', 0),
	(579, 101, 458, 'turkey bacon', 0),
	(580, 101, 102, 'bacon', 0),
	(581, 101, 103, 'sausage', 0),
	(582, 101, 104, 'ham', 0),
	(583, 101, 636, 'turkey sausage', 0),
	(584, 102, 579, 'guacamole', 2.4),
	(585, 102, 580, 'fresh avocado', 2.4),
	(586, 102, 438, 'monterey jack', 0.8),
	(587, 102, 632, 'extra home fries', 1.85),
	(588, 102, 39, 'cheddar cheese', 0.8),
	(589, 102, 608, 'extra pico de gallo', 0.75),
	(590, 102, 34, 'sour cream', 0.8),
	(591, 102, 631, 'extra plantain', 1.85),
	(592, 102, 566, 'extra black beans', 1.85),
	(593, 102, 506, 'extra egg', 1),
	(594, 102, 37, 'spinach', 1.25),
	(595, 102, 581, 'mushrooms', 1),
	(596, 103, 109, 'syrup', 0),
	(597, 103, 112, 'no butter', 0),
	(598, 104, 405, '14 inch big daddy with cheese', 8),
	(599, 104, 179, 'cheddar cheese', 0),
	(600, 104, 238, 'monterey jack', 0),
	(601, 104, 90, 'no cheese', 0),
	(602, 105, 71, 'corn tortillas', 0),
	(603, 105, 269, 'corn chips', 0),
	(604, 106, 30, 'pinto', 0),
	(605, 106, 31, 'black', 0),
	(606, 106, 32, 'refried', 0),
	(607, 106, 29, 'no beans', 0),
	(608, 107, 75, 'home fries', 0),
	(609, 107, 76, 'plantain', 0),
	(610, 108, 0, 'cheese ', 0.8),
	(611, 108, 0, 'sour cream', 0.8),
	(612, 108, 579, 'guacamole', 2.4),
	(613, 108, 0, 'cheddar cheese', 0.8),
	(614, 108, 580, 'fresh avocado', 2.4),
	(615, 108, 345, 'chorizo', 2.75),
	(616, 108, 506, 'extra egg', 1),
	(617, 109, 0, 'cheese', 0),
	(618, 109, 0, 'sour cream', 0),
	(619, 110, 271, 'mexican chorizo', 0),
	(620, 110, 24, 'chicken', 0),
	(621, 110, 636, 'turkey sausage', 0),
	(622, 110, 645, 'grilled tofu', 0),
	(623, 110, 159, 'black beans', 0),
	(624, 110, 102, 'bacon', 0),
	(625, 110, 103, 'sausage', 0),
	(626, 110, 104, 'ham', 0),
	(627, 110, 458, 'turkey bacon', 0),
	(628, 110, 375, 'tofu', 0),
	(629, 111, 377, 'egg white', 0),
	(630, 111, 266, 'fried eggs', 0),
	(631, 111, 92, 'scrambled eggs', 0),
	(632, 111, 462, 'no eggs', 0),
	(633, 111, 179, 'cheddar cheese', 0),
	(634, 111, 238, 'monterey jack', 0),
	(635, 111, 90, 'no cheese', 0),
	(636, 112, 579, 'guacamole', 2.4),
	(637, 112, 580, 'fresh avocado', 2.4),
	(638, 112, 294, 'add extra spinach', 1.25),
	(639, 112, 496, 'bacon', 1),
	(640, 112, 497, 'turkey bacon', 1),
	(641, 112, 107, 'ham', 1),
	(642, 112, 106, 'sausage', 1),
	(643, 112, 506, 'extra egg', 1),
	(644, 112, 507, 'extra egg white', 1),
	(645, 112, 510, 'extra cheese', 1),
	(646, 113, 166, 'flour tortillas', 0),
	(647, 113, 487, 'wheat', 0),
	(648, 113, 488, 'white', 0),
	(649, 113, 502, 'jelly', 0),
	(650, 113, 72, 'chips', 0),
	(651, 113, 503, 'butter', 0),
	(652, 113, 71, 'corn tortillas', 0),
	(653, 114, 405, '14 inch big daddy with cheese', 8),
	(654, 114, 179, 'cheddar cheese', 0),
	(655, 114, 238, 'monterey jack', 0),
	(656, 114, 90, 'no cheese', 0),
	(657, 115, 156, 'pico de gallo', 0),
	(658, 115, 46, 'lettuce', 0),
	(659, 115, 121, 'jalapenos', 0),
	(660, 115, 437, 'fresh jalopenos', 0),
	(661, 115, 179, 'cheddar cheese', 0),
	(662, 115, 282, 'hot sauce', 0),
	(663, 115, 51, 'cilantro', 0),
	(664, 115, 53, 'onions', 0),
	(665, 115, 238, 'monterey jack', 0),
	(666, 115, 639, 'fresh tomatoes', 0),
	(667, 116, 76, 'plantain', 0),
	(668, 116, 75, 'home fries', 0),
	(669, 117, 123, 'jack', 0.8),
	(670, 117, 39, 'cheddar cheese', 0.8),
	(671, 117, 35, 'guacamole', 1.1),
	(672, 117, 37, 'spinach', 1.25),
	(673, 117, 157, 'mushrooms', 0.75),
	(674, 117, 38, 'extra salsa', 0.5),
	(675, 117, 296, 'add sliced avocado', 1.1),
	(676, 117, 456, 'bacon', 0.85),
	(677, 117, 457, 'turkey bacon', 0.85),
	(678, 118, 405, '14 inch big daddy with cheese', 8),
	(679, 118, 179, 'cheddar cheese', 0),
	(680, 118, 238, 'monterey jack', 0),
	(681, 118, 90, 'no cheese', 0),
	(682, 119, 156, 'pico de gallo', 0),
	(683, 119, 46, 'lettuce', 0),
	(684, 119, 121, 'jalapenos', 0),
	(685, 119, 437, 'fresh jalopenos', 0),
	(686, 119, 179, 'cheddar cheese', 0),
	(687, 119, 282, 'hot sauce', 0),
	(688, 119, 51, 'cilantro', 0),
	(689, 119, 53, 'onions', 0),
	(690, 119, 238, 'monterey jack', 0),
	(691, 119, 639, 'fresh tomatoes', 0),
	(692, 120, 75, 'home fries', 0),
	(693, 120, 76, 'plantain', 0),
	(694, 121, 37, 'spinach', 1.25),
	(695, 121, 506, 'extra egg', 1),
	(696, 121, 548, 'turkey bacon', 1.95),
	(697, 121, 438, 'monterey jack', 0.8),
	(698, 121, 608, 'extra pico de gallo', 0.75),
	(699, 121, 39, 'cheddar cheese', 0.8),
	(700, 121, 547, 'bacon', 1.95),
	(701, 121, 579, 'guacamole', 2.4),
	(702, 121, 580, 'fresh avocado', 2.4),
	(703, 121, 545, 'extra nacho cheese sauce', 1.95),
	(704, 121, 292, 'add extra sour cream', 0.8),
	(705, 121, 581, 'mushrooms', 1),
	(706, 122, 405, '14 inch big daddy with cheese', 8),
	(707, 122, 179, 'cheddar cheese', 0),
	(708, 122, 238, 'monterey jack', 0),
	(709, 122, 90, 'no cheese', 0),
	(710, 123, 156, 'pico de gallo', 0),
	(711, 123, 46, 'lettuce', 0),
	(712, 123, 121, 'jalapenos', 0),
	(713, 123, 437, 'fresh jalopenos', 0),
	(714, 123, 179, 'cheddar cheese', 0),
	(715, 123, 282, 'hot sauce', 0),
	(716, 123, 51, 'cilantro', 0),
	(717, 123, 53, 'onions', 0),
	(718, 123, 238, 'monterey jack', 0),
	(719, 123, 639, 'fresh tomatoes', 0),
	(720, 124, 75, 'home fries', 0),
	(721, 124, 76, 'plantain', 0),
	(722, 125, 37, 'spinach', 1.25),
	(723, 125, 506, 'extra egg', 1),
	(724, 125, 548, 'turkey bacon', 1.95),
	(725, 125, 438, 'monterey jack', 0.8),
	(726, 125, 608, 'extra pico de gallo', 0.75),
	(727, 125, 39, 'cheddar cheese', 0.8),
	(728, 125, 547, 'bacon', 1.95),
	(729, 125, 579, 'guacamole', 2.4),
	(730, 125, 580, 'fresh avocado', 2.4),
	(731, 125, 545, 'extra nacho cheese sauce', 1.95),
	(732, 125, 292, 'add extra sour cream', 0.8),
	(733, 125, 581, 'mushrooms', 1),
	(734, 126, 405, '14 inch big daddy with cheese', 8),
	(735, 126, 179, 'cheddar cheese', 0),
	(736, 126, 238, 'monterey jack', 0),
	(737, 126, 90, 'no cheese', 0),
	(738, 127, 75, 'home fries', 0),
	(739, 127, 76, 'plantain', 0),
	(740, 128, 156, 'pico de gallo', 0),
	(741, 128, 46, 'lettuce', 0),
	(742, 128, 121, 'jalapenos', 0),
	(743, 128, 437, 'fresh jalopenos', 0),
	(744, 128, 179, 'cheddar cheese', 0),
	(745, 128, 282, 'hot sauce', 0),
	(746, 128, 51, 'cilantro', 0),
	(747, 128, 53, 'onions', 0),
	(748, 128, 238, 'monterey jack', 0),
	(749, 128, 639, 'fresh tomatoes', 0),
	(750, 129, 37, 'spinach', 1.25),
	(751, 129, 506, 'extra egg', 1),
	(752, 129, 548, 'turkey bacon', 1.95),
	(753, 129, 438, 'monterey jack', 0.8),
	(754, 129, 608, 'extra pico de gallo', 0.75),
	(755, 129, 39, 'cheddar cheese', 0.8),
	(756, 129, 547, 'bacon', 1.95),
	(757, 129, 579, 'guacamole', 2.4),
	(758, 129, 580, 'fresh avocado', 2.4),
	(759, 129, 545, 'extra nacho cheese sauce', 1.95),
	(760, 129, 292, 'add extra sour cream', 0.8),
	(761, 129, 581, 'mushrooms', 1),
	(762, 130, 405, '14 inch big daddy with cheese', 8),
	(763, 130, 179, 'cheddar cheese', 0),
	(764, 130, 238, 'monterey jack', 0),
	(765, 130, 90, 'no cheese', 0),
	(766, 131, 156, 'pico de gallo', 0),
	(767, 131, 46, 'lettuce', 0),
	(768, 131, 121, 'jalapenos', 0),
	(769, 131, 437, 'fresh jalopenos', 0),
	(770, 131, 179, 'cheddar cheese', 0),
	(771, 131, 282, 'hot sauce', 0),
	(772, 131, 51, 'cilantro', 0),
	(773, 131, 53, 'onions', 0),
	(774, 131, 238, 'monterey jack', 0),
	(775, 131, 639, 'fresh tomatoes', 0),
	(776, 132, 75, 'home fries', 0),
	(777, 132, 76, 'plantain', 0),
	(778, 133, 238, 'monterey jack', 0),
	(779, 133, 437, 'fresh jalopenos', 0),
	(780, 133, 53, 'onions', 0),
	(781, 133, 90, 'no cheese', 0),
	(782, 133, 47, 'plain tomatoes', 0),
	(783, 133, 121, 'jalapenos', 0),
	(784, 133, 51, 'cilantro', 0),
	(785, 133, 156, 'pico de gallo', 0),
	(786, 133, 179, 'cheddar cheese', 0),
	(787, 133, 98, 'green peppers', 0),
	(788, 133, 116, 'spinach', 0),
	(789, 133, 280, 'mushrooms', 0),
	(790, 134, 157, 'mushrooms', 0.75),
	(791, 134, 438, 'monterey jack', 0.8),
	(792, 134, 457, 'turkey bacon', 0.85),
	(793, 134, 456, 'bacon', 0.85),
	(794, 134, 39, 'cheddar cheese', 0.8),
	(795, 135, 405, '14 inch big daddy with cheese', 8),
	(796, 135, 179, 'cheddar cheese', 0),
	(797, 135, 238, 'monterey jack', 0),
	(798, 135, 90, 'no cheese', 0),
	(799, 136, 156, 'pico de gallo', 0),
	(800, 136, 46, 'lettuce', 0),
	(801, 136, 121, 'jalapenos', 0),
	(802, 136, 437, 'fresh jalopenos', 0),
	(803, 136, 179, 'cheddar cheese', 0),
	(804, 136, 282, 'hot sauce', 0),
	(805, 136, 51, 'cilantro', 0),
	(806, 136, 53, 'onions', 0),
	(807, 136, 238, 'monterey jack', 0),
	(808, 136, 639, 'fresh tomatoes', 0),
	(809, 137, 75, 'home fries', 0),
	(810, 137, 76, 'plantain', 0),
	(811, 138, 37, 'spinach', 1.25),
	(812, 138, 506, 'extra egg', 1),
	(813, 138, 548, 'turkey bacon', 1.95),
	(814, 138, 438, 'monterey jack', 0.8),
	(815, 138, 608, 'extra pico de gallo', 0.75),
	(816, 138, 39, 'cheddar cheese', 0.8),
	(817, 138, 547, 'bacon', 1.95),
	(818, 138, 579, 'guacamole', 2.4),
	(819, 138, 580, 'fresh avocado', 2.4),
	(820, 138, 545, 'extra nacho cheese sauce', 1.95),
	(821, 138, 292, 'add extra sour cream', 0.8),
	(822, 138, 581, 'mushrooms', 1),
	(823, 139, 121, 'jalapenos', 0),
	(824, 139, 179, 'cheddar cheese', 0),
	(825, 139, 53, 'onions', 0),
	(826, 139, 90, 'no cheese', 0),
	(827, 139, 437, 'fresh jalopenos', 0),
	(828, 139, 47, 'plain tomatoes', 0),
	(829, 139, 238, 'monterey jack', 0),
	(830, 139, 181, 'no green peppers', 0),
	(831, 139, 98, 'green peppers', 0),
	(832, 139, 59, 'sour cream', 0),
	(833, 139, 28, 'no salsa', 0),
	(834, 140, 591, 'barbacoa', 8.9),
	(835, 140, 592, 'a la pastor', 8.9),
	(836, 140, 570, 'grilled chicken', 7.9),
	(837, 140, 589, 'chorizo', 8.9),
	(838, 140, 597, 'ground beef', 7.9),
	(839, 140, 554, 'salmon', 14.75),
	(840, 140, 558, 'shrimp', 14.75),
	(841, 140, 588, 'carnitas', 7.9),
	(842, 140, 594, 'grilled steak', 8.9),
	(843, 140, 596, 'tilapia', 12.75),
	(844, 141, 29, 'no beans', 0),
	(845, 141, 159, 'black beans', 0),
	(846, 141, 160, 'pinto beans', 0),
	(847, 141, 161, 'refried beans', 0),
	(848, 142, 41, 'mexican rice', 0),
	(849, 142, 42, 'brown rice', 0),
	(850, 142, 354, 'add corn salsa', 0.25),
	(851, 142, 441, 'white rice', 0),
	(852, 142, 45, 'no rice', 0),
	(853, 142, 289, 'add extra brown rice', 0.5),
	(854, 143, 437, 'fresh jalopenos', 0),
	(855, 143, 238, 'monterey jack', 0),
	(856, 143, 51, 'cilantro', 0),
	(857, 143, 28, 'no salsa', 0),
	(858, 143, 179, 'cheddar cheese', 0),
	(859, 143, 47, 'plain tomatoes', 0),
	(860, 143, 282, 'hot sauce', 0),
	(861, 143, 121, 'jalapenos', 0),
	(862, 143, 46, 'lettuce', 0),
	(863, 144, 90, 'no cheese', 0),
	(864, 144, 28, 'no salsa', 0),
	(865, 144, 437, 'fresh jalopenos', 0),
	(866, 144, 639, 'fresh tomatoes', 0),
	(867, 144, 98, 'green peppers', 0),
	(868, 144, 53, 'onions', 0),
	(869, 144, 179, 'cheddar cheese', 0),
	(870, 144, 238, 'monterey jack', 0),
	(871, 144, 59, 'sour cream', 0),
	(872, 144, 282, 'hot sauce', 0),
	(873, 144, 149, 'salsa verde', 0),
	(874, 144, 49, 'corn salsa', 0),
	(875, 144, 46, 'lettuce', 0),
	(876, 145, 548, 'turkey bacon', 1.95),
	(877, 145, 581, 'mushrooms', 1),
	(878, 145, 579, 'guacamole', 2.4),
	(879, 145, 547, 'bacon', 1.95),
	(880, 145, 438, 'monterey jack', 0.8),
	(881, 145, 39, 'cheddar cheese', 0.8),
	(882, 145, 34, 'sour cream', 0.8),
	(883, 145, 580, 'fresh avocado', 2.4),
	(884, 145, 37, 'spinach', 1.25),
	(885, 145, 545, 'extra nacho cheese sauce', 1.95),
	(886, 146, 591, 'barbacoa', 8.9),
	(887, 146, 592, 'a la pastor', 8.9),
	(888, 146, 570, 'grilled chicken', 7.9),
	(889, 146, 589, 'chorizo', 8.9),
	(890, 146, 597, 'ground beef', 7.9),
	(891, 146, 554, 'salmon', 14.75),
	(892, 146, 558, 'shrimp', 14.75),
	(893, 146, 588, 'carnitas', 7.9),
	(894, 146, 594, 'grilled steak', 8.9),
	(895, 146, 596, 'tilapia', 12.75),
	(896, 147, 29, 'no beans', 0),
	(897, 147, 159, 'black beans', 0),
	(898, 147, 160, 'pinto beans', 0),
	(899, 147, 161, 'refried beans', 0),
	(900, 148, 41, 'mexican rice', 0),
	(901, 148, 42, 'brown rice', 0),
	(902, 148, 354, 'add corn salsa', 0.25),
	(903, 148, 441, 'white rice', 0),
	(904, 148, 45, 'no rice', 0),
	(905, 148, 289, 'add extra brown rice', 0.5),
	(906, 149, 437, 'fresh jalopenos', 0),
	(907, 149, 238, 'monterey jack', 0),
	(908, 149, 51, 'cilantro', 0),
	(909, 149, 28, 'no salsa', 0),
	(910, 149, 179, 'cheddar cheese', 0),
	(911, 149, 47, 'plain tomatoes', 0),
	(912, 149, 282, 'hot sauce', 0),
	(913, 149, 121, 'jalapenos', 0),
	(914, 149, 46, 'lettuce', 0),
	(915, 150, 90, 'no cheese', 0),
	(916, 150, 28, 'no salsa', 0),
	(917, 150, 437, 'fresh jalopenos', 0),
	(918, 150, 639, 'fresh tomatoes', 0),
	(919, 150, 98, 'green peppers', 0),
	(920, 150, 53, 'onions', 0),
	(921, 150, 179, 'cheddar cheese', 0),
	(922, 150, 238, 'monterey jack', 0),
	(923, 150, 59, 'sour cream', 0),
	(924, 150, 282, 'hot sauce', 0),
	(925, 150, 149, 'salsa verde', 0),
	(926, 150, 49, 'corn salsa', 0),
	(927, 150, 46, 'lettuce', 0),
	(928, 151, 548, 'turkey bacon', 1.95),
	(929, 151, 581, 'mushrooms', 1),
	(930, 151, 579, 'guacamole', 2.4),
	(931, 151, 547, 'bacon', 1.95),
	(932, 151, 438, 'monterey jack', 0.8),
	(933, 151, 39, 'cheddar cheese', 0.8),
	(934, 151, 34, 'sour cream', 0.8),
	(935, 151, 580, 'fresh avocado', 2.4),
	(936, 151, 37, 'spinach', 1.25),
	(937, 151, 545, 'extra nacho cheese sauce', 1.95),
	(938, 152, 623, 'salmon', 16),
	(939, 152, 621, 'veggie', 12.75),
	(940, 152, 622, 'tilapia', 15),
	(941, 152, 626, 'ground beef', 14.5),
	(942, 152, 625, 'carnitas', 14.5),
	(943, 152, 628, 'grilled steak', 15),
	(944, 152, 624, 'grilled chicken', 14.5),
	(945, 152, 629, 'shredded chicken', 14.5),
	(946, 152, 627, 'shrimp', 16),
	(947, 153, 29, 'no beans', 0),
	(948, 153, 159, 'black beans', 0),
	(949, 153, 160, 'pinto beans', 0),
	(950, 153, 161, 'refried beans', 0),
	(951, 154, 41, 'mexican rice', 0),
	(952, 154, 42, 'brown rice', 0),
	(953, 154, 354, 'add corn salsa', 0.25),
	(954, 154, 441, 'white rice', 0),
	(955, 154, 45, 'no rice', 0),
	(956, 154, 289, 'add extra brown rice', 0.5),
	(957, 155, 548, 'turkey bacon', 1.95),
	(958, 155, 581, 'mushrooms', 1),
	(959, 155, 579, 'guacamole', 2.4),
	(960, 155, 547, 'bacon', 1.95),
	(961, 155, 438, 'monterey jack', 0.8),
	(962, 155, 39, 'cheddar cheese', 0.8),
	(963, 155, 34, 'sour cream', 0.8),
	(964, 155, 580, 'fresh avocado', 2.4),
	(965, 155, 37, 'spinach', 1.25),
	(966, 155, 545, 'extra nacho cheese sauce', 1.95),
	(967, 156, 437, 'fresh jalopenos', 0),
	(968, 156, 238, 'monterey jack', 0),
	(969, 156, 51, 'cilantro', 0),
	(970, 156, 28, 'no salsa', 0),
	(971, 156, 179, 'cheddar cheese', 0),
	(972, 156, 47, 'plain tomatoes', 0),
	(973, 156, 282, 'hot sauce', 0),
	(974, 156, 121, 'jalapenos', 0),
	(975, 156, 46, 'lettuce', 0),
	(976, 157, 171, 'guacamole', 0),
	(977, 157, 177, 'sliced avocado', 0),
	(978, 158, 541, 'tilapia fish fillet', 3),
	(979, 158, 168, 'grilled chicken', 0),
	(980, 158, 542, 'salmon fillet', 4),
	(981, 158, 543, 'shrimp', 5.05),
	(982, 158, 117, 'carnitas', 0),
	(983, 158, 520, 'grilled steak', 1),
	(984, 158, 23, 'veggie', 0),
	(985, 158, 536, 'a la pastor', 1),
	(986, 159, 171, 'guacamole', 0),
	(987, 159, 177, 'sliced avocado', 0),
	(988, 160, 548, 'turkey bacon', 1.95),
	(989, 160, 581, 'mushrooms', 1),
	(990, 160, 579, 'guacamole', 2.4),
	(991, 160, 547, 'bacon', 1.95),
	(992, 160, 438, 'monterey jack', 0.8),
	(993, 160, 39, 'cheddar cheese', 0.8),
	(994, 160, 34, 'sour cream', 0.8),
	(995, 160, 580, 'fresh avocado', 2.4),
	(996, 160, 37, 'spinach', 1.25),
	(997, 160, 545, 'extra nacho cheese sauce', 1.95),
	(998, 161, 577, 'tomato tortilla', 0.75),
	(999, 161, 316, 'regular tortilla', 0),
	(1000, 161, 486, 'in a bowl', 0),
	(1001, 161, 575, 'jalopeno tortilla', 0.75),
	(1002, 161, 576, 'whole wheat tortilla', 0.75),
	(1003, 161, 578, 'spinach tortilla', 0.75),
	(1004, 162, 51, 'cilantro', 0),
	(1005, 162, 53, 'onions', 0),
	(1006, 162, 46, 'lettuce', 0),
	(1007, 162, 90, 'no cheese', 0),
	(1008, 162, 437, 'fresh jalopenos', 0),
	(1009, 162, 47, 'plain tomatoes', 0),
	(1010, 162, 28, 'no salsa', 0),
	(1011, 162, 120, 'hot', 0),
	(1012, 162, 59, 'sour cream', 0),
	(1013, 163, 30, 'pinto', 0),
	(1014, 163, 31, 'black', 0),
	(1015, 163, 32, 'refried', 0),
	(1016, 163, 29, 'no beans', 0),
	(1017, 164, 45, 'no rice', 0),
	(1018, 164, 441, 'white rice', 0),
	(1019, 164, 41, 'mexican rice', 0),
	(1020, 164, 42, 'brown rice', 0),
	(1021, 165, 46, 'lettuce', 0),
	(1022, 165, 47, 'plain tomatoes', 0),
	(1023, 165, 116, 'spinach', 0),
	(1024, 165, 50, 'corn', 0),
	(1025, 165, 156, 'pico de gallo', 0),
	(1026, 165, 51, 'cilantro', 0),
	(1027, 165, 52, 'peppers', 0),
	(1028, 165, 53, 'onions', 0),
	(1029, 165, 56, 'olives', 0),
	(1030, 166, 171, 'guacamole', 0),
	(1031, 166, 643, 'fresh avocado', 0),
	(1032, 166, 96, 'no guacamole', 0),
	(1033, 167, 156, 'pico de gallo', 0),
	(1034, 167, 46, 'lettuce', 0),
	(1035, 167, 121, 'jalapenos', 0),
	(1036, 167, 437, 'fresh jalopenos', 0),
	(1037, 167, 179, 'cheddar cheese', 0),
	(1038, 167, 282, 'hot sauce', 0),
	(1039, 167, 51, 'cilantro', 0),
	(1040, 167, 53, 'onions', 0),
	(1041, 167, 238, 'monterey jack', 0),
	(1042, 167, 639, 'fresh tomatoes', 0),
	(1043, 168, 438, 'monterey jack', 0.8),
	(1044, 168, 34, 'sour cream', 0.8),
	(1045, 168, 37, 'spinach', 1.25),
	(1046, 168, 547, 'bacon', 1.95),
	(1047, 168, 39, 'cheddar cheese', 0.8),
	(1048, 168, 548, 'turkey bacon', 1.95),
	(1049, 168, 579, 'guacamole', 2.4),
	(1050, 168, 580, 'fresh avocado', 2.4),
	(1051, 168, 545, 'extra nacho cheese sauce', 1.95),
	(1052, 169, 571, '12 inch tortilla', 8),
	(1053, 169, 574, 'little brother', 6),
	(1054, 169, 573, '14 inch tortilla', 9),
	(1055, 170, 316, 'regular tortilla', 0),
	(1056, 170, 577, 'tomato tortilla', 0.75),
	(1057, 170, 576, 'whole wheat tortilla', 0.75),
	(1058, 170, 575, 'jalopeno tortilla', 0.75),
	(1059, 170, 578, 'spinach tortilla', 0.75),
	(1060, 171, 541, 'tilapia fish fillet', 3),
	(1061, 171, 559, 'lengua', 7),
	(1062, 171, 536, 'a la pastor', 1),
	(1063, 171, 535, 'barbacoa', 1),
	(1064, 171, 652, 'shrimp', 6),
	(1065, 171, 542, 'salmon fillet', 4),
	(1066, 171, 318, 'shredded chicken', 0),
	(1067, 171, 168, 'grilled chicken', 0),
	(1068, 171, 27, 'ground beef', 0),
	(1069, 171, 117, 'carnitas', 0),
	(1070, 171, 91, 'chorizo', 1),
	(1071, 171, 654, 'salmon fillet', 6),
	(1072, 171, 520, 'grilled steak', 1),
	(1073, 172, 29, 'no beans', 0),
	(1074, 172, 159, 'black beans', 0),
	(1075, 172, 160, 'pinto beans', 0),
	(1076, 172, 161, 'refried beans', 0),
	(1077, 173, 41, 'mexican rice', 0),
	(1078, 173, 42, 'brown rice', 0),
	(1079, 173, 354, 'add corn salsa', 0.25),
	(1080, 173, 441, 'white rice', 0),
	(1081, 173, 45, 'no rice', 0),
	(1082, 173, 289, 'add extra brown rice', 0.5),
	(1083, 174, 90, 'no cheese', 0),
	(1084, 174, 28, 'no salsa', 0),
	(1085, 174, 437, 'fresh jalopenos', 0),
	(1086, 174, 639, 'fresh tomatoes', 0),
	(1087, 174, 98, 'green peppers', 0),
	(1088, 174, 53, 'onions', 0),
	(1089, 174, 179, 'cheddar cheese', 0),
	(1090, 174, 238, 'monterey jack', 0),
	(1091, 174, 59, 'sour cream', 0),
	(1092, 174, 282, 'hot sauce', 0),
	(1093, 174, 149, 'salsa verde', 0),
	(1094, 174, 49, 'corn salsa', 0),
	(1095, 174, 46, 'lettuce', 0),
	(1096, 175, 548, 'turkey bacon', 1.95),
	(1097, 175, 581, 'mushrooms', 1),
	(1098, 175, 579, 'guacamole', 2.4),
	(1099, 175, 547, 'bacon', 1.95),
	(1100, 175, 438, 'monterey jack', 0.8),
	(1101, 175, 39, 'cheddar cheese', 0.8),
	(1102, 175, 34, 'sour cream', 0.8),
	(1103, 175, 580, 'fresh avocado', 2.4),
	(1104, 175, 37, 'spinach', 1.25),
	(1105, 175, 545, 'extra nacho cheese sauce', 1.95),
	(1106, 176, 582, '12 inch tortilla', 10),
	(1107, 176, 584, 'little brother', 7.99),
	(1108, 176, 583, '14 inch tortilla', 11.75),
	(1109, 177, 316, 'regular tortilla', 0),
	(1110, 177, 577, 'tomato tortilla', 0.75),
	(1111, 177, 576, 'whole wheat tortilla', 0.75),
	(1112, 177, 575, 'jalopeno tortilla', 0.75),
	(1113, 177, 578, 'spinach tortilla', 0.75),
	(1114, 178, 541, 'tilapia fish fillet', 3),
	(1115, 178, 559, 'lengua', 7),
	(1116, 178, 536, 'a la pastor', 1),
	(1117, 178, 535, 'barbacoa', 1),
	(1118, 178, 652, 'shrimp', 6),
	(1119, 178, 542, 'salmon fillet', 4),
	(1120, 178, 318, 'shredded chicken', 0),
	(1121, 178, 168, 'grilled chicken', 0),
	(1122, 178, 27, 'ground beef', 0),
	(1123, 178, 117, 'carnitas', 0),
	(1124, 178, 91, 'chorizo', 1),
	(1125, 178, 654, 'salmon fillet', 6),
	(1126, 178, 520, 'grilled steak', 1),
	(1127, 179, 29, 'no beans', 0),
	(1128, 179, 159, 'black beans', 0),
	(1129, 179, 160, 'pinto beans', 0),
	(1130, 179, 161, 'refried beans', 0),
	(1131, 180, 41, 'mexican rice', 0),
	(1132, 180, 42, 'brown rice', 0),
	(1133, 180, 354, 'add corn salsa', 0.25),
	(1134, 180, 441, 'white rice', 0),
	(1135, 180, 45, 'no rice', 0),
	(1136, 180, 289, 'add extra brown rice', 0.5),
	(1137, 181, 437, 'fresh jalopenos', 0),
	(1138, 181, 238, 'monterey jack', 0),
	(1139, 181, 51, 'cilantro', 0),
	(1140, 181, 28, 'no salsa', 0),
	(1141, 181, 179, 'cheddar cheese', 0),
	(1142, 181, 47, 'plain tomatoes', 0),
	(1143, 181, 282, 'hot sauce', 0),
	(1144, 181, 121, 'jalapenos', 0),
	(1145, 181, 46, 'lettuce', 0),
	(1146, 182, 548, 'turkey bacon', 1.95),
	(1147, 182, 581, 'mushrooms', 1),
	(1148, 182, 579, 'guacamole', 2.4),
	(1149, 182, 547, 'bacon', 1.95),
	(1150, 182, 438, 'monterey jack', 0.8),
	(1151, 182, 39, 'cheddar cheese', 0.8),
	(1152, 182, 34, 'sour cream', 0.8),
	(1153, 182, 580, 'fresh avocado', 2.4),
	(1154, 182, 37, 'spinach', 1.25),
	(1155, 182, 545, 'extra nacho cheese sauce', 1.95),
	(1156, 183, 324, 'cut the burrito in 1/2', 0),
	(1157, 184, 573, '14 inch tortilla', 9),
	(1158, 184, 586, '8 inch tortilla', 6),
	(1159, 184, 571, '12 inch tortilla', 8),
	(1160, 185, 316, 'regular tortilla', 0),
	(1161, 185, 577, 'tomato tortilla', 0.75),
	(1162, 185, 576, 'whole wheat tortilla', 0.75),
	(1163, 185, 575, 'jalopeno tortilla', 0.75),
	(1164, 185, 578, 'spinach tortilla', 0.75),
	(1165, 186, 98, 'green peppers', 0),
	(1166, 186, 53, 'onions', 0),
	(1167, 186, 46, 'lettuce', 0),
	(1168, 186, 333, 'black olives', 0),
	(1169, 186, 99, 'tomatoes', 0),
	(1170, 186, 121, 'jalapenos', 0),
	(1171, 186, 51, 'cilantro', 0),
	(1172, 186, 116, 'spinach', 0),
	(1173, 186, 50, 'corn', 0),
	(1174, 186, 156, 'pico de gallo', 0),
	(1175, 187, 29, 'no beans', 0),
	(1176, 187, 159, 'black beans', 0),
	(1177, 187, 160, 'pinto beans', 0),
	(1178, 187, 161, 'refried beans', 0),
	(1179, 188, 41, 'mexican rice', 0),
	(1180, 188, 42, 'brown rice', 0),
	(1181, 188, 354, 'add corn salsa', 0.25),
	(1182, 188, 441, 'white rice', 0),
	(1183, 188, 45, 'no rice', 0),
	(1184, 188, 289, 'add extra brown rice', 0.5),
	(1185, 189, 90, 'no cheese', 0),
	(1186, 189, 28, 'no salsa', 0),
	(1187, 189, 437, 'fresh jalopenos', 0),
	(1188, 189, 639, 'fresh tomatoes', 0),
	(1189, 189, 98, 'green peppers', 0),
	(1190, 189, 53, 'onions', 0),
	(1191, 189, 179, 'cheddar cheese', 0),
	(1192, 189, 238, 'monterey jack', 0),
	(1193, 189, 59, 'sour cream', 0),
	(1194, 189, 282, 'hot sauce', 0),
	(1195, 189, 149, 'salsa verde', 0),
	(1196, 189, 49, 'corn salsa', 0),
	(1197, 189, 46, 'lettuce', 0),
	(1198, 190, 548, 'turkey bacon', 1.95),
	(1199, 190, 581, 'mushrooms', 1),
	(1200, 190, 579, 'guacamole', 2.4),
	(1201, 190, 547, 'bacon', 1.95),
	(1202, 190, 438, 'monterey jack', 0.8),
	(1203, 190, 39, 'cheddar cheese', 0.8),
	(1204, 190, 34, 'sour cream', 0.8),
	(1205, 190, 580, 'fresh avocado', 2.4),
	(1206, 190, 37, 'spinach', 1.25),
	(1207, 190, 545, 'extra nacho cheese sauce', 1.95),
	(1208, 191, 324, 'cut the burrito in 1/2', 0),
	(1209, 192, 0, 'guacamole', 0),
	(1210, 192, 0, 'sliced avocado', 0),
	(1211, 193, 316, 'regular tortilla', 0),
	(1212, 193, 577, 'tomato tortilla', 0.75),
	(1213, 193, 576, 'whole wheat tortilla', 0.75),
	(1214, 193, 575, 'jalopeno tortilla', 0.75),
	(1215, 193, 578, 'spinach tortilla', 0.75),
	(1216, 194, 117, 'carnitas', 0),
	(1217, 194, 564, 'salmon', 4),
	(1218, 194, 536, 'a la pastor', 1),
	(1219, 194, 168, 'grilled chicken', 0),
	(1220, 194, 27, 'ground beef', 0),
	(1221, 194, 520, 'grilled steak', 1),
	(1222, 194, 535, 'barbacoa', 1),
	(1223, 194, 245, 'add chorizo', 1),
	(1224, 194, 521, 'tilapia', 2),
	(1225, 194, 485, 'shrimp', 4),
	(1226, 195, 437, 'fresh jalopenos', 0),
	(1227, 195, 238, 'monterey jack', 0),
	(1228, 195, 51, 'cilantro', 0),
	(1229, 195, 28, 'no salsa', 0),
	(1230, 195, 179, 'cheddar cheese', 0),
	(1231, 195, 47, 'plain tomatoes', 0),
	(1232, 195, 282, 'hot sauce', 0),
	(1233, 195, 121, 'jalapenos', 0),
	(1234, 195, 46, 'lettuce', 0),
	(1235, 196, 438, 'monterey jack', 0.8),
	(1236, 196, 34, 'sour cream', 0.8),
	(1237, 196, 37, 'spinach', 1.25),
	(1238, 196, 547, 'bacon', 1.95),
	(1239, 196, 39, 'cheddar cheese', 0.8),
	(1240, 196, 548, 'turkey bacon', 1.95),
	(1241, 196, 579, 'guacamole', 2.4),
	(1242, 196, 580, 'fresh avocado', 2.4),
	(1243, 196, 545, 'extra nacho cheese sauce', 1.95),
	(1244, 197, 338, 'hard taco', 0),
	(1245, 197, 339, 'soft flour taco', 0),
	(1246, 197, 340, 'corn tortilla', 0),
	(1247, 198, 614, 'pollo asada', 2.9),
	(1248, 198, 618, 'barbacoa', 3.25),
	(1249, 198, 612, 'shrimp', 3.75),
	(1250, 198, 610, 'chorizo', 3.25),
	(1251, 198, 609, 'carne asada', 3.25),
	(1252, 198, 515, 'lengua', 4),
	(1253, 198, 619, 'tilapia', 3.25),
	(1254, 198, 616, 'ground beef', 2.9),
	(1255, 198, 617, 'schredded chicken', 2.9),
	(1256, 198, 615, 'carnitas', 2.9),
	(1257, 199, 179, 'cheddar cheese', 0),
	(1258, 199, 238, 'monterey jack', 0),
	(1259, 200, 548, 'turkey bacon', 1.95),
	(1260, 200, 581, 'mushrooms', 1),
	(1261, 200, 579, 'guacamole', 2.4),
	(1262, 200, 547, 'bacon', 1.95),
	(1263, 200, 438, 'monterey jack', 0.8),
	(1264, 200, 39, 'cheddar cheese', 0.8),
	(1265, 200, 34, 'sour cream', 0.8),
	(1266, 200, 580, 'fresh avocado', 2.4),
	(1267, 200, 37, 'spinach', 1.25),
	(1268, 200, 545, 'extra nacho cheese sauce', 1.95),
	(1269, 201, 162, 'black beans', 0.5),
	(1270, 201, 163, 'pinto beans', 0.5),
	(1271, 201, 212, 'refried beans', 0.5),
	(1272, 201, 73, 'none', 0),
	(1273, 202, 437, 'fresh jalopenos', 0),
	(1274, 202, 238, 'monterey jack', 0),
	(1275, 202, 51, 'cilantro', 0),
	(1276, 202, 28, 'no salsa', 0),
	(1277, 202, 179, 'cheddar cheese', 0),
	(1278, 202, 47, 'plain tomatoes', 0),
	(1279, 202, 282, 'hot sauce', 0),
	(1280, 202, 121, 'jalapenos', 0),
	(1281, 202, 46, 'lettuce', 0),
	(1282, 203, 338, 'hard taco', 0),
	(1283, 203, 339, 'soft flour taco', 0),
	(1284, 203, 340, 'corn tortilla', 0),
	(1285, 204, 405, '14 inch big daddy with cheese', 8),
	(1286, 204, 179, 'cheddar cheese', 0),
	(1287, 204, 238, 'monterey jack', 0),
	(1288, 204, 90, 'no cheese', 0),
	(1289, 205, 29, 'no beans', 0),
	(1290, 205, 159, 'black beans', 0),
	(1291, 205, 160, 'pinto beans', 0),
	(1292, 205, 161, 'refried beans', 0),
	(1293, 206, 548, 'turkey bacon', 1.95),
	(1294, 206, 581, 'mushrooms', 1),
	(1295, 206, 579, 'guacamole', 2.4),
	(1296, 206, 547, 'bacon', 1.95),
	(1297, 206, 438, 'monterey jack', 0.8),
	(1298, 206, 39, 'cheddar cheese', 0.8),
	(1299, 206, 34, 'sour cream', 0.8),
	(1300, 206, 580, 'fresh avocado', 2.4),
	(1301, 206, 37, 'spinach', 1.25),
	(1302, 206, 545, 'extra nacho cheese sauce', 1.95),
	(1303, 207, 0, 'lettuce', 0),
	(1304, 207, 0, 'jalapenos', 0),
	(1305, 207, 47, 'plain tomatoes', 0),
	(1306, 207, 51, 'cilantro', 0),
	(1307, 207, 59, 'sour cream', 0),
	(1308, 207, 437, 'fresh jalopenos', 0),
	(1309, 208, 338, 'hard taco', 0),
	(1310, 208, 339, 'soft flour taco', 0),
	(1311, 208, 340, 'corn tortilla', 0),
	(1312, 209, 407, 'barbacoa', 0),
	(1313, 209, 409, 'a la pastor', 0),
	(1314, 209, 160, 'pinto beans', 0),
	(1315, 209, 159, 'black beans', 0),
	(1316, 209, 32, 'refried', 0),
	(1317, 209, 27, 'ground beef', 0),
	(1318, 209, 117, 'carnitas', 0),
	(1319, 209, 428, 'schredded chicken', 0),
	(1320, 209, 174, 'pollo asada', 0),
	(1321, 209, 173, 'carne asada', 0),
	(1322, 209, 652, 'shrimp', 6),
	(1323, 209, 541, 'tilapia fish fillet', 3),
	(1324, 209, 559, 'lengua', 7),
	(1325, 209, 654, 'salmon fillet', 6),
	(1326, 210, 171, 'guacamole', 0),
	(1327, 210, 643, 'fresh avocado', 0),
	(1328, 210, 96, 'no guacamole', 0),
	(1329, 211, 51, 'cilantro', 0),
	(1330, 211, 53, 'onions', 0),
	(1331, 211, 437, 'fresh jalopenos', 0),
	(1332, 211, 46, 'lettuce', 0),
	(1333, 211, 120, 'hot', 0),
	(1334, 211, 121, 'jalapenos', 0),
	(1335, 211, 156, 'pico de gallo', 0),
	(1336, 211, 412, 'monterey jack cheese', 0),
	(1337, 211, 198, 'no tomatoes', 0),
	(1338, 211, 179, 'cheddar cheese', 0),
	(1339, 212, 438, 'monterey jack', 0.8),
	(1340, 212, 34, 'sour cream', 0.8),
	(1341, 212, 37, 'spinach', 1.25),
	(1342, 212, 38, 'extra salsa', 0.5),
	(1343, 212, 39, 'cheddar cheese', 0.8),
	(1344, 212, 608, 'extra pico de gallo', 0.75),
	(1345, 212, 580, 'fresh avocado', 2.4),
	(1346, 212, 579, 'guacamole', 2.4),
	(1347, 213, 29, 'no beans', 0),
	(1348, 213, 159, 'black beans', 0),
	(1349, 213, 160, 'pinto beans', 0),
	(1350, 213, 161, 'refried beans', 0),
	(1351, 214, 71, 'corn tortillas', 0),
	(1352, 214, 338, 'hard taco', 0),
	(1353, 214, 166, 'flour tortillas', 0),
	(1354, 215, 156, 'pico de gallo', 0),
	(1355, 215, 46, 'lettuce', 0),
	(1356, 215, 121, 'jalapenos', 0),
	(1357, 215, 437, 'fresh jalopenos', 0),
	(1358, 215, 179, 'cheddar cheese', 0),
	(1359, 215, 282, 'hot sauce', 0),
	(1360, 215, 51, 'cilantro', 0),
	(1361, 215, 53, 'onions', 0),
	(1362, 215, 238, 'monterey jack', 0),
	(1363, 215, 639, 'fresh tomatoes', 0),
	(1364, 216, 30, 'pinto', 0),
	(1365, 216, 31, 'black', 0),
	(1366, 216, 32, 'refried', 0),
	(1367, 216, 29, 'no beans', 0),
	(1368, 217, 438, 'monterey jack', 0.8),
	(1369, 217, 34, 'sour cream', 0.8),
	(1370, 217, 37, 'spinach', 1.25),
	(1371, 217, 547, 'bacon', 1.95),
	(1372, 217, 39, 'cheddar cheese', 0.8),
	(1373, 217, 548, 'turkey bacon', 1.95),
	(1374, 217, 579, 'guacamole', 2.4),
	(1375, 217, 580, 'fresh avocado', 2.4),
	(1376, 217, 545, 'extra nacho cheese sauce', 1.95),
	(1377, 218, 316, 'regular tortilla', 0),
	(1378, 218, 577, 'tomato tortilla', 0.75),
	(1379, 218, 576, 'whole wheat tortilla', 0.75),
	(1380, 218, 575, 'jalopeno tortilla', 0.75),
	(1381, 218, 578, 'spinach tortilla', 0.75),
	(1382, 219, 548, 'turkey bacon', 1.95),
	(1383, 219, 581, 'mushrooms', 1),
	(1384, 219, 579, 'guacamole', 2.4),
	(1385, 219, 547, 'bacon', 1.95),
	(1386, 219, 438, 'monterey jack', 0.8),
	(1387, 219, 39, 'cheddar cheese', 0.8),
	(1388, 219, 34, 'sour cream', 0.8),
	(1389, 219, 580, 'fresh avocado', 2.4),
	(1390, 219, 37, 'spinach', 1.25),
	(1391, 219, 545, 'extra nacho cheese sauce', 1.95),
	(1392, 220, 437, 'fresh jalopenos', 0),
	(1393, 220, 238, 'monterey jack', 0),
	(1394, 220, 51, 'cilantro', 0),
	(1395, 220, 28, 'no salsa', 0),
	(1396, 220, 179, 'cheddar cheese', 0),
	(1397, 220, 47, 'plain tomatoes', 0),
	(1398, 220, 282, 'hot sauce', 0),
	(1399, 220, 121, 'jalapenos', 0),
	(1400, 220, 46, 'lettuce', 0),
	(1401, 221, 316, 'regular tortilla', 0),
	(1402, 221, 577, 'tomato tortilla', 0.75),
	(1403, 221, 576, 'whole wheat tortilla', 0.75),
	(1404, 221, 575, 'jalopeno tortilla', 0.75),
	(1405, 221, 578, 'spinach tortilla', 0.75),
	(1406, 222, 548, 'turkey bacon', 1.95),
	(1407, 222, 581, 'mushrooms', 1),
	(1408, 222, 579, 'guacamole', 2.4),
	(1409, 222, 547, 'bacon', 1.95),
	(1410, 222, 438, 'monterey jack', 0.8),
	(1411, 222, 39, 'cheddar cheese', 0.8),
	(1412, 222, 34, 'sour cream', 0.8),
	(1413, 222, 580, 'fresh avocado', 2.4),
	(1414, 222, 37, 'spinach', 1.25),
	(1415, 222, 545, 'extra nacho cheese sauce', 1.95),
	(1416, 223, 437, 'fresh jalopenos', 0),
	(1417, 223, 238, 'monterey jack', 0),
	(1418, 223, 51, 'cilantro', 0),
	(1419, 223, 28, 'no salsa', 0),
	(1420, 223, 179, 'cheddar cheese', 0),
	(1421, 223, 47, 'plain tomatoes', 0),
	(1422, 223, 282, 'hot sauce', 0),
	(1423, 223, 121, 'jalapenos', 0),
	(1424, 223, 46, 'lettuce', 0),
	(1425, 224, 548, 'turkey bacon', 1.95),
	(1426, 224, 581, 'mushrooms', 1),
	(1427, 224, 579, 'guacamole', 2.4),
	(1428, 224, 547, 'bacon', 1.95),
	(1429, 224, 438, 'monterey jack', 0.8),
	(1430, 224, 39, 'cheddar cheese', 0.8),
	(1431, 224, 34, 'sour cream', 0.8),
	(1432, 224, 580, 'fresh avocado', 2.4),
	(1433, 224, 37, 'spinach', 1.25),
	(1434, 224, 545, 'extra nacho cheese sauce', 1.95),
	(1435, 225, 437, 'fresh jalopenos', 0),
	(1436, 225, 238, 'monterey jack', 0),
	(1437, 225, 51, 'cilantro', 0),
	(1438, 225, 28, 'no salsa', 0),
	(1439, 225, 179, 'cheddar cheese', 0),
	(1440, 225, 47, 'plain tomatoes', 0),
	(1441, 225, 282, 'hot sauce', 0),
	(1442, 225, 121, 'jalapenos', 0),
	(1443, 225, 46, 'lettuce', 0),
	(1444, 226, 548, 'turkey bacon', 1.95),
	(1445, 226, 581, 'mushrooms', 1),
	(1446, 226, 579, 'guacamole', 2.4),
	(1447, 226, 547, 'bacon', 1.95),
	(1448, 226, 438, 'monterey jack', 0.8),
	(1449, 226, 39, 'cheddar cheese', 0.8),
	(1450, 226, 34, 'sour cream', 0.8),
	(1451, 226, 580, 'fresh avocado', 2.4),
	(1452, 226, 37, 'spinach', 1.25),
	(1453, 226, 545, 'extra nacho cheese sauce', 1.95),
	(1454, 227, 437, 'fresh jalopenos', 0),
	(1455, 227, 238, 'monterey jack', 0),
	(1456, 227, 51, 'cilantro', 0),
	(1457, 227, 28, 'no salsa', 0),
	(1458, 227, 179, 'cheddar cheese', 0),
	(1459, 227, 47, 'plain tomatoes', 0),
	(1460, 227, 282, 'hot sauce', 0),
	(1461, 227, 121, 'jalapenos', 0),
	(1462, 227, 46, 'lettuce', 0),
	(1463, 228, 316, 'regular tortilla', 0),
	(1464, 228, 577, 'tomato tortilla', 0.75),
	(1465, 228, 576, 'whole wheat tortilla', 0.75),
	(1466, 228, 575, 'jalopeno tortilla', 0.75),
	(1467, 228, 578, 'spinach tortilla', 0.75),
	(1468, 229, 520, 'grilled steak', 1),
	(1469, 229, 24, 'chicken', 0),
	(1470, 229, 458, 'turkey bacon', 0),
	(1471, 229, 117, 'carnitas', 0),
	(1472, 229, 27, 'ground beef', 0),
	(1473, 229, 652, 'shrimp', 6),
	(1474, 229, 653, 'mix chicken and shrimp', 6),
	(1475, 229, 536, 'a la pastor', 1),
	(1476, 230, 548, 'turkey bacon', 1.95),
	(1477, 230, 581, 'mushrooms', 1),
	(1478, 230, 579, 'guacamole', 2.4),
	(1479, 230, 547, 'bacon', 1.95),
	(1480, 230, 438, 'monterey jack', 0.8),
	(1481, 230, 39, 'cheddar cheese', 0.8),
	(1482, 230, 34, 'sour cream', 0.8),
	(1483, 230, 580, 'fresh avocado', 2.4),
	(1484, 230, 37, 'spinach', 1.25),
	(1485, 230, 545, 'extra nacho cheese sauce', 1.95),
	(1486, 231, 437, 'fresh jalopenos', 0),
	(1487, 231, 238, 'monterey jack', 0),
	(1488, 231, 51, 'cilantro', 0),
	(1489, 231, 28, 'no salsa', 0),
	(1490, 231, 179, 'cheddar cheese', 0),
	(1491, 231, 47, 'plain tomatoes', 0),
	(1492, 231, 282, 'hot sauce', 0),
	(1493, 231, 121, 'jalapenos', 0),
	(1494, 231, 46, 'lettuce', 0),
	(1495, 232, 541, 'tilapia fish fillet', 3),
	(1496, 232, 559, 'lengua', 7),
	(1497, 232, 536, 'a la pastor', 1),
	(1498, 232, 535, 'barbacoa', 1),
	(1499, 232, 652, 'shrimp', 6),
	(1500, 232, 542, 'salmon fillet', 4),
	(1501, 232, 318, 'shredded chicken', 0),
	(1502, 232, 168, 'grilled chicken', 0),
	(1503, 232, 27, 'ground beef', 0),
	(1504, 232, 117, 'carnitas', 0),
	(1505, 232, 91, 'chorizo', 1),
	(1506, 232, 654, 'salmon fillet', 6),
	(1507, 232, 520, 'grilled steak', 1),
	(1508, 233, 177, 'sliced avocado', 0),
	(1509, 233, 171, 'guacamole', 0),
	(1510, 234, 51, 'cilantro', 0),
	(1511, 234, 53, 'onions', 0),
	(1512, 234, 437, 'fresh jalopenos', 0),
	(1513, 234, 46, 'lettuce', 0),
	(1514, 234, 120, 'hot', 0),
	(1515, 234, 121, 'jalapenos', 0),
	(1516, 234, 156, 'pico de gallo', 0),
	(1517, 234, 412, 'monterey jack cheese', 0),
	(1518, 234, 198, 'no tomatoes', 0),
	(1519, 234, 179, 'cheddar cheese', 0),
	(1520, 235, 163, 'pinto beans', 0.5),
	(1521, 235, 212, 'refried beans', 0.5),
	(1522, 235, 162, 'black beans', 0.5),
	(1523, 235, 29, 'no beans', 0),
	(1524, 236, 51, 'cilantro', 0),
	(1525, 236, 53, 'onions', 0),
	(1526, 236, 46, 'lettuce', 0),
	(1527, 236, 90, 'no cheese', 0),
	(1528, 236, 437, 'fresh jalopenos', 0),
	(1529, 236, 47, 'plain tomatoes', 0),
	(1530, 236, 28, 'no salsa', 0),
	(1531, 236, 120, 'hot', 0),
	(1532, 236, 59, 'sour cream', 0),
	(1533, 237, 0, 'cheese', 0.8),
	(1534, 237, 579, 'guacamole', 2.4),
	(1535, 237, 580, 'fresh avocado', 2.4),
	(1536, 237, 516, 'extra meat', 4),
	(1537, 238, 641, 'cheese', 3.5),
	(1538, 238, 640, 'with carnitas', 3.5),
	(1539, 238, 642, 'bean and cheese', 3.5),
	(1540, 239, 383, 'bean and cheese', 0),
	(1541, 239, 60, 'cheese', 0),
	(1542, 239, 117, 'carnitas', 0),
	(1543, 240, 29, 'no beans', 0),
	(1544, 240, 159, 'black beans', 0),
	(1545, 240, 160, 'pinto beans', 0),
	(1546, 240, 161, 'refried beans', 0),
	(1547, 241, 41, 'mexican rice', 0),
	(1548, 241, 42, 'brown rice', 0),
	(1549, 241, 354, 'add corn salsa', 0.25),
	(1550, 241, 441, 'white rice', 0),
	(1551, 241, 45, 'no rice', 0),
	(1552, 241, 289, 'add extra brown rice', 0.5),
	(1553, 242, 71, 'corn tortillas', 0),
	(1554, 242, 269, 'corn chips', 0),
	(1555, 243, 437, 'fresh jalopenos', 0),
	(1556, 243, 238, 'monterey jack', 0),
	(1557, 243, 51, 'cilantro', 0),
	(1558, 243, 28, 'no salsa', 0),
	(1559, 243, 179, 'cheddar cheese', 0),
	(1560, 243, 47, 'plain tomatoes', 0),
	(1561, 243, 282, 'hot sauce', 0),
	(1562, 243, 121, 'jalapenos', 0),
	(1563, 243, 46, 'lettuce', 0),
	(1564, 244, 579, 'guacamole', 2.4),
	(1565, 244, 580, 'fresh avocado', 2.4),
	(1566, 244, 438, 'monterey jack', 0.8),
	(1567, 244, 632, 'extra home fries', 1.85),
	(1568, 244, 39, 'cheddar cheese', 0.8),
	(1569, 244, 608, 'extra pico de gallo', 0.75),
	(1570, 244, 34, 'sour cream', 0.8),
	(1571, 244, 631, 'extra plantain', 1.85),
	(1572, 244, 566, 'extra black beans', 1.85),
	(1573, 244, 506, 'extra egg', 1),
	(1574, 244, 37, 'spinach', 1.25),
	(1575, 244, 581, 'mushrooms', 1),
	(1576, 245, 407, 'barbacoa', 0),
	(1577, 245, 318, 'shredded chicken', 0),
	(1578, 245, 27, 'ground beef', 0),
	(1579, 245, 117, 'carnitas', 0),
	(1580, 245, 144, 'steak', 2.5),
	(1581, 245, 409, 'a la pastor', 0),
	(1582, 246, 29, 'no beans', 0),
	(1583, 246, 159, 'black beans', 0),
	(1584, 246, 160, 'pinto beans', 0),
	(1585, 246, 161, 'refried beans', 0),
	(1586, 247, 41, 'mexican rice', 0),
	(1587, 247, 42, 'brown rice', 0),
	(1588, 247, 354, 'add corn salsa', 0.25),
	(1589, 247, 441, 'white rice', 0),
	(1590, 247, 45, 'no rice', 0),
	(1591, 247, 289, 'add extra brown rice', 0.5),
	(1592, 248, 71, 'corn tortillas', 0),
	(1593, 248, 269, 'corn chips', 0),
	(1594, 249, 437, 'fresh jalopenos', 0),
	(1595, 249, 238, 'monterey jack', 0),
	(1596, 249, 51, 'cilantro', 0),
	(1597, 249, 28, 'no salsa', 0),
	(1598, 249, 179, 'cheddar cheese', 0),
	(1599, 249, 47, 'plain tomatoes', 0),
	(1600, 249, 282, 'hot sauce', 0),
	(1601, 249, 121, 'jalapenos', 0),
	(1602, 249, 46, 'lettuce', 0),
	(1603, 250, 580, 'fresh avocado', 2.4),
	(1604, 250, 0, 'cheese ', 0.8),
	(1605, 250, 0, 'sour cream', 0.8),
	(1606, 250, 655, 'corn', 1),
	(1607, 250, 0, 'spinach', 1.25),
	(1608, 250, 0, ' extra salsa', 0.5),
	(1609, 250, 0, 'cheddar cheese', 0.8),
	(1610, 250, 579, 'guacamole', 2.4),
	(1611, 251, 173, 'carne asada', 0),
	(1612, 251, 174, 'pollo asada', 0),
	(1613, 252, 29, 'no beans', 0),
	(1614, 252, 159, 'black beans', 0),
	(1615, 252, 160, 'pinto beans', 0),
	(1616, 252, 161, 'refried beans', 0),
	(1617, 253, 41, 'mexican rice', 0),
	(1618, 253, 42, 'brown rice', 0),
	(1619, 253, 354, 'add corn salsa', 0.25),
	(1620, 253, 441, 'white rice', 0),
	(1621, 253, 45, 'no rice', 0),
	(1622, 253, 289, 'add extra brown rice', 0.5),
	(1623, 254, 71, 'corn tortillas', 0),
	(1624, 254, 269, 'corn chips', 0),
	(1625, 255, 437, 'fresh jalopenos', 0),
	(1626, 255, 238, 'monterey jack', 0),
	(1627, 255, 51, 'cilantro', 0),
	(1628, 255, 28, 'no salsa', 0),
	(1629, 255, 179, 'cheddar cheese', 0),
	(1630, 255, 47, 'plain tomatoes', 0),
	(1631, 255, 282, 'hot sauce', 0),
	(1632, 255, 121, 'jalapenos', 0),
	(1633, 255, 46, 'lettuce', 0),
	(1634, 256, 580, 'fresh avocado', 2.4),
	(1635, 256, 0, 'cheese ', 0.8),
	(1636, 256, 0, 'sour cream', 0.8),
	(1637, 256, 655, 'corn', 1),
	(1638, 256, 0, 'spinach', 1.25),
	(1639, 256, 0, ' extra salsa', 0.5),
	(1640, 256, 0, 'cheddar cheese', 0.8),
	(1641, 256, 579, 'guacamole', 2.4),
	(1642, 257, 29, 'no beans', 0),
	(1643, 257, 159, 'black beans', 0),
	(1644, 257, 160, 'pinto beans', 0),
	(1645, 257, 161, 'refried beans', 0),
	(1646, 258, 41, 'mexican rice', 0),
	(1647, 258, 42, 'brown rice', 0),
	(1648, 258, 354, 'add corn salsa', 0.25),
	(1649, 258, 441, 'white rice', 0),
	(1650, 258, 45, 'no rice', 0),
	(1651, 258, 289, 'add extra brown rice', 0.5),
	(1652, 259, 71, 'corn tortillas', 0),
	(1653, 259, 269, 'corn chips', 0),
	(1654, 260, 542, 'salmon fillet', 4),
	(1655, 260, 385, 'tilapia fillet', 0),
	(1656, 260, 653, 'mix chicken and shrimp', 6),
	(1657, 260, 652, 'shrimp', 6),
	(1658, 261, 156, 'pico de gallo', 0),
	(1659, 261, 46, 'lettuce', 0),
	(1660, 261, 121, 'jalapenos', 0),
	(1661, 261, 437, 'fresh jalopenos', 0),
	(1662, 261, 179, 'cheddar cheese', 0),
	(1663, 261, 282, 'hot sauce', 0),
	(1664, 261, 51, 'cilantro', 0),
	(1665, 261, 53, 'onions', 0),
	(1666, 261, 238, 'monterey jack', 0),
	(1667, 261, 639, 'fresh tomatoes', 0),
	(1668, 262, 0, 'guacamole', 0),
	(1669, 262, 0, 'sliced avocado', 0),
	(1670, 263, 71, 'corn tortillas', 0),
	(1671, 263, 269, 'corn chips', 0),
	(1672, 264, 29, 'no beans', 0),
	(1673, 264, 159, 'black beans', 0),
	(1674, 264, 160, 'pinto beans', 0),
	(1675, 264, 161, 'refried beans', 0),
	(1676, 265, 0, 'sliced avocado', 0),
	(1677, 265, 0, 'guacamole', 0),
	(1678, 265, 0, 'none', 0),
	(1679, 266, 437, 'fresh jalopenos', 0),
	(1680, 266, 238, 'monterey jack', 0),
	(1681, 266, 51, 'cilantro', 0),
	(1682, 266, 28, 'no salsa', 0),
	(1683, 266, 179, 'cheddar cheese', 0),
	(1684, 266, 47, 'plain tomatoes', 0),
	(1685, 266, 282, 'hot sauce', 0),
	(1686, 266, 121, 'jalapenos', 0),
	(1687, 266, 46, 'lettuce', 0),
	(1688, 267, 0, 'cheese', 0.8),
	(1689, 267, 0, 'sour cream', 0.8),
	(1690, 267, 0, 'corn', 0.85),
	(1691, 267, 0, 'spinach', 1.25),
	(1692, 267, 0, 'extra salsa', 0.5),
	(1693, 267, 0, 'cheddar cheese', 0.8),
	(1694, 267, 580, 'fresh avocado', 2.4),
	(1695, 267, 579, 'guacamole', 2.4),
	(1696, 267, 652, 'shrimp', 6),
	(1697, 268, 452, 'shrimp', 0),
	(1698, 268, 169, 'grilled steak', 0),
	(1699, 268, 168, 'grilled chicken', 0),
	(1700, 269, 41, 'mexican rice', 0),
	(1701, 269, 42, 'brown rice', 0),
	(1702, 269, 441, 'white rice', 0),
	(1703, 269, 45, 'no rice', 0),
	(1704, 270, 538, 'shrimp', 18.75),
	(1705, 270, 518, 'chicken', 14),
	(1706, 270, 537, 'cheese', 14),
	(1707, 271, 29, 'no beans', 0),
	(1708, 271, 159, 'black beans', 0),
	(1709, 271, 160, 'pinto beans', 0),
	(1710, 271, 161, 'refried beans', 0),
	(1711, 272, 41, 'mexican rice', 0),
	(1712, 272, 42, 'brown rice', 0),
	(1713, 272, 354, 'add corn salsa', 0.25),
	(1714, 272, 441, 'white rice', 0),
	(1715, 272, 45, 'no rice', 0),
	(1716, 272, 289, 'add extra brown rice', 0.5),
	(1717, 273, 437, 'fresh jalopenos', 0),
	(1718, 273, 238, 'monterey jack', 0),
	(1719, 273, 51, 'cilantro', 0),
	(1720, 273, 28, 'no salsa', 0),
	(1721, 273, 179, 'cheddar cheese', 0),
	(1722, 273, 47, 'plain tomatoes', 0),
	(1723, 273, 282, 'hot sauce', 0),
	(1724, 273, 121, 'jalapenos', 0),
	(1725, 273, 46, 'lettuce', 0),
	(1726, 274, 438, 'monterey jack', 0.8),
	(1727, 274, 34, 'sour cream', 0.8),
	(1728, 274, 35, 'guacamole', 1.1),
	(1729, 274, 36, 'corn', 0.85),
	(1730, 274, 37, 'spinach', 1.25),
	(1731, 274, 38, 'extra salsa', 0.5),
	(1732, 274, 40, 'sliced avocado', 1.1),
	(1733, 274, 39, 'cheddar cheese', 0.8),
	(1734, 275, 171, 'guacamole', 0),
	(1735, 275, 643, 'fresh avocado', 0),
	(1736, 275, 96, 'no guacamole', 0),
	(1737, 276, 407, 'barbacoa', 0),
	(1738, 276, 409, 'a la pastor', 0),
	(1739, 276, 160, 'pinto beans', 0),
	(1740, 276, 159, 'black beans', 0),
	(1741, 276, 32, 'refried', 0),
	(1742, 276, 27, 'ground beef', 0),
	(1743, 276, 117, 'carnitas', 0),
	(1744, 276, 428, 'schredded chicken', 0),
	(1745, 276, 174, 'pollo asada', 0),
	(1746, 276, 173, 'carne asada', 0),
	(1747, 276, 652, 'shrimp', 6),
	(1748, 276, 541, 'tilapia fish fillet', 3),
	(1749, 276, 559, 'lengua', 7),
	(1750, 276, 654, 'salmon fillet', 6),
	(1751, 277, 0, 'corn tortillas', 0),
	(1752, 277, 0, 'soft flour tortillas', 0),
	(1753, 278, 437, 'fresh jalopenos', 0),
	(1754, 278, 238, 'monterey jack', 0),
	(1755, 278, 51, 'cilantro', 0),
	(1756, 278, 28, 'no salsa', 0),
	(1757, 278, 179, 'cheddar cheese', 0),
	(1758, 278, 47, 'plain tomatoes', 0),
	(1759, 278, 282, 'hot sauce', 0),
	(1760, 278, 121, 'jalapenos', 0),
	(1761, 278, 46, 'lettuce', 0),
	(1762, 279, 438, 'monterey jack', 0.8),
	(1763, 279, 34, 'sour cream', 0.8),
	(1764, 279, 37, 'spinach', 1.25),
	(1765, 279, 38, 'extra salsa', 0.5),
	(1766, 279, 39, 'cheddar cheese', 0.8),
	(1767, 279, 608, 'extra pico de gallo', 0.75),
	(1768, 279, 580, 'fresh avocado', 2.4),
	(1769, 279, 579, 'guacamole', 2.4),
	(1770, 280, 169, 'grilled steak', 0),
	(1771, 280, 168, 'grilled chicken', 0),
	(1772, 280, 27, 'ground beef', 0),
	(1773, 281, 33, 'cheese', 0.8),
	(1774, 281, 34, 'sour cream', 0.8),
	(1775, 281, 36, 'corn', 0.85),
	(1776, 281, 37, 'spinach', 1.25),
	(1777, 281, 608, 'extra pico de gallo', 0.75),
	(1778, 281, 39, 'cheddar cheese', 0.8),
	(1779, 281, 580, 'fresh avocado', 2.4),
	(1780, 281, 516, 'extra meat', 4),
	(1781, 281, 579, 'guacamole', 2.4),
	(1782, 281, 545, 'extra nacho cheese sauce', 1.95),
	(1783, 281, 547, 'bacon', 1.95),
	(1784, 282, 437, 'fresh jalopenos', 0),
	(1785, 282, 238, 'monterey jack', 0),
	(1786, 282, 51, 'cilantro', 0),
	(1787, 282, 28, 'no salsa', 0),
	(1788, 282, 179, 'cheddar cheese', 0),
	(1789, 282, 47, 'plain tomatoes', 0),
	(1790, 282, 282, 'hot sauce', 0),
	(1791, 282, 121, 'jalapenos', 0),
	(1792, 282, 46, 'lettuce', 0),
	(1793, 283, 171, 'guacamole', 0),
	(1794, 283, 643, 'fresh avocado', 0),
	(1795, 283, 96, 'no guacamole', 0),
	(1796, 284, 90, 'no cheese', 0),
	(1797, 284, 193, 'nacho cheese sauce', 0),
	(1798, 284, 21, 'shredded cheese', 0),
	(1799, 285, 29, 'no beans', 0),
	(1800, 285, 159, 'black beans', 0),
	(1801, 285, 160, 'pinto beans', 0),
	(1802, 285, 161, 'refried beans', 0),
	(1803, 286, 651, 'extra chorizo', 2.75),
	(1804, 286, 438, 'monterey jack', 0.8),
	(1805, 286, 34, 'sour cream', 0.8),
	(1806, 286, 39, 'cheddar cheese', 0.8),
	(1807, 286, 506, 'extra egg', 1),
	(1808, 286, 496, 'bacon', 1),
	(1809, 286, 580, 'fresh avocado', 2.4),
	(1810, 286, 497, 'turkey bacon', 1),
	(1811, 286, 579, 'guacamole', 2.4),
	(1812, 286, 581, 'mushrooms', 1),
	(1813, 286, 106, 'sausage', 1),
	(1814, 286, 632, 'extra home fries', 1.85),
	(1815, 286, 631, 'extra plantain', 1.85),
	(1816, 287, 437, 'fresh jalopenos', 0),
	(1817, 287, 238, 'monterey jack', 0),
	(1818, 287, 51, 'cilantro', 0),
	(1819, 287, 28, 'no salsa', 0),
	(1820, 287, 179, 'cheddar cheese', 0),
	(1821, 287, 47, 'plain tomatoes', 0),
	(1822, 287, 282, 'hot sauce', 0),
	(1823, 287, 121, 'jalapenos', 0),
	(1824, 287, 46, 'lettuce', 0),
	(1825, 288, 90, 'no cheese', 0),
	(1826, 288, 193, 'nacho cheese sauce', 0),
	(1827, 288, 21, 'shredded cheese', 0),
	(1828, 289, 541, 'tilapia fish fillet', 3),
	(1829, 289, 168, 'grilled chicken', 0),
	(1830, 289, 27, 'ground beef', 0),
	(1831, 289, 117, 'carnitas', 0),
	(1832, 289, 91, 'chorizo', 1),
	(1833, 289, 536, 'a la pastor', 1),
	(1834, 289, 535, 'barbacoa', 1),
	(1835, 289, 520, 'grilled steak', 1),
	(1836, 289, 654, 'salmon fillet', 6),
	(1837, 289, 559, 'lengua', 7),
	(1838, 289, 652, 'shrimp', 6),
	(1839, 289, 653, 'mix chicken and shrimp', 6),
	(1840, 290, 437, 'fresh jalopenos', 0),
	(1841, 290, 238, 'monterey jack', 0),
	(1842, 290, 51, 'cilantro', 0),
	(1843, 290, 28, 'no salsa', 0),
	(1844, 290, 179, 'cheddar cheese', 0),
	(1845, 290, 47, 'plain tomatoes', 0),
	(1846, 290, 282, 'hot sauce', 0),
	(1847, 290, 121, 'jalapenos', 0),
	(1848, 290, 46, 'lettuce', 0),
	(1849, 291, 0, 'cheese', 0.8),
	(1850, 291, 0, 'sour cream', 0.8),
	(1851, 291, 0, 'corn', 0.85),
	(1852, 291, 0, 'spinach ', 1.25),
	(1853, 291, 0, 'cheddar cheese', 0.8),
	(1854, 291, 608, 'extra pico de gallo', 0.75),
	(1855, 291, 544, 'extra cheese sauce', 1.95),
	(1856, 291, 579, 'guacamole', 2.4),
	(1857, 291, 580, 'fresh avocado', 2.4),
	(1858, 291, 547, 'bacon', 1.95),
	(1859, 291, 516, 'extra meat', 4),
	(1860, 291, 548, 'turkey bacon', 1.95),
	(1861, 292, 30, 'pinto', 0),
	(1862, 292, 31, 'black', 0),
	(1863, 292, 32, 'refried', 0),
	(1864, 292, 29, 'no beans', 0),
	(1865, 293, 648, 'pico de gallo', 1.5),
	(1866, 293, 647, 'guacamole', 2.75),
	(1867, 293, 73, 'none', 0),
	(1868, 293, 646, 'queso dip', 2.75),
	(1869, 294, 356, '4 oz.', 2),
	(1870, 294, 539, '8 oz', 7),
	(1871, 294, 540, '12 oz', 10.5),
	(1872, 295, 156, 'pico de gallo', 0),
	(1873, 295, 149, 'salsa verde', 0),
	(1874, 295, 49, 'corn salsa', 0),
	(1875, 296, 359, '4 oz.', 3),
	(1876, 296, 360, '8 oz.', 6),
	(1877, 296, 361, '12 oz.', 10),
	(1878, 297, 479, '2 oz', 1.65),
	(1879, 297, 363, '4 oz.', 4),
	(1880, 297, 364, '8 oz.', 8),
	(1881, 297, 365, '12 oz.', 16),
	(1882, 298, 216, 'coke', 0),
	(1883, 298, 217, 'diet coke', 0),
	(1884, 298, 218, 'sprite', 0),
	(1885, 299, 424, 'salmon', 3),
	(1886, 299, 366, 'beans and rice burrito', 0),
	(1887, 299, 367, 'spinach burrito', 0),
	(1888, 299, 368, 'chicken burrito', 0),
	(1889, 299, 370, 'ground beef burrito', 0),
	(1890, 299, 371, 'carnitas burrito', 0),
	(1891, 299, 521, 'tilapia', 2),
	(1892, 299, 373, 'chorizo burrito', 1),
	(1893, 299, 536, 'a la pastor', 1),
	(1894, 299, 485, 'shrimp', 4),
	(1895, 299, 520, 'grilled steak', 1),
	(1896, 299, 535, 'barbacoa', 1),
	(1897, 300, 630, 'with chips', 2),
	(1898, 301, 37, 'spinach', 1.25),
	(1899, 301, 506, 'extra egg', 1),
	(1900, 301, 548, 'turkey bacon', 1.95),
	(1901, 301, 438, 'monterey jack', 0.8),
	(1902, 301, 608, 'extra pico de gallo', 0.75),
	(1903, 301, 39, 'cheddar cheese', 0.8),
	(1904, 301, 547, 'bacon', 1.95),
	(1905, 301, 579, 'guacamole', 2.4),
	(1906, 301, 580, 'fresh avocado', 2.4),
	(1907, 301, 545, 'extra nacho cheese sauce', 1.95),
	(1908, 301, 292, 'add extra sour cream', 0.8),
	(1909, 301, 581, 'mushrooms', 1),
	(1910, 302, 437, 'fresh jalopenos', 0),
	(1911, 302, 238, 'monterey jack', 0),
	(1912, 302, 51, 'cilantro', 0),
	(1913, 302, 28, 'no salsa', 0),
	(1914, 302, 179, 'cheddar cheese', 0),
	(1915, 302, 47, 'plain tomatoes', 0),
	(1916, 302, 282, 'hot sauce', 0),
	(1917, 302, 121, 'jalapenos', 0),
	(1918, 302, 46, 'lettuce', 0),
	(1919, 303, 566, 'extra black beans', 1.85),
	(1920, 303, 567, 'extra refried beans', 1.85),
	(1921, 303, 557, 'extra rice', 1.95),
	(1922, 303, 565, 'extra pinto beans', 1.85),
	(1923, 304, 41, 'mexican rice', 0),
	(1924, 304, 42, 'brown rice', 0),
	(1925, 304, 45, 'no rice', 0),
	(1926, 304, 441, 'white rice', 0),
	(1927, 305, 338, 'hard taco', 0),
	(1928, 305, 339, 'soft flour taco', 0),
	(1929, 305, 340, 'corn tortilla', 0),
	(1930, 306, 216, 'coke', 0),
	(1931, 306, 217, 'diet coke', 0),
	(1932, 306, 218, 'sprite', 0),
	(1933, 307, 27, 'ground beef', 0),
	(1934, 307, 568, 'vegiterian / vegan : type in choice of beans', 0),
	(1935, 307, 520, 'grilled steak', 1),
	(1936, 307, 485, 'shrimp', 4),
	(1937, 307, 24, 'chicken', 0),
	(1938, 307, 117, 'carnitas', 0),
	(1939, 307, 561, 'add tilapia', 3),
	(1940, 307, 564, 'salmon', 4),
	(1941, 307, 245, 'add chorizo', 1),
	(1942, 307, 535, 'barbacoa', 1),
	(1943, 308, 651, 'extra chorizo', 2.75),
	(1944, 308, 438, 'monterey jack', 0.8),
	(1945, 308, 34, 'sour cream', 0.8),
	(1946, 308, 39, 'cheddar cheese', 0.8),
	(1947, 308, 506, 'extra egg', 1),
	(1948, 308, 496, 'bacon', 1),
	(1949, 308, 580, 'fresh avocado', 2.4),
	(1950, 308, 497, 'turkey bacon', 1),
	(1951, 308, 579, 'guacamole', 2.4),
	(1952, 308, 581, 'mushrooms', 1),
	(1953, 308, 106, 'sausage', 1),
	(1954, 308, 632, 'extra home fries', 1.85),
	(1955, 308, 631, 'extra plantain', 1.85),
	(1956, 309, 566, 'extra black beans', 1.85),
	(1957, 309, 567, 'extra refried beans', 1.85),
	(1958, 309, 557, 'extra rice', 1.95),
	(1959, 309, 565, 'extra pinto beans', 1.85),
	(1960, 310, 437, 'fresh jalopenos', 0),
	(1961, 310, 238, 'monterey jack', 0),
	(1962, 310, 51, 'cilantro', 0),
	(1963, 310, 28, 'no salsa', 0),
	(1964, 310, 179, 'cheddar cheese', 0),
	(1965, 310, 47, 'plain tomatoes', 0),
	(1966, 310, 282, 'hot sauce', 0),
	(1967, 310, 121, 'jalapenos', 0),
	(1968, 310, 46, 'lettuce', 0),
	(1969, 311, 216, 'coke', 0),
	(1970, 311, 217, 'diet coke', 0),
	(1971, 311, 218, 'sprite', 0),
	(1972, 312, 27, 'ground beef', 0),
	(1973, 312, 568, 'vegiterian / vegan : type in choice of beans', 0),
	(1974, 312, 520, 'grilled steak', 1),
	(1975, 312, 485, 'shrimp', 4),
	(1976, 312, 24, 'chicken', 0),
	(1977, 312, 117, 'carnitas', 0),
	(1978, 312, 561, 'add tilapia', 3),
	(1979, 312, 564, 'salmon', 4),
	(1980, 312, 245, 'add chorizo', 1),
	(1981, 312, 535, 'barbacoa', 1),
	(1982, 313, 566, 'extra black beans', 1.85),
	(1983, 313, 567, 'extra refried beans', 1.85),
	(1984, 313, 557, 'extra rice', 1.95),
	(1985, 313, 565, 'extra pinto beans', 1.85),
	(1986, 314, 41, 'mexican rice', 0),
	(1987, 314, 42, 'brown rice', 0),
	(1988, 314, 45, 'no rice', 0),
	(1989, 314, 441, 'white rice', 0),
	(1990, 315, 156, 'pico de gallo', 0),
	(1991, 315, 46, 'lettuce', 0),
	(1992, 315, 121, 'jalapenos', 0),
	(1993, 315, 437, 'fresh jalopenos', 0),
	(1994, 315, 179, 'cheddar cheese', 0),
	(1995, 315, 282, 'hot sauce', 0),
	(1996, 315, 51, 'cilantro', 0),
	(1997, 315, 53, 'onions', 0),
	(1998, 315, 238, 'monterey jack', 0),
	(1999, 315, 639, 'fresh tomatoes', 0),
	(2000, 316, 171, 'guacamole', 0),
	(2001, 316, 643, 'fresh avocado', 0),
	(2002, 316, 96, 'no guacamole', 0),
	(2003, 317, 438, 'monterey jack', 0.8),
	(2004, 317, 34, 'sour cream', 0.8),
	(2005, 317, 37, 'spinach', 1.25),
	(2006, 317, 547, 'bacon', 1.95),
	(2007, 317, 39, 'cheddar cheese', 0.8),
	(2008, 317, 548, 'turkey bacon', 1.95),
	(2009, 317, 579, 'guacamole', 2.4),
	(2010, 317, 580, 'fresh avocado', 2.4),
	(2011, 317, 545, 'extra nacho cheese sauce', 1.95),
	(2012, 318, 216, 'coke', 0),
	(2013, 318, 217, 'diet coke', 0),
	(2014, 318, 218, 'sprite', 0),
	(2015, 319, 27, 'ground beef', 0),
	(2016, 319, 568, 'vegiterian / vegan : type in choice of beans', 0),
	(2017, 319, 520, 'grilled steak', 1),
	(2018, 319, 485, 'shrimp', 4),
	(2019, 319, 24, 'chicken', 0),
	(2020, 319, 117, 'carnitas', 0),
	(2021, 319, 561, 'add tilapia', 3),
	(2022, 319, 564, 'salmon', 4),
	(2023, 319, 245, 'add chorizo', 1),
	(2024, 319, 535, 'barbacoa', 1),
	(2025, 320, 566, 'extra black beans', 1.85),
	(2026, 320, 567, 'extra refried beans', 1.85),
	(2027, 320, 557, 'extra rice', 1.95),
	(2028, 320, 565, 'extra pinto beans', 1.85),
	(2029, 321, 21, 'shredded cheese', 0),
	(2030, 321, 22, 'cheese sauce', 0),
	(2031, 321, 90, 'no cheese', 0),
	(2032, 322, 37, 'spinach', 1.25),
	(2033, 322, 506, 'extra egg', 1),
	(2034, 322, 548, 'turkey bacon', 1.95),
	(2035, 322, 438, 'monterey jack', 0.8),
	(2036, 322, 608, 'extra pico de gallo', 0.75),
	(2037, 322, 39, 'cheddar cheese', 0.8),
	(2038, 322, 547, 'bacon', 1.95),
	(2039, 322, 579, 'guacamole', 2.4),
	(2040, 322, 580, 'fresh avocado', 2.4),
	(2041, 322, 545, 'extra nacho cheese sauce', 1.95),
	(2042, 322, 292, 'add extra sour cream', 0.8),
	(2043, 322, 581, 'mushrooms', 1),
	(2044, 323, 51, 'cilantro', 0),
	(2045, 323, 53, 'onions', 0),
	(2046, 323, 46, 'lettuce', 0),
	(2047, 323, 90, 'no cheese', 0),
	(2048, 323, 437, 'fresh jalopenos', 0),
	(2049, 323, 47, 'plain tomatoes', 0),
	(2050, 323, 28, 'no salsa', 0),
	(2051, 323, 120, 'hot', 0),
	(2052, 323, 59, 'sour cream', 0),
	(2053, 324, 216, 'coke', 0),
	(2054, 324, 217, 'diet coke', 0),
	(2055, 324, 218, 'sprite', 0),
	(2056, 325, 27, 'ground beef', 0),
	(2057, 325, 568, 'vegiterian / vegan : type in choice of beans', 0),
	(2058, 325, 520, 'grilled steak', 1),
	(2059, 325, 485, 'shrimp', 4),
	(2060, 325, 24, 'chicken', 0),
	(2061, 325, 117, 'carnitas', 0),
	(2062, 325, 561, 'add tilapia', 3),
	(2063, 325, 564, 'salmon', 4),
	(2064, 325, 245, 'add chorizo', 1),
	(2065, 325, 535, 'barbacoa', 1),
	(2066, 326, 438, 'monterey jack', 0.8),
	(2067, 326, 34, 'sour cream', 0.8),
	(2068, 326, 37, 'spinach', 1.25),
	(2069, 326, 547, 'bacon', 1.95),
	(2070, 326, 39, 'cheddar cheese', 0.8),
	(2071, 326, 548, 'turkey bacon', 1.95),
	(2072, 326, 579, 'guacamole', 2.4),
	(2073, 326, 580, 'fresh avocado', 2.4),
	(2074, 326, 545, 'extra nacho cheese sauce', 1.95),
	(2075, 327, 156, 'pico de gallo', 0),
	(2076, 327, 46, 'lettuce', 0),
	(2077, 327, 121, 'jalapenos', 0),
	(2078, 327, 437, 'fresh jalopenos', 0),
	(2079, 327, 179, 'cheddar cheese', 0),
	(2080, 327, 282, 'hot sauce', 0),
	(2081, 327, 51, 'cilantro', 0),
	(2082, 327, 53, 'onions', 0),
	(2083, 327, 238, 'monterey jack', 0),
	(2084, 327, 639, 'fresh tomatoes', 0),
	(2085, 328, 121, 'jalapenos', 0),
	(2086, 328, 179, 'cheddar cheese', 0),
	(2087, 328, 53, 'onions', 0),
	(2088, 328, 90, 'no cheese', 0),
	(2089, 328, 437, 'fresh jalopenos', 0),
	(2090, 328, 47, 'plain tomatoes', 0),
	(2091, 328, 238, 'monterey jack', 0),
	(2092, 328, 181, 'no green peppers', 0),
	(2093, 328, 98, 'green peppers', 0),
	(2094, 328, 59, 'sour cream', 0),
	(2095, 328, 28, 'no salsa', 0),
	(2096, 329, 113, 'regular', 0),
	(2097, 329, 125, 'whole wheat', 0.5),
	(2098, 329, 79, 'spinach', 0.5),
	(2099, 329, 128, 'jalapeno tortilla', 0.5),
	(2100, 329, 127, 'tomato tortilla', 0.5),
	(2101, 329, 340, 'corn tortilla', 0),
	(2102, 330, 216, 'coke', 0),
	(2103, 330, 217, 'diet coke', 0),
	(2104, 330, 218, 'sprite', 0),
	(2105, 331, 27, 'ground beef', 0),
	(2106, 331, 568, 'vegiterian / vegan : type in choice of beans', 0),
	(2107, 331, 520, 'grilled steak', 1),
	(2108, 331, 485, 'shrimp', 4),
	(2109, 331, 24, 'chicken', 0),
	(2110, 331, 117, 'carnitas', 0),
	(2111, 331, 561, 'add tilapia', 3),
	(2112, 331, 564, 'salmon', 4),
	(2113, 331, 245, 'add chorizo', 1),
	(2114, 331, 535, 'barbacoa', 1),
	(2115, 332, 437, 'fresh jalopenos', 0),
	(2116, 332, 238, 'monterey jack', 0),
	(2117, 332, 51, 'cilantro', 0),
	(2118, 332, 28, 'no salsa', 0),
	(2119, 332, 179, 'cheddar cheese', 0),
	(2120, 332, 47, 'plain tomatoes', 0),
	(2121, 332, 282, 'hot sauce', 0),
	(2122, 332, 121, 'jalapenos', 0),
	(2123, 332, 46, 'lettuce', 0),
	(2124, 333, 37, 'spinach', 1.25),
	(2125, 333, 506, 'extra egg', 1),
	(2126, 333, 548, 'turkey bacon', 1.95),
	(2127, 333, 438, 'monterey jack', 0.8),
	(2128, 333, 608, 'extra pico de gallo', 0.75),
	(2129, 333, 39, 'cheddar cheese', 0.8),
	(2130, 333, 547, 'bacon', 1.95),
	(2131, 333, 579, 'guacamole', 2.4),
	(2132, 333, 580, 'fresh avocado', 2.4),
	(2133, 333, 545, 'extra nacho cheese sauce', 1.95),
	(2134, 333, 292, 'add extra sour cream', 0.8),
	(2135, 333, 581, 'mushrooms', 1),
	(2136, 334, 121, 'jalapenos', 0),
	(2137, 334, 179, 'cheddar cheese', 0),
	(2138, 334, 53, 'onions', 0),
	(2139, 334, 90, 'no cheese', 0),
	(2140, 334, 437, 'fresh jalopenos', 0),
	(2141, 334, 47, 'plain tomatoes', 0),
	(2142, 334, 238, 'monterey jack', 0),
	(2143, 334, 181, 'no green peppers', 0),
	(2144, 334, 98, 'green peppers', 0),
	(2145, 334, 59, 'sour cream', 0),
	(2146, 334, 28, 'no salsa', 0),
	(2147, 335, 171, 'guacamole', 0),
	(2148, 335, 643, 'fresh avocado', 0),
	(2149, 335, 96, 'no guacamole', 0),
	(2150, 336, 450, 'balsamic vinnaigrette', 0),
	(2151, 336, 153, 'ranch', 0),
	(2152, 336, 449, 'italian dressing', 0),
	(2153, 337, 216, 'coke', 0),
	(2154, 337, 217, 'diet coke', 0),
	(2155, 337, 218, 'sprite', 0),
	(2156, 338, 433, 'schrimp', 3),
	(2157, 338, 168, 'grilled chicken', 0),
	(2158, 338, 169, 'grilled steak', 0),
	(2159, 339, 338, 'hard taco', 0),
	(2160, 339, 339, 'soft flour taco', 0),
	(2161, 339, 340, 'corn tortilla', 0),
	(2162, 340, 437, 'fresh jalopenos', 0),
	(2163, 340, 238, 'monterey jack', 0),
	(2164, 340, 51, 'cilantro', 0),
	(2165, 340, 28, 'no salsa', 0),
	(2166, 340, 179, 'cheddar cheese', 0),
	(2167, 340, 47, 'plain tomatoes', 0),
	(2168, 340, 282, 'hot sauce', 0),
	(2169, 340, 121, 'jalapenos', 0),
	(2170, 340, 46, 'lettuce', 0),
	(2171, 341, 438, 'monterey jack', 0.8),
	(2172, 341, 34, 'sour cream', 0.8),
	(2173, 341, 37, 'spinach', 1.25),
	(2174, 341, 547, 'bacon', 1.95),
	(2175, 341, 39, 'cheddar cheese', 0.8),
	(2176, 341, 548, 'turkey bacon', 1.95),
	(2177, 341, 579, 'guacamole', 2.4),
	(2178, 341, 580, 'fresh avocado', 2.4),
	(2179, 341, 545, 'extra nacho cheese sauce', 1.95),
	(2180, 342, 0, 'sliced avocado', 0),
	(2181, 342, 0, 'guacamole', 0),
	(2182, 342, 0, 'none', 0),
	(2183, 343, 173, 'carne asada', 0),
	(2184, 343, 174, 'pollo asada', 0),
	(2185, 344, 216, 'coke', 0),
	(2186, 344, 217, 'diet coke', 0),
	(2187, 344, 218, 'sprite', 0),
	(2188, 345, 30, 'pinto', 0),
	(2189, 345, 31, 'black', 0),
	(2190, 345, 32, 'refried', 0),
	(2191, 345, 29, 'no beans', 0),
	(2192, 346, 41, 'mexican rice', 0),
	(2193, 346, 42, 'brown rice', 0),
	(2194, 346, 441, 'white rice', 0),
	(2195, 346, 45, 'no rice', 0),
	(2196, 347, 0, 'guacamole', 0),
	(2197, 347, 0, 'sliced avocado', 0),
	(2198, 348, 165, 'jack cheese', 0.8),
	(2199, 348, 34, 'sour cream', 0.8),
	(2200, 348, 35, 'guacamole', 1.1),
	(2201, 348, 38, 'extra salsa', 0.5),
	(2202, 348, 39, 'cheddar cheese', 0.8),
	(2203, 348, 150, 'extra meat', 2.5),
	(2204, 349, 0, 'lettuce', 0),
	(2205, 349, 0, 'jalapenos', 0),
	(2206, 349, 47, 'plain tomatoes', 0),
	(2207, 349, 51, 'cilantro', 0),
	(2208, 349, 59, 'sour cream', 0),
	(2209, 349, 437, 'fresh jalopenos', 0),
	(2210, 350, 71, 'corn tortillas', 0),
	(2211, 350, 338, 'hard taco', 0),
	(2212, 350, 166, 'flour tortillas', 0),
	(2213, 351, 216, 'coke', 0),
	(2214, 351, 217, 'diet coke', 0),
	(2215, 351, 218, 'sprite', 0),
	(2216, 352, 566, 'extra black beans', 1.85),
	(2217, 352, 567, 'extra refried beans', 1.85),
	(2218, 352, 557, 'extra rice', 1.95),
	(2219, 352, 565, 'extra pinto beans', 1.85),
	(2220, 353, 433, 'schrimp', 3),
	(2221, 353, 168, 'grilled chicken', 0),
	(2222, 353, 169, 'grilled steak', 0),
	(2223, 354, 123, 'jack', 0.8),
	(2224, 354, 39, 'cheddar cheese', 0.8),
	(2225, 354, 35, 'guacamole', 1.1),
	(2226, 354, 37, 'spinach', 1.25),
	(2227, 354, 157, 'mushrooms', 0.75),
	(2228, 354, 38, 'extra salsa', 0.5),
	(2229, 354, 296, 'add sliced avocado', 1.1),
	(2230, 354, 456, 'bacon', 0.85),
	(2231, 354, 457, 'turkey bacon', 0.85),
	(2232, 355, 171, 'guacamole', 0),
	(2233, 355, 643, 'fresh avocado', 0),
	(2234, 355, 96, 'no guacamole', 0),
	(2235, 356, 121, 'jalapenos', 0),
	(2236, 356, 179, 'cheddar cheese', 0),
	(2237, 356, 53, 'onions', 0),
	(2238, 356, 90, 'no cheese', 0),
	(2239, 356, 437, 'fresh jalopenos', 0),
	(2240, 356, 47, 'plain tomatoes', 0),
	(2241, 356, 238, 'monterey jack', 0),
	(2242, 356, 181, 'no green peppers', 0),
	(2243, 356, 98, 'green peppers', 0),
	(2244, 356, 59, 'sour cream', 0),
	(2245, 356, 28, 'no salsa', 0),
	(2246, 357, 41, 'mexican rice', 0),
	(2247, 357, 42, 'brown rice', 0),
	(2248, 357, 441, 'white rice', 0),
	(2249, 357, 45, 'no rice', 0),
	(2250, 358, 338, 'hard taco', 0),
	(2251, 358, 166, 'flour tortillas', 0),
	(2252, 358, 71, 'corn tortillas', 0),
	(2253, 359, 216, 'coke', 0),
	(2254, 359, 217, 'diet coke', 0),
	(2255, 359, 218, 'sprite', 0),
	(2256, 360, 566, 'extra black beans', 1.85),
	(2257, 360, 567, 'extra refried beans', 1.85),
	(2258, 360, 557, 'extra rice', 1.95),
	(2259, 360, 565, 'extra pinto beans', 1.85),
	(2260, 361, 433, 'schrimp', 3),
	(2261, 361, 168, 'grilled chicken', 0),
	(2262, 361, 169, 'grilled steak', 0),
	(2263, 362, 338, 'hard taco', 0),
	(2264, 362, 166, 'flour tortillas', 0),
	(2265, 362, 71, 'corn tortillas', 0),
	(2266, 363, 45, 'no rice', 0),
	(2267, 363, 441, 'white rice', 0),
	(2268, 363, 41, 'mexican rice', 0),
	(2269, 363, 42, 'brown rice', 0),
	(2270, 364, 171, 'guacamole', 0),
	(2271, 364, 172, 'slice avocado', 0),
	(2272, 364, 96, 'no guacamole', 0),
	(2273, 365, 580, 'fresh avocado', 2.4),
	(2274, 365, 0, 'cheese ', 0.8),
	(2275, 365, 0, 'sour cream', 0.8),
	(2276, 365, 655, 'corn', 1),
	(2277, 365, 0, 'spinach', 1.25),
	(2278, 365, 0, ' extra salsa', 0.5),
	(2279, 365, 0, 'cheddar cheese', 0.8),
	(2280, 365, 579, 'guacamole', 2.4),
	(2281, 366, 156, 'pico de gallo', 0),
	(2282, 366, 46, 'lettuce', 0),
	(2283, 366, 121, 'jalapenos', 0),
	(2284, 366, 437, 'fresh jalopenos', 0),
	(2285, 366, 179, 'cheddar cheese', 0),
	(2286, 366, 282, 'hot sauce', 0),
	(2287, 366, 51, 'cilantro', 0),
	(2288, 366, 53, 'onions', 0),
	(2289, 366, 238, 'monterey jack', 0),
	(2290, 366, 639, 'fresh tomatoes', 0),
	(2291, 367, 216, 'coke', 0),
	(2292, 367, 217, 'diet coke', 0),
	(2293, 367, 218, 'sprite', 0),
	(2294, 368, 27, 'ground beef', 0),
	(2295, 368, 568, 'vegiterian / vegan : type in choice of beans', 0),
	(2296, 368, 520, 'grilled steak', 1),
	(2297, 368, 485, 'shrimp', 4),
	(2298, 368, 24, 'chicken', 0),
	(2299, 368, 117, 'carnitas', 0),
	(2300, 368, 561, 'add tilapia', 3),
	(2301, 368, 564, 'salmon', 4),
	(2302, 368, 245, 'add chorizo', 1),
	(2303, 368, 535, 'barbacoa', 1),
	(2304, 369, 338, 'hard taco', 0),
	(2305, 369, 166, 'flour tortillas', 0),
	(2306, 369, 71, 'corn tortillas', 0),
	(2307, 370, 0, 'chicken', 0),
	(2308, 370, 0, 'steak', 0),
	(2309, 370, 433, 'schrimp', 3),
	(2310, 370, 383, 'bean and cheese', 0),
	(2311, 371, 0, 'no cheese', 0),
	(2312, 371, 0, 'no peppers', 0),
	(2313, 371, 0, 'no onions', 0),
	(2314, 371, 0, 'no lettuce', 0),
	(2315, 371, 121, 'jalapenos', 0),
	(2316, 371, 437, 'fresh jalopenos', 0),
	(2317, 371, 156, 'pico de gallo', 0),
	(2318, 371, 120, 'hot', 0),
	(2319, 371, 59, 'sour cream', 0),
	(2320, 372, 33, 'cheese', 0.8),
	(2321, 372, 34, 'sour cream', 0.8),
	(2322, 372, 35, 'guacamole', 1.1),
	(2323, 372, 37, 'spinach', 1.25),
	(2324, 372, 38, 'extra salsa', 0.5),
	(2325, 372, 39, 'cheddar cheese', 0.8);
/*!40000 ALTER TABLE `options_items` ENABLE KEYS */;

-- Dumping structure for table burritobrothers_db.order_details
CREATE TABLE IF NOT EXISTS `order_details` (
  `id` int(11) NOT NULL AUTO_INCREMENT,
  `order_id` int(11) NOT NULL,
  `item_id` int(11) NOT NULL,
  `item_rate_id` int(11) NOT NULL,
  `quantity` int(11) NOT NULL,
  `item_rate` float(8,2) NOT NULL DEFAULT 0.00,
  `status` tinyint(1) DEFAULT 1 COMMENT '1:active,  2: canceled ',
  `ingredient_list` text NOT NULL,
  `ingredient_name` text NOT NULL,
  `special_instruction` text DEFAULT NULL,
  PRIMARY KEY (`id`)
) ENGINE=InnoDB AUTO_INCREMENT=177 DEFAULT CHARSET=utf8;

-- Dumping data for table burritobrothers_db.order_details: ~176 rows (approximately)
/*!40000 ALTER TABLE `order_details` DISABLE KEYS */;
INSERT INTO `order_details` (`id`, `order_id`, `item_id`, `item_rate_id`, `quantity`, `item_rate`, `status`, `ingredient_list`, `ingredient_name`, `special_instruction`) VALUES
	(1, 1, 88, 0, 1, 9.09, 1, ',1883,1887,1888', 'diet coke, spinach burrito, chicken burrito, ', NULL),
	(2, 1, 88, 0, 4, 15.89, 1, ',1883,1886,1890,1897,1899,1907,1915,1920,1924', 'diet coke, beans and rice burrito, carnitas burrito, with chips, extra egg, extra nacho cheese sauce, plain tomatoes, extra refried beans, brown rice, ', NULL),
	(3, 2, 90, 0, 2, 21.20, 1, ',1971,1974,1977,1984,1988,1996,2001,2004,2011', 'sprite, grilled steak, carnitas, extra rice, no rice, cilantro, fresh avocado, sour cream, extra nacho cheese sauce, ', NULL),
	(4, 3, 93, 0, 1, 15.70, 1, ',2103,2110,2116,2133,2145,2149,2151', 'diet coke, carnitas, monterey jack, extra nacho cheese sauce, sour cream, no guacamole, ranch, ', NULL),
	(5, 4, 92, 0, 1, 12.05, 1, ',2067,2076,2084', 'sour cream, lettuce, fresh tomatoes, ', NULL),
	(6, 4, 1, 0, 1, 1.10, 1, '', '', NULL),
	(7, 4, 9, 0, 1, 3.75, 1, '', '', NULL),
	(8, 4, 76, 0, 1, 2.50, 1, '', '', NULL),
	(9, 4, 84, 0, 1, 4.25, 1, '', '', NULL),
	(10, 4, 92, 0, 1, 14.20, 1, ',2054,2057,2065,2071', 'diet coke, vegiterian / vegan : type in choice of beans, barbacoa, turkey bacon, ', NULL),
	(11, 5, 77, 0, 1, 2.25, 1, '', '', NULL),
	(12, 5, 2, 0, 1, 6.00, 1, '', '', NULL),
	(13, 5, 10, 0, 1, 2.20, 1, '', '', NULL),
	(14, 5, 88, 0, 1, 15.84, 1, ',1883,1890,1894,1903,1907,1915,1924', 'diet coke, carnitas burrito, shrimp, cheddar cheese, extra nacho cheese sauce, plain tomatoes, brown rice, ', NULL),
	(15, 6, 73, 0, 1, 3.00, 1, '', '', NULL),
	(16, 6, 81, 0, 1, 5.00, 1, '', '', NULL),
	(17, 6, 6, 0, 1, 0.00, 1, '', '', NULL),
	(18, 6, 10, 0, 1, 2.20, 1, '', '', NULL),
	(19, 6, 96, 0, 1, 17.85, 1, ',2214,2217,2221,2240,2247,2251', 'diet coke, extra refried beans, grilled chicken, plain tomatoes, brown rice, flour tortillas, ', NULL),
	(20, 7, 88, 0, 1, 9.09, 1, ',1883', 'diet coke, ', NULL),
	(21, 7, 6, 0, 1, 0.00, 1, '', '', NULL),
	(22, 7, 81, 0, 1, 5.00, 1, '', '', NULL),
	(23, 7, 85, 0, 1, 0.75, 1, '', '', NULL),
	(24, 7, 88, 0, 1, 11.09, 1, ',1895,1896,1925', 'grilled steak, barbacoa, no rice, ', NULL),
	(25, 8, 1, 0, 1, 1.10, 1, '', '', NULL),
	(26, 8, 70, 0, 4, 10.80, 1, ',1797,1800,1804', 'nacho cheese sauce, black beans, monterey jack, ', NULL),
	(27, 9, 2, 0, 1, 6.00, 1, '', '', NULL),
	(28, 9, 94, 0, 1, 13.50, 1, ',2153,2157,2160,2167', 'coke, grilled chicken, soft flour taco, plain tomatoes, ', NULL),
	(29, 10, 86, 0, 1, 2.35, 1, '', '', NULL),
	(30, 10, 88, 0, 1, 13.04, 1, ',1884,1891,1921', 'sprite, tilapia, extra rice, ', NULL),
	(31, 11, 88, 0, 6, 9.09, 1, ',1883,1887,1924', 'diet coke, spinach burrito, brown rice, ', ''),
	(32, 11, 3, 0, 1, 6.00, 1, '', '', ''),
	(33, 11, 7, 0, 1, 2.65, 1, '', '', ''),
	(34, 11, 74, 0, 2, 3.00, 1, '', '', ''),
	(35, 11, 72, 0, 4, 3.00, 1, '', '', ''),
	(36, 11, 88, 0, 5, 12.09, 1, ',1884,1885,1925', 'sprite, salmon, no rice, ', ''),
	(37, 11, 88, 0, 4, 3.00, 1, ',1883,1891,1925', 'diet coke, tilapia, no rice, ', ''),
	(38, 11, 79, 0, 1, 0.00, 1, '', '', ''),
	(39, 11, 77, 0, 1, 2.25, 1, '', '', ''),
	(40, 11, 85, 0, 1, 0.75, 1, '', '', ''),
	(41, 11, 2, 0, 1, 6.00, 1, '', '', ''),
	(42, 11, 6, 0, 1, 0.00, 1, '', '', ''),
	(43, 12, 73, 0, 1, 3.00, 1, '', '', ''),
	(44, 12, 2, 0, 1, 6.00, 1, '', '', ''),
	(45, 12, 88, 0, 1, 10.94, 1, ',1883,1886,1911,1920,1924', 'diet coke, beans and rice burrito, monterey jack, extra refried beans, brown rice, ', 'this is special instruction '),
	(46, 13, 73, 0, 1, 3.00, 1, '', '', ''),
	(47, 13, 74, 0, 1, 3.00, 1, '', '', ''),
	(48, 13, 77, 0, 1, 2.25, 1, '', '', ''),
	(49, 13, 78, 0, 1, 0.00, 1, '', '', ''),
	(50, 13, 84, 0, 1, 4.25, 1, '', '', ''),
	(51, 13, 1, 0, 1, 1.10, 1, '', '', ''),
	(52, 13, 2, 0, 1, 6.00, 1, '', '', ''),
	(53, 13, 10, 0, 1, 2.20, 1, '', '', ''),
	(54, 13, 88, 0, 1, 11.09, 1, ',1884,1887,1897,1923', 'sprite, spinach burrito, with chips, mexican rice, ', 'this is special instruction 2'),
	(55, 14, 3, 0, 1, 6.00, 1, '', '', ''),
	(56, 14, 96, 0, 1, 17.85, 1, ',2214,2217,2221,2222,2236,2247,2251', 'diet coke, extra refried beans, grilled chicken, grilled steak, cheddar cheese, brown rice, flour tortillas, ', ''),
	(57, 15, 73, 0, 1, 3.00, 1, '', '', ''),
	(58, 15, 2, 0, 1, 6.00, 1, '', '', ''),
	(59, 15, 90, 0, 2, 18.15, 1, ',1970,1973,1983,1988,1991,2004', 'diet coke, vegiterian / vegan : type in choice of beans, extra refried beans, no rice, lettuce, sour cream, ', 'safhdkj'),
	(60, 16, 74, 0, 1, 3.00, 1, '', '', ''),
	(61, 16, 82, 0, 1, 5.50, 1, '', '', ''),
	(62, 16, 3, 0, 1, 6.00, 1, '', '', ''),
	(63, 16, 93, 0, 1, 16.70, 1, ',2104,2107,2117,2126,2138,2152', 'sprite, grilled steak, cilantro, turkey bacon, onions, italian dressing, ', ''),
	(64, 17, 73, 0, 1, 3.00, 1, '', '', ''),
	(65, 17, 2, 0, 1, 6.00, 1, '', '', ''),
	(66, 17, 96, 0, 1, 18.75, 1, ',2214,2218,2222,2224,2233,2240,2247,2251', 'diet coke, extra rice, grilled steak, cheddar cheese, fresh avocado, plain tomatoes, brown rice, flour tortillas, ', ''),
	(67, 18, 72, 0, 1, 3.00, 1, '', '', ''),
	(68, 18, 89, 0, 1, 11.84, 1, ',1927,1930,1937,1943', 'hard taco, coke, chicken, extra chorizo, ', ''),
	(69, 19, 77, 0, 1, 2.25, 1, '', '', ''),
	(70, 19, 86, 0, 1, 2.35, 1, '', '', ''),
	(71, 19, 2, 0, 1, 6.00, 1, '', '', ''),
	(72, 19, 88, 0, 1, 13.94, 1, ',1884,1887,1897,1899,1920,1926', 'sprite, spinach burrito, with chips, extra egg, extra refried beans, white rice, ', ''),
	(73, 20, 81, 0, 1, 5.00, 1, '', '', ''),
	(74, 20, 2, 0, 1, 6.00, 1, '', '', ''),
	(75, 20, 70, 0, 1, 12.40, 1, ',1797,1799,1811,1816', 'nacho cheese sauce, no beans, guacamole, fresh jalopenos, ', ''),
	(76, 21, 73, 0, 1, 3.00, 1, '', '', ''),
	(77, 21, 88, 0, 1, 9.09, 1, ',1883,1886,1924', 'diet coke, beans and rice burrito, brown rice, ', ''),
	(78, 22, 51, 0, 1, 14.55, 1, ',1351,1356,1360,1365,1369', 'corn tortillas, jalapenos, cilantro, black, sour cream, ', 'zdfdgfhsd gjhg'),
	(79, 23, 75, 0, 1, 3.00, 1, '', '', ''),
	(80, 23, 82, 0, 1, 5.50, 1, '', '', ''),
	(81, 23, 3, 0, 1, 6.00, 1, '', '', ''),
	(82, 23, 76, 0, 1, 2.50, 1, '', '', ''),
	(83, 24, 72, 0, 2, 3.00, 1, '', '', ''),
	(84, 24, 88, 0, 1, 11.09, 1, ',1883,1886,1897,1923', 'diet coke, beans and rice burrito, with chips, mexican rice, ', ''),
	(85, 24, 88, 0, 1, 3.00, 1, ',1883,1886,1897,1923', 'diet coke, beans and rice burrito, with chips, mexican rice, ', ''),
	(86, 25, 77, 0, 1, 2.25, 1, '', '', ''),
	(87, 25, 2, 0, 1, 6.00, 1, '', '', ''),
	(88, 25, 3, 0, 1, 6.00, 1, '', '', ''),
	(89, 25, 70, 0, 1, 11.80, 1, ',1797,1800,1804,1812,1821', 'nacho cheese sauce, black beans, monterey jack, mushrooms, plain tomatoes, ', ''),
	(90, 26, 73, 0, 2, 3.00, 1, '', '', ''),
	(91, 26, 88, 0, 1, 13.94, 1, ',1883,1890,1897,1899,1915,1920,1924', 'diet coke, carnitas burrito, with chips, extra egg, plain tomatoes, extra refried beans, brown rice, ', ''),
	(92, 26, 74, 0, 8, 3.00, 1, '', '', ''),
	(93, 26, 75, 0, 5, 3.00, 1, '', '', ''),
	(94, 26, 78, 0, 1, 0.00, 1, '', '', ''),
	(95, 26, 79, 0, 2, 0.00, 1, '', '', ''),
	(96, 26, 82, 0, 1, 5.50, 1, '', '', ''),
	(97, 26, 77, 0, 1, 2.25, 1, '', '', ''),
	(98, 26, 83, 0, 1, 6.50, 1, '', '', ''),
	(99, 26, 74, 0, 1, 0.00, 1, '', '', ''),
	(100, 26, 88, 0, 1, 3.00, 1, ',1883,1886,1897,1898,1912,1921,1925', 'diet coke, beans and rice burrito, with chips, spinach, cilantro, extra rice, no rice, ', ''),
	(101, 27, 73, 0, 1, 3.00, 1, '', '', ''),
	(102, 27, 77, 0, 2, 2.25, 1, '', '', ''),
	(103, 27, 2, 0, 2, 6.00, 1, '', '', ''),
	(104, 27, 88, 0, 2, 14.19, 1, ',1883,1887,1897,1898,1918,1919,1923', 'diet coke, spinach burrito, with chips, spinach, lettuce, extra black beans, mexican rice, ', ''),
	(105, 27, 74, 0, 1, 3.00, 1, '', '', ''),
	(106, 27, 92, 0, 1, 3.00, 1, ',2054,2057,2067,2080,2090,2097', 'diet coke, vegiterian / vegan : type in choice of beans, sour cream, hot sauce, plain tomatoes, whole wheat, ', ''),
	(107, 28, 74, 0, 1, 3.00, 1, '', '', ''),
	(108, 28, 72, 0, 1, 3.00, 1, '', '', ''),
	(109, 29, 74, 0, 1, 3.00, 1, '', '', ''),
	(110, 29, 70, 0, 1, 10.80, 1, ',1798,1801,1805,1818', 'shredded cheese, pinto beans, sour cream, cilantro, ', 'xzv'),
	(111, 32, 81, 0, 2, 5.00, 1, '', '', ''),
	(112, 32, 88, 0, 2, 11.89, 1, ',1883,1886,1897,1903,1910,1923', 'diet coke, beans and rice burrito, with chips, cheddar cheese, fresh jalopenos, mexican rice, ', ''),
	(113, 33, 73, 0, 1, 3.00, 1, '', '', ''),
	(114, 33, 89, 0, 1, 11.74, 1, ',1928,1931,1938,1944,1957,1965', 'soft flour taco, diet coke, carnitas, monterey jack, extra refried beans, plain tomatoes, ', ''),
	(115, 34, 74, 0, 1, 3.00, 1, '', '', ''),
	(116, 34, 3, 0, 1, 6.00, 1, '', '', ''),
	(117, 34, 71, 0, 1, 11.80, 1, ',1826,1829,1841,1850,1862', 'nacho cheese sauce, grilled chicken, monterey jack, sour cream, black, ', ''),
	(118, 36, 73, 0, 1, 3.00, 1, '', '', ''),
	(119, 36, 74, 0, 1, 3.00, 1, '', '', ''),
	(120, 36, 76, 0, 1, 2.50, 1, '', '', ''),
	(121, 36, 77, 0, 1, 2.25, 1, '', '', ''),
	(122, 36, 78, 0, 1, 0.00, 1, '', '', ''),
	(123, 36, 80, 0, 1, 0.00, 1, '', '', ''),
	(124, 36, 81, 0, 1, 5.00, 1, '', '', ''),
	(125, 36, 82, 0, 1, 5.50, 1, '', '', ''),
	(126, 36, 1, 0, 1, 1.10, 1, '', '', ''),
	(127, 36, 2, 0, 1, 6.00, 1, '', '', ''),
	(128, 36, 3, 0, 1, 6.00, 1, '', '', ''),
	(129, 36, 70, 0, 1, 10.00, 1, ',1796,1799', 'no cheese, no beans, ', ''),
	(130, 37, 73, 0, 1, 3.00, 1, '', '', ''),
	(131, 37, 74, 0, 2, 3.00, 1, '', '', ''),
	(132, 37, 77, 0, 1, 2.25, 1, '', '', ''),
	(133, 37, 78, 0, 1, 0.00, 1, '', '', ''),
	(134, 39, 73, 0, 1, 3.00, 1, '', '', ''),
	(135, 39, 74, 0, 1, 3.00, 1, '', '', 'asd'),
	(136, 40, 75, 0, 2, 3.00, 1, '', '', ''),
	(137, 41, 88, 0, 1, 9.09, 1, ',1884,1886,1924', 'sprite, beans and rice burrito, brown rice, ', ''),
	(138, 42, 88, 0, 1, 9.09, 1, ',1883,1886,1924', 'diet coke, beans and rice burrito, brown rice, ', ''),
	(139, 43, 2, 0, 1, 6.00, 1, '', '', ''),
	(140, 43, 70, 0, 1, 10.80, 1, ',1797,1800,1804', 'nacho cheese sauce, black beans, monterey jack, ', ''),
	(141, 44, 73, 0, 1, 3.00, 1, '', '', ''),
	(142, 44, 88, 0, 1, 9.09, 1, ',1883,1886,1924', 'diet coke, beans and rice burrito, brown rice, ', ''),
	(143, 45, 74, 0, 2, 3.00, 1, '', '', ''),
	(144, 45, 78, 0, 1, 0.00, 1, '', '', ''),
	(145, 46, 74, 0, 1, 3.00, 1, '', '', ''),
	(146, 46, 75, 0, 1, 3.00, 1, '', '', ''),
	(147, 46, 76, 0, 1, 2.50, 1, '', '', ''),
	(148, 47, 74, 0, 1, 3.00, 1, '', '', ''),
	(149, 47, 71, 0, 1, 12.95, 1, ',1827,1830,1842,1855,1863', 'shredded cheese, ground beef, cilantro, extra cheese sauce, refried, ', ''),
	(150, 48, 75, 0, 2, 3.00, 1, '', '', ''),
	(151, 48, 79, 0, 1, 0.00, 1, '', '', ''),
	(152, 49, 74, 0, 1, 3.00, 1, '', '', ''),
	(153, 49, 75, 0, 2, 3.00, 1, '', '', ''),
	(154, 50, 74, 0, 1, 3.00, 1, '', '', ''),
	(155, 50, 75, 0, 1, 3.00, 1, '', '', ''),
	(156, 50, 73, 0, 1, 3.00, 1, '', '', ''),
	(157, 51, 74, 0, 1, 3.00, 1, '', '', ''),
	(158, 51, 77, 0, 1, 2.25, 1, '', '', ''),
	(159, 51, 73, 0, 1, 3.00, 1, '', '', ''),
	(160, 52, 73, 0, 2, 3.00, 1, '', '', ''),
	(161, 53, 88, 0, 2, 15.34, 1, ',1884,1885,1897,1898,1924', 'sprite, salmon, with chips, spinach, brown rice, ', ''),
	(162, 54, 73, 0, 1, 3.00, 1, '', '', ''),
	(163, 54, 74, 0, 1, 3.00, 1, '', '', ''),
	(164, 54, 89, 0, 1, 9.09, 1, ',1928,1931,1934', 'soft flour taco, diet coke, vegiterian / vegan : type in choice of beans, ', ''),
	(165, 55, 73, 0, 1, 3.00, 1, '', '', ''),
	(166, 55, 74, 0, 1, 3.00, 1, '', '', ''),
	(167, 55, 2, 0, 1, 6.00, 1, '', '', ''),
	(168, 55, 3, 0, 1, 6.00, 1, '', '', ''),
	(169, 55, 64, 0, 1, 14.50, 1, ',1611,1614,1618,1624', 'carne asada, black beans, brown rice, corn chips, ', ''),
	(170, 56, 78, 0, 1, 0.00, 1, '', '', ''),
	(171, 56, 71, 0, 1, 11.85, 1, ',1827,1830,1842,1851,1863', 'shredded cheese, ground beef, cilantro, corn, refried, ', ''),
	(172, 58, 88, 0, 2, 17.19, 1, ',1882,1885,1897,1898,1910,1919,1923', 'coke, salmon, with chips, spinach, fresh jalopenos, extra black beans, mexican rice, ', ''),
	(173, 59, 88, 0, 4, 14.19, 1, ',1883,1886,1897,1898,1910,1919,1923', 'diet coke, beans and rice burrito, with chips, spinach, fresh jalopenos, extra black beans, mexican rice, ', ''),
	(174, 59, 73, 0, 2, 3.00, 1, '', '', ''),
	(175, 59, 70, 0, 3, 10.80, 1, ',1797,1799,1804,1817', 'nacho cheese sauce, no beans, monterey jack, monterey jack, ', ''),
	(176, 60, 59, 0, 2, 9.50, 1, '', '', '');
/*!40000 ALTER TABLE `order_details` ENABLE KEYS */;

-- Dumping structure for table burritobrothers_db.order_master
CREATE TABLE IF NOT EXISTS `order_master` (
  `order_id` int(11) NOT NULL AUTO_INCREMENT,
  `customer_id` int(11) DEFAULT NULL,
  `order_date` datetime DEFAULT current_timestamp(),
  `delivery_date` datetime DEFAULT NULL,
  `delivery_type` tinyint(1) DEFAULT 1 COMMENT '1:takeout, 2: delivery, 3:dine in',
  `group_order_details_id` int(11) DEFAULT 0,
  `delivery_charge_id` int(11) DEFAULT NULL,
  `cupon_id` int(11) DEFAULT NULL,
  `discount_amount` float(12,2) DEFAULT 0.00,
  `delivery_charge` float(12,2) DEFAULT 0.00,
  `total_order_amt` float(12,2) DEFAULT 0.00,
  `total_paid_amount` float(12,2) DEFAULT 0.00,
  `tax_amount` float(12,2) DEFAULT 0.00,
  `tips` float NOT NULL DEFAULT 0,
  `address` text DEFAULT NULL,
  `remarks` text DEFAULT NULL,
  `order_status` int(1) DEFAULT 1 COMMENT '1:ordered, 2:received, 3:preparing, 4: ready ,  5: delivered',
  `order_noticed` tinyint(1) DEFAULT 1 COMMENT '1:not seen, 2:seen',
  `order_noticed_time` timestamp NULL DEFAULT NULL,
  `payment_time` timestamp NULL DEFAULT NULL,
  `payment_status` tinyint(1) DEFAULT 1 COMMENT '1:not paid,  2: paid ',
  `payment_method` tinyint(1) NOT NULL COMMENT '1:cash,  2: loyalty_point, 3:card, 4:gift card ',
  `payment_reference_no` varchar(20) DEFAULT NULL,
  `invoice_no` varchar(20) DEFAULT NULL,
  `loyalty_point` int(11) NOT NULL DEFAULT 0,
  `group_order_id` int(11) NOT NULL DEFAULT 0,
  PRIMARY KEY (`order_id`)
) ENGINE=InnoDB AUTO_INCREMENT=61 DEFAULT CHARSET=utf8;

-- Dumping data for table burritobrothers_db.order_master: ~60 rows (approximately)
/*!40000 ALTER TABLE `order_master` DISABLE KEYS */;
INSERT INTO `order_master` (`order_id`, `customer_id`, `order_date`, `delivery_date`, `delivery_type`, `group_order_details_id`, `delivery_charge_id`, `cupon_id`, `discount_amount`, `delivery_charge`, `total_order_amt`, `total_paid_amount`, `tax_amount`, `tips`, `address`, `remarks`, `order_status`, `order_noticed`, `order_noticed_time`, `payment_time`, `payment_status`, `payment_method`, `payment_reference_no`, `invoice_no`, `loyalty_point`, `group_order_id`) VALUES
	(1, 1, '2020-01-30 15:14:25', '2020-01-07 12:00:00', 1, 0, NULL, NULL, 0.00, 0.00, 72.65, 72.65, 0.00, 0, NULL, '', 1, 1, NULL, NULL, 2, 3, '1', 'BB012000001', 7, 0),
	(2, 1, '2020-01-30 15:24:11', '2020-01-07 12:00:00', 1, 0, NULL, NULL, 0.00, 0.00, 42.40, 42.40, 0.00, 0, NULL, '', 1, 1, NULL, NULL, 2, 3, '1', 'BB012000002', 4, 0),
	(3, 1, '2020-01-30 15:26:50', '2020-01-07 12:00:00', 1, 0, NULL, NULL, 0.00, 0.00, 15.70, 15.70, 0.00, 0, NULL, '', 1, 1, NULL, NULL, 2, 3, '1', 'BB012000003', 1, 0),
	(4, 1, '2020-01-30 15:31:58', '2020-01-07 12:00:00', 1, 0, NULL, NULL, 0.00, 0.00, 37.85, 37.85, 0.00, 0, NULL, '', 1, 1, NULL, NULL, 2, 3, '1', 'BB012000004', 3, 0),
	(5, 0, '2020-01-30 15:39:57', '2020-01-07 12:00:00', 1, 1, NULL, NULL, 0.00, 0.00, 26.29, 0.00, 0.00, 0, NULL, '', 0, 1, NULL, NULL, 1, 0, NULL, 'BB012000005', 0, 0),
	(6, 18, '2020-01-30 15:45:58', '2020-01-07 12:00:00', 1, 0, NULL, NULL, 0.00, 0.00, 28.05, 28.05, 0.00, 0, NULL, '', 1, 1, NULL, NULL, 2, 2, '1', 'BB012000006', 2, 0),
	(7, 18, '2020-01-30 13:49:03', '2020-01-07 12:00:00', 1, 0, NULL, NULL, 0.00, 0.00, 25.93, 25.93, 0.00, 0, NULL, '', 1, 1, NULL, NULL, 2, 3, '1', 'BB012000007', 2, 0),
	(8, 18, '2020-01-30 16:49:06', '2020-01-07 12:00:00', 1, 0, NULL, NULL, 0.00, 0.00, 44.30, 44.30, 0.00, 0, NULL, 'hgfhfgh hfghfghgfhfgh', 5, 1, NULL, NULL, 2, 3, '1', 'BB012000008', 4, 0),
	(9, 0, '2020-01-30 17:11:53', '2020-01-07 12:00:00', 1, 10, NULL, NULL, 0.00, 0.00, 19.50, 0.00, 0.00, 0, NULL, '', 0, 1, NULL, NULL, 1, 0, NULL, 'BB012000009', 0, 0),
	(10, 0, '2020-01-30 17:14:01', '2020-01-07 12:00:00', 1, 11, NULL, NULL, 0.00, 0.00, 15.39, 0.00, 0.00, 0, NULL, '', 0, 1, NULL, NULL, 1, 0, NULL, 'BB012000010', 0, 0),
	(11, 18, '2020-01-31 17:35:42', '2020-01-07 12:00:00', 1, 0, NULL, NULL, 0.00, 0.00, 162.64, 162.64, 0.00, 0, NULL, 'this is order notes', 1, 1, NULL, NULL, 2, 3, '1', 'BB012000011', 16, 0),
	(12, 18, '2020-01-31 17:40:06', '2020-01-07 12:00:00', 1, 0, NULL, NULL, 0.00, 0.00, 19.94, 19.94, 0.00, 0, NULL, 'this is order notes', 1, 1, NULL, NULL, 2, 2, '1', 'BB012000012', 1, 0),
	(13, 18, '2020-01-31 18:18:18', '2020-01-07 12:00:00', 1, 0, NULL, NULL, 0.00, 0.00, 32.89, 32.89, 0.00, 0, NULL, 'order note 2', 1, 1, NULL, NULL, 2, 3, '1', 'BB012000013', 3, 0),
	(14, 18, '2020-01-31 18:54:29', '2020-01-07 12:00:00', 1, 0, NULL, 2020, 0.57, 0.00, 23.85, 23.28, 0.00, 0, NULL, 'sdf', 1, 1, NULL, NULL, 2, 3, '1', 'BB012000014', 2, 0),
	(15, 0, '2020-01-31 18:58:12', '2020-01-07 12:00:00', 1, 7, NULL, NULL, 0.00, 0.00, 27.15, 0.00, 0.00, 0, NULL, '', 0, 1, NULL, NULL, 1, 0, NULL, 'BB012000015', 0, 0),
	(16, 0, '2020-01-31 18:59:49', '2020-01-07 12:00:00', 1, 8, NULL, NULL, 0.00, 0.00, 31.20, 0.00, 0.00, 0, NULL, '', 0, 1, NULL, NULL, 1, 0, NULL, 'BB012000016', 0, 0),
	(17, 0, '2020-01-31 19:00:52', '2020-01-07 12:00:00', 1, 9, NULL, NULL, 0.00, 0.00, 27.75, 0.00, 0.00, 0, NULL, '', 0, 1, NULL, NULL, 1, 0, NULL, 'BB012000017', 0, 0),
	(18, 21, '2020-02-02 16:53:58', '2020-01-07 12:00:00', 1, 0, NULL, 2019, 3.85, 0.00, 14.84, 17.84, 0.00, 3, NULL, 'order note', 1, 1, NULL, NULL, 2, 3, '1', 'BB022000018', 1, 0),
	(19, 0, '2020-02-02 17:08:05', '2020-01-07 12:00:00', 1, 13, NULL, NULL, 0.00, 0.00, 24.54, 0.00, 0.00, 0, NULL, '', 0, 1, NULL, NULL, 1, 0, NULL, 'BB022000019', 0, 0),
	(20, 0, '2020-02-02 17:22:07', '2020-01-07 12:00:00', 1, 14, NULL, NULL, 0.00, 0.00, 23.40, 0.00, 0.00, 0, NULL, '', 0, 1, NULL, NULL, 1, 0, NULL, 'BB022000020', 0, 0),
	(21, 0, '2020-02-02 19:02:34', '2020-01-07 12:00:00', 1, 15, NULL, NULL, 0.00, 0.00, 12.09, 0.00, 0.00, 0, NULL, '', 0, 1, NULL, NULL, 1, 0, NULL, 'BB022000021', 0, 0),
	(22, 0, '2020-02-03 11:51:11', '2020-01-07 12:00:00', 1, 19, NULL, NULL, 0.00, 0.00, 14.55, 0.00, 0.00, 0, NULL, '', 0, 1, NULL, NULL, 1, 0, NULL, 'BB022000022', 0, 0),
	(23, 0, '2020-02-03 12:59:52', '2020-01-07 12:00:00', 1, 16, NULL, NULL, 0.00, 0.00, 17.00, 0.00, 0.00, 0, NULL, '', 0, 1, NULL, NULL, 1, 0, NULL, 'BB022000023', 0, 0),
	(24, 0, '2020-02-03 13:02:51', '2020-01-07 12:00:00', 1, 17, NULL, NULL, 0.00, 0.00, 17.09, 0.00, 0.00, 0, NULL, '', 0, 1, NULL, NULL, 1, 0, NULL, 'BB022000024', 0, 0),
	(25, 0, '2020-02-03 13:06:00', '2020-01-07 12:00:00', 1, 18, NULL, NULL, 0.00, 0.00, 26.05, 0.00, 0.00, 0, NULL, '', 0, 1, NULL, NULL, 1, 0, NULL, 'BB022000025', 0, 0),
	(26, 0, '2020-02-03 13:28:50', '2020-01-07 12:00:00', 1, 22, NULL, NULL, 0.00, 0.00, 76.19, 0.00, 0.00, 0, NULL, '', 0, 1, NULL, NULL, 1, 0, NULL, 'BB022000026', 0, 0),
	(27, 0, '2020-02-03 14:27:42', '2020-01-07 12:00:00', 1, 23, NULL, NULL, 0.00, 0.00, 53.88, 0.00, 0.00, 0, NULL, '', 0, 1, NULL, NULL, 1, 0, NULL, 'BB022000027', 0, 0),
	(28, 0, '2020-02-03 15:21:37', '2020-01-07 12:00:00', 1, 26, NULL, NULL, 0.00, 0.00, 6.00, 0.00, 0.00, 0, NULL, '', 0, 1, NULL, NULL, 1, 0, NULL, 'BB022000028', 0, 0),
	(29, 0, '2020-02-03 15:22:14', '2020-01-07 12:00:00', 1, 27, NULL, NULL, 0.00, 0.00, 13.80, 0.00, 0.00, 0, NULL, '', 0, 1, NULL, NULL, 1, 0, NULL, 'BB022000029', 0, 0),
	(30, 21, '2020-02-03 15:41:48', '2020-01-07 12:00:00', 1, 0, NULL, NULL, 0.00, 0.00, 130.07, 91.04, 0.00, 5, NULL, NULL, 1, 1, NULL, NULL, 2, 3, NULL, 'BBGO022000013', 9, 9),
	(31, 21, '2020-02-03 15:50:13', '2020-01-07 12:00:00', 1, 0, NULL, NULL, 12.94, 0.00, 43.14, 30.20, 0.00, 5, NULL, NULL, 1, 1, NULL, NULL, 2, 3, NULL, 'BBGO022000014', 3, 7),
	(32, 0, '2020-02-03 16:07:20', '2020-01-07 12:00:00', 1, 28, NULL, NULL, 0.00, 0.00, 33.78, 0.00, 0.00, 0, NULL, '', 0, 1, NULL, NULL, 1, 0, NULL, 'BB022000030', 0, 0),
	(33, 0, '2020-02-03 16:08:01', '2020-01-07 12:00:00', 1, 29, NULL, NULL, 0.00, 0.00, 14.74, 0.00, 0.00, 0, NULL, '', 0, 1, NULL, NULL, 1, 0, NULL, 'BB022000031', 0, 0),
	(34, 0, '2020-02-03 16:08:47', '2020-01-07 12:00:00', 1, 30, NULL, NULL, 0.00, 0.00, 20.80, 0.00, 0.00, 0, NULL, '', 0, 1, NULL, NULL, 1, 0, NULL, 'BB022000032', 0, 0),
	(35, 21, '2020-02-03 16:09:27', '2020-01-07 12:00:00', 1, 0, NULL, NULL, 20.80, 0.00, 69.32, 48.51, 0.00, 5, NULL, NULL, 1, 1, NULL, NULL, 2, 3, NULL, 'BBGO022000015', 4, 11),
	(36, 0, '2020-02-03 16:14:40', '2020-01-07 12:00:00', 1, 31, NULL, NULL, 0.00, 0.00, 44.35, 0.00, 0.00, 0, NULL, '', 0, 1, NULL, NULL, 1, 0, NULL, 'BB022000033', 0, 0),
	(37, 0, '2020-02-03 16:15:17', '2020-01-07 12:00:00', 1, 32, NULL, NULL, 0.00, 0.00, 11.25, 0.00, 0.00, 0, NULL, '', 0, 1, NULL, NULL, 1, 0, NULL, 'BB022000034', 0, 0),
	(38, 21, '2020-02-03 16:21:17', '2020-01-07 12:00:00', 1, 0, NULL, NULL, 16.68, 0.00, 55.60, 43.92, 0.00, 5, NULL, NULL, 1, 1, NULL, NULL, 2, 3, NULL, 'BBGO022000016', 4, 12),
	(39, 21, '2020-02-03 17:36:45', '2020-01-07 12:00:00', 1, 0, NULL, NULL, 0.00, 0.00, 6.00, 6.00, 0.00, 0, NULL, '', 1, 1, NULL, NULL, 2, 3, '1', 'BB022000035', 0, 0),
	(40, 21, '2020-02-03 17:40:24', '2020-01-07 12:00:00', 1, 0, NULL, NULL, 0.00, 0.00, 6.00, 6.00, 0.00, 0, NULL, '', 1, 1, NULL, NULL, 2, 3, '1', 'BB022000036', 0, 0),
	(41, 21, '2020-02-03 17:43:42', '2020-01-07 12:00:00', 1, 0, NULL, NULL, 0.00, 0.00, 9.09, 9.09, 0.00, 0, NULL, '', 1, 1, NULL, NULL, 2, 3, '1', 'BB022000037', 0, 0),
	(42, 21, '2020-02-03 17:49:51', '2020-01-07 12:00:00', 1, 0, NULL, NULL, 0.00, 0.00, 9.09, 9.09, 0.00, 0, NULL, '', 1, 1, NULL, NULL, 2, 3, '1', 'BB022000038', 0, 0),
	(43, 21, '2020-02-03 18:01:49', '2020-01-07 12:00:00', 1, 0, NULL, NULL, 0.00, 0.00, 16.80, 16.80, 0.00, 0, NULL, '', 1, 1, NULL, NULL, 2, 3, '1', 'BB022000039', 1, 0),
	(44, 21, '2020-02-03 18:06:04', '2020-01-07 12:00:00', 1, 0, NULL, NULL, 0.00, 0.00, 12.09, 12.09, 0.00, 0, NULL, '', 1, 1, NULL, NULL, 2, 3, '1', 'BB022000040', 1, 0),
	(45, 1, '2020-02-03 19:40:54', '2020-01-07 12:00:00', 1, 0, NULL, NULL, 0.00, 0.00, 6.00, 6.00, 0.00, 0, NULL, '', 1, 1, NULL, NULL, 2, 3, '1', 'BB022000041', 0, 0),
	(46, 1, '2020-02-03 19:46:07', '2020-01-07 12:00:00', 1, 0, NULL, NULL, 0.00, 0.00, 8.50, 8.50, 0.00, 0, NULL, '', 1, 1, NULL, NULL, 2, 3, '1', 'BB022000042', 0, 0),
	(47, 1, '2020-02-03 19:47:16', '2020-01-07 12:00:00', 1, 0, NULL, NULL, 0.00, 0.00, 15.95, 15.95, 0.00, 0, NULL, '', 1, 1, NULL, NULL, 2, 3, '1', 'BB022000043', 1, 0),
	(48, 1, '2020-02-03 19:49:05', '2020-01-07 12:00:00', 1, 0, NULL, NULL, 0.00, 0.00, 6.00, 6.00, 0.00, 0, NULL, '', 1, 1, NULL, NULL, 2, 3, '1', 'BB022000044', 0, 0),
	(49, 1, '2020-02-03 19:50:55', '2020-01-07 12:00:00', 1, 0, NULL, NULL, 0.00, 0.00, 9.00, 9.00, 0.00, 0, NULL, '', 1, 1, NULL, NULL, 2, 3, '1', 'BB022000045', 0, 0),
	(50, 1, '2020-02-03 19:54:36', '2020-01-07 12:00:00', 1, 0, NULL, NULL, 0.00, 0.00, 9.00, 9.00, 0.00, 0, NULL, '', 1, 1, NULL, NULL, 2, 3, '1', 'BB022000046', 0, 0),
	(51, 1, '2020-02-03 19:57:32', '2020-01-07 12:00:00', 1, 0, NULL, NULL, 0.00, 0.00, 8.25, 8.25, 0.00, 0, NULL, '', 1, 1, NULL, NULL, 2, 3, '1', 'BB022000047', 0, 0),
	(52, 1, '2020-02-03 20:00:17', '2020-01-07 12:00:00', 1, 0, NULL, NULL, 0.00, 0.00, 6.00, 6.00, 0.00, 0, NULL, '', 1, 1, NULL, NULL, 2, 3, '1', 'BB022000048', 0, 0),
	(53, 1, '2020-02-03 22:45:01', '2020-01-07 12:00:00', 1, 0, NULL, 2019, 9.20, 0.00, 30.68, 34.68, 0.00, 4, NULL, '', 1, 1, NULL, NULL, 2, 3, '1', 'BB022000049', 3, 0),
	(54, 0, '2020-02-04 16:08:54', '2020-01-07 12:00:00', 1, 38, NULL, NULL, 0.00, 0.00, 15.09, 0.00, 0.00, 0, NULL, '', 0, 1, NULL, NULL, 1, 0, NULL, 'BB022000050', 0, 0),
	(55, 0, '2020-02-04 16:09:47', '2020-01-07 12:00:00', 1, 39, NULL, NULL, 0.00, 0.00, 32.50, 0.00, 0.00, 0, NULL, '', 0, 1, NULL, NULL, 1, 0, NULL, 'BB022000051', 0, 0),
	(56, 0, '2020-02-04 16:10:30', '2020-01-07 12:00:00', 1, 40, NULL, NULL, 0.00, 0.00, 11.85, 0.00, 0.00, 0, NULL, '', 0, 1, NULL, NULL, 1, 0, NULL, 'BB022000052', 0, 0),
	(57, 18, '2020-02-04 16:11:17', '2020-01-07 12:00:00', 1, 0, NULL, NULL, 17.83, 0.00, 59.44, 45.61, 0.00, 4, NULL, NULL, 1, 1, NULL, NULL, 2, 3, NULL, 'BBGO022000017', 4, 15),
	(58, 1, '2020-02-06 19:03:20', '2020-01-09 06:09:00', 1, 0, NULL, NULL, 0.00, 0.00, 34.38, 34.38, 0.00, 0, NULL, '', 1, 1, NULL, NULL, 2, 3, '1', 'BB022000053', 3, 0),
	(59, 1, '2020-02-07 18:22:29', '2020-01-07 12:00:00', 1, 0, NULL, NULL, 0.00, 0.00, 95.16, 95.16, 0.00, 0, NULL, '', 1, 1, NULL, NULL, 2, 3, '1', 'BB022000054', 9, 0),
	(60, 1, '2020-02-07 18:43:02', '2020-01-10 12:00:00', 1, 0, NULL, NULL, 0.00, 0.00, 19.00, 19.00, 0.00, 0, NULL, '', 1, 1, NULL, NULL, 2, 3, '1', 'BB022000055', 1, 0);
/*!40000 ALTER TABLE `order_master` ENABLE KEYS */;

-- Dumping structure for table burritobrothers_db.size
CREATE TABLE IF NOT EXISTS `size` (
  `id` int(11) NOT NULL AUTO_INCREMENT,
  `code` varchar(55) NOT NULL,
  `name` varchar(55) NOT NULL,
  PRIMARY KEY (`id`)
) ENGINE=InnoDB DEFAULT CHARSET=utf8;

-- Dumping data for table burritobrothers_db.size: ~0 rows (approximately)
/*!40000 ALTER TABLE `size` DISABLE KEYS */;
/*!40000 ALTER TABLE `size` ENABLE KEYS */;

-- Dumping structure for table burritobrothers_db.units
CREATE TABLE IF NOT EXISTS `units` (
  `id` int(11) NOT NULL AUTO_INCREMENT,
  `unit_name` varchar(100) DEFAULT NULL,
  `short_name` varchar(10) DEFAULT NULL,
  `base_unit` int(11) DEFAULT NULL,
  `operator` varchar(3) DEFAULT NULL COMMENT 'add, sub, mul, div',
  `conversion_rate` double(12,2) DEFAULT NULL,
  `note` text DEFAULT NULL,
  `status` tinyint(1) DEFAULT 1 COMMENT '1:active, 2:inactive',
  PRIMARY KEY (`id`)
) ENGINE=InnoDB AUTO_INCREMENT=11 DEFAULT CHARSET=utf8;

-- Dumping data for table burritobrothers_db.units: ~10 rows (approximately)
/*!40000 ALTER TABLE `units` DISABLE KEYS */;
INSERT INTO `units` (`id`, `unit_name`, `short_name`, `base_unit`, `operator`, `conversion_rate`, `note`, `status`) VALUES
	(1, 'Kilogram', 'KG', 2, 'mul', 1000.00, NULL, 1),
	(2, 'Gram', 'gm', 1, 'sub', 1000.00, NULL, 1),
	(3, 'Pices', 'Pcs', NULL, NULL, 0.00, NULL, 1),
	(4, 'Dozen', 'Dzn', 3, 'mul', 12.00, NULL, 1),
	(5, 'Liter', 'Ltr', NULL, 'mul', 0.00, NULL, 1),
	(6, 'Mililiter', 'ml', 5, 'div', 1000.00, NULL, 1),
	(7, 'box', 'bx', 0, 'div', 0.00, NULL, 1),
	(8, 'Slice', 'slc', NULL, 'mul', NULL, NULL, 1),
	(9, 'Pounds', 'lb', NULL, NULL, NULL, NULL, 1),
	(10, 'Mili gram', 'mg', NULL, NULL, NULL, 'none', 1);
/*!40000 ALTER TABLE `units` ENABLE KEYS */;

-- Dumping structure for table burritobrothers_db.user_group
CREATE TABLE IF NOT EXISTS `user_group` (
  `id` int(11) NOT NULL AUTO_INCREMENT,
  `group_name` varchar(100) NOT NULL DEFAULT '0',
  `status` tinyint(1) NOT NULL COMMENT '0:active, 1:inactive',
  PRIMARY KEY (`id`)
) ENGINE=InnoDB AUTO_INCREMENT=26 DEFAULT CHARSET=utf8;

-- Dumping data for table burritobrothers_db.user_group: ~3 rows (approximately)
/*!40000 ALTER TABLE `user_group` DISABLE KEYS */;
INSERT INTO `user_group` (`id`, `group_name`, `status`) VALUES
	(21, 'admin', 0),
	(24, 'Sells man', 0),
	(25, 'chef', 0);
/*!40000 ALTER TABLE `user_group` ENABLE KEYS */;

-- Dumping structure for table burritobrothers_db.user_group_member
CREATE TABLE IF NOT EXISTS `user_group_member` (
  `id` int(11) NOT NULL AUTO_INCREMENT,
  `group_id` int(11) DEFAULT 0,
  `emp_id` varchar(20) NOT NULL,
  `status` tinyint(1) DEFAULT NULL COMMENT '0: no access ; 1:access',
  PRIMARY KEY (`id`),
  UNIQUE KEY `Index 2` (`group_id`,`emp_id`),
  KEY `FK_emp_infos` (`emp_id`),
  CONSTRAINT `FK__user_group` FOREIGN KEY (`group_id`) REFERENCES `user_group` (`id`),
  CONSTRAINT `FK_emp_infos` FOREIGN KEY (`emp_id`) REFERENCES `user_infos` (`emp_id`)
) ENGINE=InnoDB AUTO_INCREMENT=20 DEFAULT CHARSET=utf8;

-- Dumping data for table burritobrothers_db.user_group_member: ~14 rows (approximately)
/*!40000 ALTER TABLE `user_group_member` DISABLE KEYS */;
INSERT INTO `user_group_member` (`id`, `group_id`, `emp_id`, `status`) VALUES
	(2, 21, '1000001', 1),
	(3, 21, '1000002', 1),
	(6, 21, '1000004', 0),
	(9, 24, '1000001', 0),
	(10, 24, '1000002', 0),
	(11, 24, '1000003', 0),
	(12, 24, '1000004', 1),
	(13, 21, '1000005', 0),
	(14, 24, '1000005', 1),
	(15, 25, '1000001', 0),
	(16, 25, '1000002', 0),
	(17, 25, '1000003', 0),
	(18, 25, '1000004', 0),
	(19, 25, '1000005', 0);
/*!40000 ALTER TABLE `user_group_member` ENABLE KEYS */;

-- Dumping structure for table burritobrothers_db.user_group_permission
CREATE TABLE IF NOT EXISTS `user_group_permission` (
  `id` int(11) NOT NULL AUTO_INCREMENT,
  `group_id` int(11) DEFAULT 0,
  `action_id` int(11) DEFAULT 0,
  `status` tinyint(1) NOT NULL COMMENT '0: Not Permit, 1: Permit',
  PRIMARY KEY (`id`),
  UNIQUE KEY `Index 2` (`group_id`,`action_id`),
  KEY `FK__activity_actions` (`action_id`),
  CONSTRAINT `FK__activity_actions` FOREIGN KEY (`action_id`) REFERENCES `web_actions` (`id`),
  CONSTRAINT `FK__user_group_id` FOREIGN KEY (`group_id`) REFERENCES `user_group` (`id`)
) ENGINE=InnoDB AUTO_INCREMENT=735 DEFAULT CHARSET=utf8;

-- Dumping data for table burritobrothers_db.user_group_permission: ~157 rows (approximately)
/*!40000 ALTER TABLE `user_group_permission` DISABLE KEYS */;
INSERT INTO `user_group_permission` (`id`, `group_id`, `action_id`, `status`) VALUES
	(251, 21, 11, 1),
	(252, 21, 12, 1),
	(253, 21, 13, 1),
	(254, 21, 14, 1),
	(255, 21, 15, 1),
	(256, 21, 16, 1),
	(257, 21, 43, 1),
	(258, 21, 44, 1),
	(260, 21, 45, 1),
	(583, 21, 10, 1),
	(588, 21, 50, 1),
	(589, 21, 51, 1),
	(590, 21, 52, 1),
	(591, 21, 53, 1),
	(592, 21, 54, 1),
	(593, 21, 55, 1),
	(594, 21, 56, 1),
	(595, 21, 57, 1),
	(596, 21, 58, 1),
	(597, 21, 59, 1),
	(598, 21, 60, 1),
	(599, 21, 61, 1),
	(600, 21, 62, 1),
	(601, 21, 63, 1),
	(602, 21, 64, 1),
	(603, 21, 65, 1),
	(604, 21, 66, 1),
	(605, 21, 67, 1),
	(606, 21, 68, 1),
	(607, 21, 69, 1),
	(608, 21, 70, 0),
	(609, 21, 71, 0),
	(610, 21, 72, 0),
	(611, 21, 73, 0),
	(612, 21, 74, 1),
	(613, 21, 75, 1),
	(614, 21, 76, 1),
	(615, 21, 77, 1),
	(616, 21, 78, 1),
	(617, 21, 79, 1),
	(618, 21, 80, 1),
	(619, 21, 81, 1),
	(620, 21, 82, 1),
	(621, 21, 83, 1),
	(622, 21, 84, 1),
	(623, 21, 85, 1),
	(624, 21, 86, 1),
	(625, 21, 87, 1),
	(626, 21, 88, 0),
	(627, 21, 89, 0),
	(628, 21, 90, 0),
	(629, 21, 94, 0),
	(630, 21, 95, 0),
	(631, 21, 96, 0),
	(632, 21, 97, 0),
	(633, 21, 98, 1),
	(634, 21, 99, 1),
	(635, 21, 100, 1),
	(636, 21, 101, 1),
	(637, 21, 102, 1),
	(638, 24, 10, 0),
	(639, 24, 11, 0),
	(640, 24, 12, 0),
	(641, 24, 13, 0),
	(642, 24, 14, 0),
	(643, 24, 15, 0),
	(644, 24, 16, 0),
	(645, 24, 43, 0),
	(646, 24, 44, 0),
	(647, 24, 45, 0),
	(648, 24, 50, 0),
	(649, 24, 51, 0),
	(650, 24, 52, 0),
	(651, 24, 53, 0),
	(652, 24, 54, 0),
	(653, 24, 55, 0),
	(654, 24, 56, 0),
	(655, 24, 57, 0),
	(656, 24, 58, 0),
	(657, 24, 59, 0),
	(658, 24, 60, 0),
	(659, 24, 61, 0),
	(660, 24, 62, 0),
	(661, 24, 63, 0),
	(662, 24, 64, 0),
	(663, 24, 65, 0),
	(664, 24, 66, 0),
	(665, 24, 67, 0),
	(666, 24, 68, 0),
	(667, 24, 69, 0),
	(668, 24, 74, 0),
	(669, 24, 75, 0),
	(670, 24, 76, 0),
	(671, 24, 77, 0),
	(672, 24, 82, 0),
	(673, 24, 83, 0),
	(674, 24, 84, 0),
	(675, 24, 85, 0),
	(676, 24, 86, 0),
	(677, 24, 87, 0),
	(678, 24, 98, 0),
	(679, 24, 99, 0),
	(680, 24, 100, 0),
	(681, 24, 101, 0),
	(682, 24, 102, 0),
	(683, 21, 103, 0),
	(684, 24, 103, 0),
	(685, 25, 10, 0),
	(686, 25, 11, 0),
	(687, 25, 12, 0),
	(688, 25, 13, 0),
	(689, 25, 14, 0),
	(690, 25, 15, 0),
	(691, 25, 16, 0),
	(692, 25, 43, 0),
	(693, 25, 44, 0),
	(694, 25, 45, 0),
	(695, 25, 50, 0),
	(696, 25, 51, 0),
	(697, 25, 52, 0),
	(698, 25, 53, 0),
	(699, 25, 54, 0),
	(700, 25, 55, 0),
	(701, 25, 56, 0),
	(702, 25, 57, 0),
	(703, 25, 58, 0),
	(704, 25, 59, 0),
	(705, 25, 60, 0),
	(706, 25, 61, 0),
	(707, 25, 62, 0),
	(708, 25, 63, 0),
	(709, 25, 64, 0),
	(710, 25, 65, 0),
	(711, 25, 66, 0),
	(712, 25, 67, 0),
	(713, 25, 68, 0),
	(714, 25, 69, 0),
	(715, 25, 74, 0),
	(716, 25, 75, 0),
	(717, 25, 76, 0),
	(718, 25, 77, 0),
	(719, 25, 78, 0),
	(720, 25, 79, 0),
	(721, 25, 80, 0),
	(722, 25, 81, 0),
	(723, 25, 82, 0),
	(724, 25, 83, 0),
	(725, 25, 84, 0),
	(726, 25, 85, 0),
	(727, 25, 86, 0),
	(728, 25, 87, 0),
	(729, 25, 98, 0),
	(730, 25, 99, 0),
	(731, 25, 100, 0),
	(732, 25, 101, 0),
	(733, 25, 102, 0),
	(734, 25, 103, 0);
/*!40000 ALTER TABLE `user_group_permission` ENABLE KEYS */;

-- Dumping structure for table burritobrothers_db.user_infos
CREATE TABLE IF NOT EXISTS `user_infos` (
  `emp_id` varchar(20) NOT NULL,
  `full_name` varchar(100) NOT NULL,
  `designation_name` varchar(50) NOT NULL,
  `address` text NOT NULL,
  `age` varchar(100) NOT NULL,
  `nid_no` varchar(50) NOT NULL,
  `photo` varchar(100) NOT NULL,
  `contact_no` varchar(50) NOT NULL,
  `email` varchar(50) NOT NULL,
  `blood_group` varchar(50) DEFAULT NULL,
  `health_card_no` varchar(50) DEFAULT NULL,
  `is_active_home_page` tinyint(1) NOT NULL DEFAULT 0,
  `remarks` text DEFAULT NULL,
  PRIMARY KEY (`emp_id`)
) ENGINE=InnoDB DEFAULT CHARSET=utf8;

-- Dumping data for table burritobrothers_db.user_infos: ~5 rows (approximately)
/*!40000 ALTER TABLE `user_infos` DISABLE KEYS */;
INSERT INTO `user_infos` (`emp_id`, `full_name`, `designation_name`, `address`, `age`, `nid_no`, `photo`, `contact_no`, `email`, `blood_group`, `health_card_no`, `is_active_home_page`, `remarks`) VALUES
	('1000001', 'Momit', 'Software Engineer', '', '', '', 'images/employee/moumit.jpg', '01737151125', 'shofiqueshahin@gmail.com', 'B+', '201800001', 1, 'aaaaaaaaaa'),
	('1000002', 'kajol kumar chaki', 'software engineer ', '', '', '23489', 'images/employee/DA90208.jpg', '01757808214', 'kajolchaki@gmail.com', 'o+', NULL, 1, 'none'),
	('1000003', 'jahed', 'Chef', '', '', '345678', 'images/employee/558.jpg', '32456', 'sfho@dsaf.dsf', 'A-', NULL, 1, ''),
	('1000004', 'biplob', 'Store Keeper', '622, West shawrapara, mirpur', '', '2345', '', '21345', 'kumar@mail.com', 'A-', NULL, 1, 'sf'),
	('1000005', 'No one', 'sells man', '', '', '123456', 'images/employee/1576491314Mithu PP.jpg', '2345466', 'kumar@mail.com', 'A-', NULL, 0, 'none');
/*!40000 ALTER TABLE `user_infos` ENABLE KEYS */;

-- Dumping structure for table burritobrothers_db.web_actions
CREATE TABLE IF NOT EXISTS `web_actions` (
  `id` int(11) NOT NULL AUTO_INCREMENT,
  `activity_name` varchar(50) NOT NULL,
  `module_id` int(11) DEFAULT NULL,
  `status` tinyint(1) NOT NULL DEFAULT 0 COMMENT '0:active, 1:inactive',
  PRIMARY KEY (`id`)
) ENGINE=InnoDB AUTO_INCREMENT=104 DEFAULT CHARSET=utf8;

-- Dumping data for table burritobrothers_db.web_actions: ~64 rows (approximately)
/*!40000 ALTER TABLE `web_actions` DISABLE KEYS */;
INSERT INTO `web_actions` (`id`, `activity_name`, `module_id`, `status`) VALUES
	(10, 'User enrty', 1, 0),
	(11, 'User permission', 1, 0),
	(12, 'User update', 1, 0),
	(13, 'User delete', 1, 0),
	(14, 'control panel', 6, 0),
	(15, 'User List', 1, 0),
	(16, 'permission grid', 1, 0),
	(43, 'activity action access', 1, 0),
	(44, 'group permission', 1, 0),
	(45, 'website permission', 1, 0),
	(50, 'Category Entry', 3, 0),
	(51, 'Category Delete', 3, 0),
	(52, 'Category Update', 3, 0),
	(53, 'Category Grid', 3, 0),
	(54, 'Ingredient Entry', 3, 0),
	(55, 'Ingredient Delete', 3, 0),
	(56, 'Ingredient Update', 3, 0),
	(57, 'Ingredient Grid', 3, 0),
	(58, 'Size Entry', 3, 0),
	(59, 'Size Delete', 3, 0),
	(60, 'Size Update', 3, 0),
	(61, 'Size Grid', 3, 0),
	(62, 'Product Entry', 3, 0),
	(63, 'Product Delete', 3, 0),
	(64, 'Product Update', 3, 0),
	(65, 'Product Grid', 3, 0),
	(66, 'Customer Entry', 5, 0),
	(67, 'Customer Delete', 5, 0),
	(68, 'Customer Update', 5, 0),
	(69, 'Customer Grid', 5, 0),
	(70, 'Outlet Entry', 6, 1),
	(71, 'Outlet Update', 6, 1),
	(72, 'Outlet Delete', 6, 1),
	(73, 'Outlet Grid', 6, 1),
	(74, 'Order Entry', 4, 0),
	(75, 'Order Delete', 4, 0),
	(76, 'Order Update', 4, 0),
	(77, 'Order Grid', 4, 0),
	(78, 'cupon entry', 6, 0),
	(79, 'cupon delete', 6, 0),
	(80, 'cupon update', 6, 0),
	(81, 'cupon grid', 6, 0),
	(82, 'Customer Report', 2, 0),
	(83, 'Order Summary Report', 2, 0),
	(84, 'Order Details Report', 2, 0),
	(85, 'Product Report', 2, 0),
	(86, 'Order VS Payment Report', 2, 0),
	(87, 'Product sell report', 2, 0),
	(88, 'Custom Order Grid', 4, 1),
	(89, 'Custom Order Update', 4, 1),
	(90, 'Custom Order Delete', 4, 1),
	(91, 'Custom order Greid', 6, 1),
	(92, 'Custom order update', 6, 1),
	(93, 'Custom order Delete', 6, 1),
	(94, 'Delivery Charge Entry', 6, 1),
	(95, 'Delivery Charge Delete ', 6, 1),
	(96, 'Delivery Charge Update', 6, 1),
	(97, 'Delivery Charge Grid', 6, 1),
	(98, 'Settings', 6, 0),
	(99, 'Expense CRUD', 7, 0),
	(100, 'Unit CRUD', 6, 0),
	(101, 'Stock adjustment', 3, 0),
	(102, 'Stock Grid', 3, 0),
	(103, 'user Grid', 1, 0);
/*!40000 ALTER TABLE `web_actions` ENABLE KEYS */;

-- Dumping structure for table burritobrothers_db.web_menu
CREATE TABLE IF NOT EXISTS `web_menu` (
  `id` int(11) NOT NULL AUTO_INCREMENT,
  `parent_menu_id` int(11) DEFAULT NULL,
  `title` varchar(50) NOT NULL,
  `menu` varchar(50) NOT NULL,
  `description` text NOT NULL,
  PRIMARY KEY (`id`),
  KEY `FK_web_menu_web_menu` (`parent_menu_id`),
  CONSTRAINT `FK_web_menu_web_menu` FOREIGN KEY (`parent_menu_id`) REFERENCES `web_menu` (`id`)
) ENGINE=InnoDB AUTO_INCREMENT=64 DEFAULT CHARSET=utf8;

-- Dumping data for table burritobrothers_db.web_menu: ~36 rows (approximately)
/*!40000 ALTER TABLE `web_menu` DISABLE KEYS */;
INSERT INTO `web_menu` (`id`, `parent_menu_id`, `title`, `menu`, `description`) VALUES
	(16, 16, 'Services', 'services', '<p>Shastho Shikkha ( Ss), &nbsp;&nbsp; <span style="background-color:transparent; color:rgb(51, 51, 51); font-family:sans-serif,arial,verdana,trebuchet ms; font-size:13px">Medical Services&nbsp; ( Ms) , </span>&nbsp;<span style="background-color:transparent; color:rgb(51, 51, 51); font-family:sans-serif,arial,verdana,trebuchet ms; font-size:13px">&nbsp; Law Awarness &amp; Services ( Las)</span> , &nbsp; &nbsp; &nbsp; &nbsp; &nbsp; &nbsp; &nbsp; &nbsp; &nbsp; &nbsp; &nbsp; &nbsp; &nbsp; &nbsp; &nbsp; &nbsp; &nbsp; &nbsp; &nbsp; &nbsp; &nbsp; &nbsp; &nbsp; &nbsp; &nbsp; &nbsp; &nbsp; &nbsp; &nbsp; &nbsp; &nbsp; &nbsp; &nbsp; &nbsp; &nbsp; &nbsp; &nbsp; &nbsp; &nbsp; &nbsp; &nbsp; &nbsp; &nbsp; &nbsp; &nbsp; &nbsp; &nbsp; &nbsp; &nbsp; &nbsp; &nbsp; &nbsp; &nbsp; &nbsp; &nbsp; &nbsp; &nbsp; &nbsp; &nbsp; &nbsp; &nbsp; &nbsp; &nbsp; &nbsp; &nbsp; &nbsp; &nbsp; &nbsp; &nbsp; &nbsp; &nbsp; &nbsp; &nbsp; &nbsp; &nbsp; &nbsp; &nbsp; &nbsp; &nbsp; &nbsp; &nbsp; &nbsp; &nbsp; &nbsp; &nbsp; &nbsp; &nbsp; &nbsp; &nbsp; &nbsp; &nbsp; &nbsp; &nbsp; &nbsp; &nbsp; &nbsp; &nbsp; &nbsp; &nbsp; &nbsp; &nbsp; &nbsp; &nbsp; &nbsp; &nbsp; &nbsp; &nbsp; &nbsp; &nbsp; &nbsp; &nbsp; &nbsp; &nbsp; &nbsp; &nbsp; &nbsp; &nbsp; &nbsp; &nbsp; &nbsp; &nbsp; &nbsp; &nbsp; &nbsp; &nbsp; &nbsp; &nbsp; &nbsp; &nbsp; &nbsp; &nbsp; &nbsp; &nbsp; &nbsp; &nbsp; &nbsp; &nbsp; &nbsp; &nbsp; &nbsp; &nbsp;&nbsp;</p>\r\n\r\n<p>&nbsp;</p>\r\n'),
	(28, 28, 'ABOUT US', 'about-us', '<p>We are extremely proud to inform you our new concept, <span style="color:#3b2413"><strong>Cakencookie</strong></span>. Yes it&rsquo;s a new brand of Bakery &amp; Pastry. It&rsquo;s a sophisticated brand of Nafisa Food &amp; Beverage Ltd. The inhabitants of Dhaka City are getting accustomed to Western and European culture , at the same time huge number of expats are travelling to Bangladesh especially Dhaka due to business . Consequently hospitality industry is growing so fast. Restaurant, Cafe, Club, Bar are increasing dramatically to accomplish the need of locals and expats.</p>\r\n\r\n<p>This logical evolutionary change has drawn our attention and the thirst of people towards variety of food items drive us to shape our business concept regarding the brand, <span style="color:#3b2413"><strong>Cakencookie</strong></span>.</p>\r\n'),
	(29, 16, 'Helth Awarness', 'Helth Awarness', '<p>We awar people about some dangarous disease like Cancer, Diabetic, Strock, Adolescent Nutrition, Reproductive Health etc.</p>\r\n'),
	(30, 16, 'Diagnosis Services', 'Diagnosis Services', '<p>We provide &quot;Diagnosis Card&quot; thus people get discount on diagonisis in several Diagnostic Center For Primary Disease identifying.</p>\r\n'),
	(31, 16, 'Doctors Consultancy', 'Doctors Consultancy', '<p>We will provide/suggest Specialist&nbsp; doctor and best treatment process for a specific disease . Services holder will&nbsp; get Specialist Doctors Consultancy From Self Service Center <span style="background-color:transparent; color:rgb(51, 51, 51); font-family:sans-serif,arial,verdana,trebuchet ms; font-size:13px">w</span><span style="background-color:transparent; color:rgb(51, 51, 51); font-family:sans-serif,arial,verdana,trebuchet ms; font-size:13px">ith w</span><span style="background-color:transparent; color:rgb(51, 51, 51); font-family:sans-serif,arial,verdana,trebuchet ms; font-size:13px">eb Camera.</span></p>\r\n'),
	(32, 16, 'Medicin Care', 'Medicin Care', '<p>One of the Main target is to provide people medicine for cheap rate and free(Special cases) From Selective Medicin Shop With internet Health Card.</p>\r\n'),
	(33, 16, 'Doctors Serial', 'Doctors Serial', '<p>We will arrange doctor&#39;s serial, because it is very difficult to manage a serial for a rural people</p>\r\n'),
	(34, 16, 'Law Services', 'Law Services', '<p>Grow awareness &amp; law support against torture, child Marrige,eve-teasing, dowry, terrorism, intoxicating &amp; militancy</p>\r\n'),
	(35, 28, 'OUR MISSION', 'mission', '<p>Our competent team members are the main strength point of this sophisticated food brand whose are committed to provide superior quality of bakery, pastries, savories, cakes &amp; ice creams. Our motto is to achieve customers satisfaction through implementing total quality management (TQM) . We are highly committed to collect fresh &amp; purest raw materials, process them in a very systematic and hygienic way for making the fine tuned product by our talented chefs. We do focus on our customer feedback &amp; work on it to provide them wow experience that makes them repeat customers.</p>\r\n'),
	(36, 28, 'OUR VISION', 'vision', '<p>Be the leader of the bakery market through ensuring quality, service, innovation &amp; affordable prices to fulfill the needs of our precious customer &amp; consumer.</p>\r\n'),
	(37, 28, 'PRODUCTS WE OFFER', 'service', '<p>We believe that the most promising cafes are those which have firm determination to meet guest expectations through their quality of product &amp; Service. This belief has lead us to flourish the brand <span style="color:#3b2413"><strong>Cakencookie </strong></span>that will offer quality of Bakery, Pastry, Hot Savoury, accompanied of varieties coffee and different flavoured Ice-Cream. In short, it&rsquo;s a one stop service offer for the guest convenient only.</p>\r\n'),
	(38, 38, 'Contact', 'contact', '<p>Contact address here</p>\r\n'),
	(39, 38, 'Address', 'address', '<p>Mohammadpur, Dhaka, Bangladesh 1207,</p><br />\r\n<p>Tongi, Gazipur, Bangladesh 1207,</p>\r\n\r\n'),
	(40, 38, 'Mobile', 'mobile', '<p>01613313670</p>\r\n'),
	(41, 38, 'Email', 'email', '<p>marketing@cakencookie.net</p>\r\n'),
	(42, 38, 'Office Time', ' Office Time', '<p>10:00 AM&nbsp; to 6:00 PM</p>\r\n'),
	(43, 43, 'Terms & Conditions', 'Terms & Conditions', '<p>OVERVIEW</p>\r\n\r\n<p>This website is operated by Cakencookies. Throughout the site, the terms &ldquo;we&rdquo;, &ldquo;us&rdquo; and &ldquo;our&rdquo; refer to Cakencookies. Cakencookies offers this website, including all information, tools and services available from this site to you, the user, conditioned upon your acceptance of all terms, conditions, policies and notices stated here.</p>\r\n\r\n<p>By visiting our site and/ or purchasing something from us, you engage in our &ldquo;Service&rdquo; and agree to be bound by the following terms and conditions (&ldquo;Terms of Service&rdquo;, &ldquo;Terms&rdquo;), including those additional terms and conditions and policies referenced herein and/or available by hyperlink. These Terms of Service apply to all users of the site, including without limitation users who are browsers, vendors, customers, merchants, and/ or contributors of content.</p>\r\n\r\n<p>Please read these Terms of Service carefully before accessing or using our website. By accessing or using any part of the site, you agree to be bound by these Terms of Service. If you do not agree to all the terms and conditions of this agreement, then you may not access the website or use any services. If these Terms of Service are considered an offer, acceptance is expressly limited to these Terms of Service.</p>\r\n\r\n<p>Any new features or tools which are added to the current store shall also be subject to the Terms of Service. You can review the most current version of the Terms of Service at any time on this page. We reserve the right to update, change or replace any part of these Terms of Service by posting updates and/or changes to our website. It is your responsibility to check this page periodically for changes. Your continued use of or access to the website following the posting of any changes constitutes acceptance of those changes.</p>\r\n\r\n<p>Our store is hosted on EyHost Hosting Service and 2Checkout provides us with the online e-commerce platform that allows us to sell our products and services to you.</p>\r\n\r\n<p>SECTION 1 &ndash; ONLINE STORE TERMS</p>\r\n\r\n<p>By agreeing to these Terms of Service, you represent that you are at least the age of majority in your state or province of residence, or that you are the age of majority in your state or province of residence and you have given us your consent to allow any of your minor dependents to use this site.</p>\r\n\r\n<p>You may not use our products for any illegal or unauthorized purpose nor may you, in the use of the Service, violate any laws in your jurisdiction (including but not limited to copyright laws).</p>\r\n\r\n<p>You must not transmit any worms or viruses or any code of a destructive nature.</p>\r\n\r\n<p>A breach or violation of any of the Terms will result in an immediate termination of your Services.</p>\r\n\r\n<p>SECTION 2 &ndash; GENERAL CONDITIONS</p>\r\n\r\n<p>We reserve the right to refuse service to anyone for any reason at any time.</p>\r\n\r\n<p>You understand that your content (not including credit card information), may be transferred unencrypted and involve (a) transmissions over various networks; and (b) changes to conform and adapt to technical requirements of connecting networks or devices. Credit card information is always encrypted during transfer over networks.</p>\r\n\r\n<p>You agree not to reproduce, duplicate, copy, sell, resell or exploit any portion of the Service, use of the Service, or access to the Service or any contact on the website through which the service is provided, without express written permission by us.</p>\r\n\r\n<p>The headings used in this agreement are included for convenience only and will not limit or otherwise affect these Terms.</p>\r\n\r\n<p>SECTION 3 &ndash; ACCURACY, COMPLETENESS AND TIMELINESS OF INFORMATION</p>\r\n\r\n<p>We are not responsible if information made available on this site is not accurate, complete or current. The material on this site is provided for general information only and should not be relied upon or used as the sole basis for making decisions without consulting primary, more accurate, more complete or more timely sources of information. Any reliance on the material on this site is at your own risk.</p>\r\n\r\n<p>This site may contain certain historical information. Historical information, necessarily, is not current and is provided for your reference only. We reserve the right to modify the contents of this site at any time, but we have no obligation to update any information on our site. You agree that it is your responsibility to monitor changes to our site.</p>\r\n\r\n<p>SECTION 4 &ndash; MODIFICATIONS TO THE SERVICE AND PRICES</p>\r\n\r\n<p>Prices for our products are subject to change without notice.</p>\r\n\r\n<p>We reserve the right at any time to modify or discontinue the Service (or any part or content thereof) without notice at any time.</p>\r\n\r\n<p>We shall not be liable to you or to any third-party for any modification, price change, suspension or discontinuance of the Service.</p>\r\n\r\n<p>SECTION 5 &ndash; PRODUCTS OR SERVICES (if applicable)</p>\r\n\r\n<p>Certain products or services may be available exclusively online through the website. These products or services may have limited quantities and are subject to return or exchange only according to our Return Policy.</p>\r\n\r\n<p>We have made every effort to display as accurately as possible the colors and images of our products that appear at the store. We cannot guarantee that your computer monitor&rsquo;s display of any color will be accurate.</p>\r\n\r\n<p>We reserve the right, but are not obligated, to limit the sales of our products or Services to any person, geographic region or jurisdiction. We may exercise this right on a case-by-case basis. We reserve the right to limit the quantities of any products or services that we offer. All descriptions of products or product pricing are subject to change at anytime without notice, at the sole discretion of us. We reserve the right to discontinue any product at any time. Any offer for any product or service made on this site is void where prohibited.</p>\r\n\r\n<p>We do not warrant that the quality of any products, services, information, or other material purchased or obtained by you will meet your expectations, or that any errors in the Service will be corrected.</p>\r\n\r\n<p>SECTION 6 &ndash; ACCURACY OF BILLING AND ACCOUNT INFORMATION</p>\r\n\r\n<p>We reserve the right to refuse any order you place with us. We may, in our sole discretion, limit or cancel quantities purchased per person, per household or per order. These restrictions may include orders placed by or under the same customer account, the same credit card, and/or orders that use the same billing and/or shipping address. In the event that we make a change to or cancel an order, we may attempt to notify you by contacting the e-mail and/or billing address/phone number provided at the time the order was made. We reserve the right to limit or prohibit orders that, in our sole judgment, appear to be placed by dealers, resellers or distributors.</p>\r\n\r\n<p>You agree to provide current, complete and accurate purchase and account information for all purchases made at our store. You agree to promptly update your account and other information, including your email address and credit card numbers and expiration dates, so that we can complete your transactions and contact you as needed.</p>\r\n\r\n<p>For more detail, please review our Returns Policy.</p>\r\n\r\n<p>SECTION 7 &ndash; OPTIONAL TOOLS</p>\r\n\r\n<p>We may provide you with access to third-party tools over which we neither monitor nor have any control nor input.</p>\r\n\r\n<p>You acknowledge and agree that we provide access to such tools &rdquo;as is&rdquo; and &ldquo;as available&rdquo; without any warranties, representations or conditions of any kind and without any endorsement. We shall have no liability whatsoever arising from or relating to your use of optional third-party tools.</p>\r\n\r\n<p>Any use by you of optional tools offered through the site is entirely at your own risk and discretion and you should ensure that you are familiar with and approve of the terms on which tools are provided by the relevant third-party provider(s).</p>\r\n\r\n<p>We may also, in the future, offer new services and/or features through the website (including, the release of new tools and resources). Such new features and/or services shall also be subject to these Terms of Service.</p>\r\n\r\n<p>SECTION 8 &ndash; THIRD-PARTY LINKS</p>\r\n\r\n<p>Certain content, products and services available via our Service may include materials from third-parties.</p>\r\n\r\n<p>Third-party links on this site may direct you to third-party websites that are not affiliated with us. We are not responsible for examining or evaluating the content or accuracy and we do not warrant and will not have any liability or responsibility for any third-party materials or websites, or for any other materials, products, or services of third-parties.</p>\r\n\r\n<p>We are not liable for any harm or damages related to the purchase or use of goods, services, resources, content, or any other transactions made in connection with any third-party websites. Please review carefully the third-party&rsquo;s policies and practices and make sure you understand them before you engage in any transaction. Complaints, claims, concerns, or questions regarding third-party products should be directed to the third-party.</p>\r\n\r\n<p>SECTION 9 &ndash; USER COMMENTS, FEEDBACK AND OTHER SUBMISSIONS</p>\r\n\r\n<p>If, at our request, you send certain specific submissions (for example contest entries) or without a request from us you send creative ideas, suggestions, proposals, plans, or other materials, whether online, by email, by postal mail, or otherwise (collectively, &lsquo;comments&rsquo;), you agree that we may, at any time, without restriction, edit, copy, publish, distribute, translate and otherwise use in any medium any comments that you forward to us. We are and shall be under no obligation (1) to maintain any comments in confidence; (2) to pay compensation for any comments; or (3) to respond to any comments.</p>\r\n\r\n<p>We may, but have no obligation to, monitor, edit or remove content that we determine in our sole discretion are unlawful, offensive, threatening, libelous, defamatory, pornographic, obscene or otherwise objectionable or violates any party&rsquo;s intellectual property or these Terms of Service.</p>\r\n\r\n<p>You agree that your comments will not violate any right of any third-party, including copyright, trademark, privacy, personality or other personal or proprietary right. You further agree that your comments will not contain libelous or otherwise unlawful, abusive or obscene material, or contain any computer virus or other malware that could in any way affect the operation of the Service or any related website. You may not use a false e-mail address, pretend to be someone other than yourself, or otherwise mislead us or third-parties as to the origin of any comments. You are solely responsible for any comments you make and their accuracy. We take no responsibility and assume no liability for any comments posted by you or any third-party.</p>\r\n\r\n<p>SECTION 10 &ndash; PERSONAL INFORMATION</p>\r\n\r\n<p>Your submission of personal information through the store is governed by our Privacy Policy. To view our Privacy Policy.</p>\r\n\r\n<p>SECTION 11 &ndash; ERRORS, INACCURACIES AND OMISSIONS</p>\r\n\r\n<p>Occasionally there may be information on our site or in the Service that contains typographical errors, inaccuracies or omissions that may relate to product descriptions, pricing, promotions, offers, product shipping charges, transit times and availability. We reserve the right to correct any errors, inaccuracies or omissions, and to change or update information or cancel orders if any information in the Service or on any related website is inaccurate at any time without prior notice (including after you have submitted your order).</p>\r\n\r\n<p>We undertake no obligation to update, amend or clarify information in the Service or on any related website, including without limitation, pricing information, except as required by law. No specified update or refresh date applied in the Service or on any related website, should be taken to indicate that all information in the Service or on any related website has been modified or updated.</p>\r\n\r\n<p>SECTION 12 &ndash; PROHIBITED USES</p>\r\n\r\n<p>In addition to other prohibitions as set forth in the Terms of Service, you are prohibited from using the site or its content: (a) for any unlawful purpose; (b) to solicit others to perform or participate in any unlawful acts; (c) to violate any international, federal, provincial or state regulations, rules, laws, or local ordinances; (d) to infringe upon or violate our intellectual property rights or the intellectual property rights of others; (e) to harass, abuse, insult, harm, defame, slander, disparage, intimidate, or discriminate based on gender, sexual orientation, religion, ethnicity, race, age, national origin, or disability; (f) to submit false or misleading information; (g) to upload or transmit viruses or any other type of malicious code that will or may be used in any way that will affect the functionality or operation of the Service or of any related website, other websites, or the Internet; (h) to collect or track the personal information of others; (i) to spam, phish, pharm, pretext, spider, crawl, or scrape; (j) for any obscene or immoral purpose; or (k) to interfere with or circumvent the security features of the Service or any related website, other websites, or the Internet. We reserve the right to terminate your use of the Service or any related website for violating any of the prohibited uses.</p>\r\n\r\n<p>SECTION 13 &ndash; DISCLAIMER OF WARRANTIES; LIMITATION OF LIABILITY</p>\r\n\r\n<p>We do not guarantee, represent or warrant that your use of our service will be uninterrupted, timely, secure or error-free.</p>\r\n\r\n<p>We do not warrant that the results that may be obtained from the use of the service will be accurate or reliable.</p>\r\n\r\n<p>You agree that from time to time we may remove the service for indefinite periods of time or cancel the service at any time, without notice to you.</p>\r\n\r\n<p>You expressly agree that your use of, or inability to use, the service is at your sole risk. The service and all products and services delivered to you through the service are (except as expressly stated by us) provided &lsquo;as is&rsquo; and &lsquo;as available&rsquo; for your use, without any representation, warranties or conditions of any kind, either express or implied, including all implied warranties or conditions of merchantability, merchantable quality, fitness for a particular purpose, durability, title, and non-infringement.</p>\r\n\r\n<p>In no case shall Cakencookies, our directors, officers, employees, affiliates, agents, contractors, interns, suppliers, service providers or licensors be liable for any injury, loss, claim, or any direct, indirect, incidental, punitive, special, or consequential damages of any kind, including, without limitation lost profits, lost revenue, lost savings, loss of data, replacement costs, or any similar damages, whether based in contract, tort (including negligence), strict liability or otherwise, arising from your use of any of the service or any products procured using the service, or for any other claim related in any way to your use of the service or any product, including, but not limited to, any errors or omissions in any content, or any loss or damage of any kind incurred as a result of the use of the service or any content (or product) posted, transmitted, or otherwise made available via the service, even if advised of their possibility. Because some states or jurisdictions do not allow the exclusion or the limitation of liability for consequential or incidental damages, in such states or jurisdictions, our liability shall be limited to the maximum extent permitted by law.</p>\r\n\r\n<p>SECTION 14 &ndash; INDEMNIFICATION</p>\r\n\r\n<p>You agree to indemnify, defend and hold harmless King&rsquo;s Confectionery (Bangladesh) Pte. Ltd. and our parent, subsidiaries, affiliates, partners, officers, directors, agents, contractors, licensors, service providers, subcontractors, suppliers, interns and employees, harmless from any claim or demand, including reasonable attorneys&rsquo; fees, made by any third-party due to or arising out of your breach of these Terms of Service or the documents they incorporate by reference, or your violation of any law or the rights of a third-party.</p>\r\n\r\n<p>SECTION 15 &ndash; SEVERABILITY</p>\r\n\r\n<p>In the event that any provision of these Terms of Service is determined to be unlawful, void or unenforceable, such provision shall nonetheless be enforceable to the fullest extent permitted by applicable law, and the unenforceable portion shall be deemed to be severed from these Terms of Service, such determination shall not affect the validity and enforceability of any other remaining provisions.</p>\r\n\r\n<p>SECTION 16 &ndash; TERMINATION</p>\r\n\r\n<p>The obligations and liabilities of the parties incurred prior to the termination date shall survive the termination of this agreement for all purposes.</p>\r\n\r\n<p>These Terms of Service are effective unless and until terminated by either you or us. You may terminate these Terms of Service at any time by notifying us that you no longer wish to use our Services, or when you cease using our site.</p>\r\n\r\n<p>If in our sole judgment you fail, or we suspect that you have failed, to comply with any term or provision of these Terms of Service, we also may terminate this agreement at any time without notice and you will remain liable for all amounts due up to and including the date of termination; and/or accordingly may deny you access to our Services (or any part thereof).</p>\r\n\r\n<p>SECTION 17 &ndash; ENTIRE AGREEMENT</p>\r\n\r\n<p>The failure of us to exercise or enforce any right or provision of these Terms of Service shall not constitute a waiver of such right or provision.</p>\r\n\r\n<p>These Terms of Service and any policies or operating rules posted by us on this site or in respect to The Service constitutes the entire agreement and understanding between you and us and govern your use of the Service, superseding any prior or contemporaneous agreements, communications and proposals, whether oral or written, between you and us (including, but not limited to, any prior versions of the Terms of Service).</p>\r\n\r\n<p>Any ambiguities in the interpretation of these Terms of Service shall not be construed against the drafting party.</p>\r\n\r\n<p>SECTION 18 &ndash; JURISDICTION AND RESTRICTION</p>\r\n\r\n<p>Cakencookies controls and maintains this Web Site from Bangladesh. The materials and information contained in this section of this Web Site, relating to Bangladesh, is directed at and restricted to individuals resident in or entities having a place of business in Bangladesh ONLY. The Cakencookies makes no representation that the materials and information contained herein is appropriate or available for use in other locations / jurisdictions.</p>\r\n\r\n<p>These Terms and Conditions are governed by and construed in accordance with the laws of Bangladesh and any dispute relating thereto shall be subject to the non-exclusive jurisdiction of the courts of Bangladesh.</p>\r\n\r\n<p>SECTION 19 &ndash; CHANGES TO TERMS OF SERVICE</p>\r\n\r\n<p>You can review the most current version of the Terms of Service at any time at this page.</p>\r\n\r\n<p>We reserve the right, at our sole discretion, to update, change or replace any part of these Terms of Service by posting updates and changes to our website. It is your responsibility to check our website periodically for changes. Your continued use of or access to our website or the Service following the posting of any changes to these Terms of Service constitutes acceptance of those changes.</p>\r\n\r\n<p>SECTION 20 &ndash; CONTACT INFORMATION</p>\r\n'),
	(45, NULL, 'Privacy Policy', 'Privacy', '<p>SECTION 1 &ndash; WHAT DO WE DO WITH YOUR INFORMATION?</p>\r\n\r\n<p>When you purchase something from our store, as part of the buying and selling process, we collect the personal information you give us such as your name, address and email address.</p>\r\n\r\n<p>When you browse our store, we also automatically receive your computer&rsquo;s internet protocol (IP) address in order to provide us with information that helps us learn about your browser and operating system.</p>\r\n\r\n<p>Email marketing (if applicable): With your permission, we may send you emails about our store, new products and other updates.</p>\r\n\r\n<p>SECTION 2 &ndash; CONSENT</p>\r\n\r\n<p>How do you get my consent?</p>\r\n\r\n<p>When you provide us with personal information to complete a transaction, verify your credit card, place an order, arrange for a delivery or return a purchase, we imply that you consent to our collecting it and using it for that specific reason only.</p>\r\n\r\n<p>If we ask for your personal information for a secondary reason, like marketing, we will either ask you directly for your expressed consent, or provide you with an opportunity to say no.</p>\r\n\r\n<p>How do I withdraw my consent?</p>\r\n\r\n<p>If after you opt-in, you change your mind, you may withdrawing your consent for us to contact you, for the continued collection, use or disclosure of your information, at anytime, by contacting us at info@kingsbd.com or mailing us at:</p>\r\n\r\n<p>Cakencookies</p>\r\n\r\n<p>House No. 17, Road No. 11, Block G, Banani, Dhaka-1213, Bangladesh</p>\r\n\r\n<p>SECTION 3 &ndash; DISCLOSURE</p>\r\n\r\n<p>We may disclose your personal information if we are required by law to do so or if you violate our Terms of Service.</p>\r\n\r\n<p>SECTION 4 &ndash; EyHOST HOSTING SERVICE &amp; 2CHECKOUT</p>\r\n\r\n<p>Our store is hosted on EyHost Hosting Service and our direct payment gateway is provided by 2Checkout. They provide us with the online e-commerce platform that allows us to sell our products and services to you.</p>\r\n\r\n<p>Your data is stored through EyHost Hosting Service&rsquo;s and 2Checkout&rsquo;s data storage, databases and the general 2Checkout application. They store your data on a secure server behind a firewall.</p>\r\n\r\n<p>Payment:</p>\r\n\r\n<p>If you choose a direct payment gateway to complete your purchase, then 2Checkout stores your credit card data. It is encrypted through the Payment Card Industry Data Security Standard (PCI-DSS). Your purchase transaction data is stored only as long as is necessary to complete your purchase transaction. After that is complete, your purchase transaction information is deleted.</p>\r\n\r\n<p>All direct payment gateways adhere to the standards set by PCI-DSS as managed by the PCI Security Standards Council, which is a joint effort of brands like Visa, MasterCard, American Express and Discover.</p>\r\n\r\n<p>PCI-DSS requirements help ensure the secure handling of credit card information by our store and its service providers.</p>\r\n\r\n<p>For more insight, you may also want to read 2Checkout&rsquo;s Terms of Service here https://www.2checkout.com/policies/terms-of-use or Privacy Statement here https://www.2checkout.com/policies/privacy-policy.</p>\r\n\r\n<p>SECTION 5 &ndash; THIRD-PARTY SERVICES</p>\r\n\r\n<p>In general, the third-party providers used by us will only collect, use and disclose your information to the extent necessary to allow them to perform the services they provide to us.</p>\r\n\r\n<p>However, certain third-party service providers, such as payment gateways and other payment transaction processors, have their own privacy policies in respect to the information we are required to provide to them for your purchase-related transactions.</p>\r\n\r\n<p>For these providers, we recommend that you read their privacy policies so you can understand the manner in which your personal information will be handled by these providers.</p>\r\n\r\n<p>In particular, remember that certain providers may be located in or have facilities that are located a different jurisdiction than either you or us. So if you elect to proceed with a transaction that involves the services of a third-party service provider, then your information may become subject to the laws of the jurisdiction(s) in which that service provider or its facilities are located.</p>\r\n\r\n<p>Once you leave our store&rsquo;s website or are redirected to a third-party website or application, you are no longer governed by this Privacy Policy or our website&rsquo;s Terms of Service.</p>\r\n\r\n<p>Links</p>\r\n\r\n<p>When you click on links on our store, they may direct you away from our site. We are not responsible for the privacy practices of other sites and encourage you to read their privacy statements.</p>\r\n\r\n<p>Google analytics:</p>\r\n\r\n<p>Our store uses Google Analytics to help us learn about who visits our site and what pages are being looked at.</p>\r\n\r\n<p>SECTION 6 &ndash; SECURITY</p>\r\n\r\n<p>To protect your personal information, we take reasonable precautions and follow industry best practices to make sure it is not inappropriately lost, misused, accessed, disclosed, altered or destroyed.</p>\r\n\r\n<p>If you provide us with your credit card information, the information is encrypted using secure socket layer technology (SSL) and stored with a AES-256 encryption.&nbsp; Although no method of transmission over the Internet or electronic storage is 100% secure, we follow all PCI-DSS requirements and implement additional generally accepted industry standards.</p>\r\n\r\n<p>SECTION 7 &ndash; COOKIES</p>\r\n\r\n<p>In order to improve our Internet service to you, we will occasionally use a &ldquo;cookie&rdquo; and/or other similar files or programs which may place certain information on your computer&rsquo;s hard drive when you visit an Cakencookies&rsquo;s web site. A cookie is a small amount of data that our web server sends to your web browser when you visit certain parts of our site. We may use cookies to:</p>\r\n\r\n<p>&nbsp;&nbsp;&nbsp; allow us to recognise the PC you are using when you return to our web site so that we can understand your interest in our web site and tailor its content and advertisements to match your interests (This type of cookie may be stored permanently on your PC but does not contain any information that can identify you personally.);<br />\r\n&nbsp;&nbsp;&nbsp; identify you after you have logged in by storing a temporary reference number in the cookie so that our web server can conduct a dialogue with you while simultaneously dealing with other customers. (Your browser keeps this type of cookie until you log off or close down your browser when these types of cookie are normally deleted. No other information is stored in this type of cookie.);<br />\r\n&nbsp;&nbsp;&nbsp; allow you to carry information across pages of our site and avoid having to re-enter that information;<br />\r\n&nbsp;&nbsp;&nbsp; allow you access to stored information if you register for any of our on-line services;<br />\r\n&nbsp;&nbsp;&nbsp; enable us to produce statistical information (anonymous) which helps us to improve the structure and content of our web site;<br />\r\n&nbsp;&nbsp;&nbsp; enable us to evaluate the effectiveness of our advertising and promotions.</p>\r\n\r\n<p>Cookies do not enable us to gather personal information about you unless you give the information to our server. Most Internet browser software allows the blocking of all cookies or enables you to receive a warning before a cookie is stored. For further information, please refer to your Internet browser software instructions or help screen.</p>\r\n\r\n<p>SECTION 8 &ndash; INTERNET COMMUNICATIONS</p>\r\n\r\n<p>In order to maintain the security of our systems, protect our staff, record transactions, and, in certain circumstances, to prevent and detect crime or unauthorized activities, Cakencookies reserves the right to monitor all internet communications including web and email traffic into and out of its domains.</p>\r\n\r\n<p>SECTION 9 &ndash; AGE OF CONSENT</p>\r\n\r\n<p>By using this site, you represent that you are at least the age of majority in your state or province of residence, or that you are the age of majority in your state or province of residence and you have given us your consent to allow any of your minor dependents to use this site.</p>\r\n\r\n<p>SECTION 10 &ndash; CHANGES TO THIS PRIVACY POLICY</p>\r\n\r\n<p>We reserve the right to modify this privacy policy at any time, so please review it frequently. Changes and clarifications will take effect immediately upon their posting on the website. If we make material changes to this policy, we will notify you here that it has been updated, so that you are aware of what information we collect, how we use it, and under what circumstances, if any, we use and/or disclose it.</p>\r\n\r\n<p>If our store is acquired or merged with another company, your information may be transferred to the new owners so that we may continue to sell products to you.</p>\r\n\r\n<p>QUESTIONS AND CONTACT INFORMATION</p>\r\n\r\n<p>If you would like to: access, correct, amend or delete any personal information we have about you, register a complaint, or simply want more information contact our Privacy Compliance Officer at info@kingsbd.com or by mail at</p>\r\n'),
	(46, 28, 'REFUND POLICY', 'Refund Policy', '<p>Any changes or cancellations to your order must be placed at least 48 hours in advance of the scheduled delivery or pick up time of your order.&nbsp; If a cancellation is placed at least 48 hours in advance, we are able to issue a 100% refund for your order.&nbsp; Any cancellations or changes made within 48 hours of the scheduled delivery or pick up time of your order are completely non-refundable.</p>\r\n\r\n<p>If you are unsatisfied with your purchase for any reason after delivery of the product has been accepted, please give us a call at</p>\r\n\r\n<p>1. COO : +8801613313688<br />\r\n2. Manager Operation : +8801613313679</p>\r\n\r\n<p>&nbsp;so we can remedy the situation.</p>\r\n'),
	(47, 28, 'SPECIALITY', 'Speciality', '<p>The Quality &amp; Quantity of Products, Personalized Service &amp; Prompt Delivery are Our Strength as well as Speciality</p>\r\n'),
	(48, 55, 'Special Menu', 'Special Menu', '<p>the menu consist of cakes, pastries, savories &amp; more of freshly baked bakeries which are really prepared with care for our valued customers</p>\r\n'),
	(49, NULL, 'Welcome Subtitle', 'Welcome Subtitle', '<h6>Savory/Pastry/Cake/Coffee/Cookies/Bread</h6>\r\n'),
	(50, NULL, 'We Are Best', 'We Are Best', '<p>Cake, Pastry, Savory</p>\r\n'),
	(51, 55, 'Fresh Products', 'Fresh Products', '<p>Fresh Products</p>\r\n'),
	(52, 55, 'Various Items', 'Various Items', '<p>Various Items</p>\r\n'),
	(53, 55, 'Personalized  Service', 'Personalized Service', '<p>Well Service</p>\r\n'),
	(54, 55, 'Fast Delivery', 'Fast Delivery', '<p>Fast Delivery</p>\r\n'),
	(55, NULL, 'Home', 'Home', 'details no need to edit. this is only for development reason'),
	(56, NULL, 'Social Network', 'Social Network', 'dont edit this , only for development'),
	(57, 56, 'facebook link', 'facebook link', 'https://www.facebook.com/Cakencookiee/'),
	(58, 56, 'twitter link', 'twitter link', 'https://www.twitter.com/Cakencookiee/'),
	(59, 56, 'instagram link', 'instagram  link', 'https://www.instagram.com/Cakencookiee/'),
	(60, 56, 'googleplus  link', 'googleplus  link', 'https://www.googleplus.com/Cakencookiee/'),
	(61, NULL, 'bkash mobile no', 'bkash mobile no', '<p>1111111111111</p>'),
	(62, NULL, 'Rocket mobile no', 'Rocket mobile no', '<p>1111111111111</p>'),
	(63, 32, 'best food', 'pizza_cb', '<p>&nbsp;slkdj f; sklajfd lk;sf klsja dflk;ewrtyu876543223456789765434567</p>\r\n');
/*!40000 ALTER TABLE `web_menu` ENABLE KEYS */;

-- Dumping structure for table burritobrothers_db.web_module
CREATE TABLE IF NOT EXISTS `web_module` (
  `id` int(11) NOT NULL AUTO_INCREMENT,
  `module_name` varchar(50) NOT NULL,
  `status` tinyint(1) NOT NULL DEFAULT 0 COMMENT '0:active, 1:inactive',
  PRIMARY KEY (`id`)
) ENGINE=InnoDB AUTO_INCREMENT=9 DEFAULT CHARSET=utf8;

-- Dumping data for table burritobrothers_db.web_module: ~8 rows (approximately)
/*!40000 ALTER TABLE `web_module` DISABLE KEYS */;
INSERT INTO `web_module` (`id`, `module_name`, `status`) VALUES
	(1, 'User', 0),
	(2, 'Report', 0),
	(3, 'Menu Items', 0),
	(4, 'Order', 0),
	(5, 'Customer', 0),
	(6, 'Control Panel', 0),
	(7, 'Expense', 0),
	(8, 'Settings', 0);
/*!40000 ALTER TABLE `web_module` ENABLE KEYS */;

-- Dumping structure for table burritobrothers_db.web_notice
CREATE TABLE IF NOT EXISTS `web_notice` (
  `id` int(11) NOT NULL AUTO_INCREMENT,
  `title` text NOT NULL,
  `details` text NOT NULL,
  `attachment` varchar(200) DEFAULT NULL,
  `banner_img` varchar(100) DEFAULT NULL,
  `expire_date` date DEFAULT NULL,
  `posted_by` varchar(20) NOT NULL,
  `status` tinyint(1) NOT NULL DEFAULT 1 COMMENT '1:Pending, 2:Approved, 3: Deleted',
  `remarks` varchar(50) DEFAULT NULL,
  `post_date` timestamp NULL DEFAULT current_timestamp(),
  `type` tinyint(1) NOT NULL DEFAULT 1 COMMENT '1 News, 2: Events',
  `is_pinned` tinyint(1) NOT NULL DEFAULT 0 COMMENT '0: Default, 1: Pinned_Post',
  PRIMARY KEY (`id`),
  KEY `FK1_poosted_by` (`posted_by`),
  CONSTRAINT `FK1_poosted_by` FOREIGN KEY (`posted_by`) REFERENCES `user_infos` (`emp_id`)
) ENGINE=InnoDB AUTO_INCREMENT=14 DEFAULT CHARSET=utf8;

-- Dumping data for table burritobrothers_db.web_notice: ~4 rows (approximately)
/*!40000 ALTER TABLE `web_notice` DISABLE KEYS */;
INSERT INTO `web_notice` (`id`, `title`, `details`, `attachment`, `banner_img`, `expire_date`, `posted_by`, `status`, `remarks`, `post_date`, `type`, `is_pinned`) VALUES
	(6, 'Notice Event', '<p>Up Coming</p>\r\n', 'Jellyfish.jpg,Penguins.jpg,Lighthouse.jpg', '', '2017-12-06', '1000001', 1, NULL, '2017-11-29 11:52:30', 2, 0),
	(7, 'Notice Test', '<p>Up Coming</p>\r\n', '', '', '0000-00-00', '1000001', 1, NULL, '2017-11-29 12:10:54', 1, 0),
	(12, 'Diagnosis Services', '<p>Popular Diagnostic Center, Thanthania Bogra.</p>\r\n\r\n<p>&nbsp;</p>\r\n', 'Untitled-1.jpg ', '', '2018-03-23', '1000001', 1, NULL, '2018-03-23 06:36:07', 2, 0),
	(13, 'new menu', '<p>sdfsa sdaf</p>\r\n', '', '', '2019-11-24', '1000001', 1, NULL, '2019-11-24 21:11:05', 1, 0);
/*!40000 ALTER TABLE `web_notice` ENABLE KEYS */;

/*!40101 SET SQL_MODE=IFNULL(@OLD_SQL_MODE, '') */;
/*!40014 SET FOREIGN_KEY_CHECKS=IF(@OLD_FOREIGN_KEY_CHECKS IS NULL, 1, @OLD_FOREIGN_KEY_CHECKS) */;
/*!40101 SET CHARACTER_SET_CLIENT=@OLD_CHARACTER_SET_CLIENT */;
